gene,T,processing_mean,decay_mean,phase,threshold,n_scenarios,n_valid,n_invalid,n_intron_lead,n_exon_lead,n_small,n_positive_without_tolerance,n_negative_without_tolerance,n_zero_without_tolerance,minimum_offset,maximum_offset,median_offset,fraction_intron_lead,fraction_exon_lead,fraction_small,fraction_positive_without_tolerance,fraction_negative_without_tolerance
Kr,0.01,0.01,0.01,rise,40,3,3,0,0,0,3,3,0,0,0.0081232820664475,0.0081790546728352,0.008176485769529,0.0,0.0,1.0,1.0,0.0
Kr,0.01,0.01,0.01,rise,50,3,3,0,0,0,3,3,0,0,0.0081814010917242,0.0082055610758636,0.0082034765000282,0.0,0.0,1.0,1.0,0.0
Kr,0.01,0.01,0.01,rise,60,3,3,0,0,0,3,3,0,0,0.0081802525870432,0.0082801788423206,0.0082272598780949,0.0,0.0,1.0,1.0,0.0
Kr,0.01,0.01,0.01,fall,40,3,3,0,0,0,3,3,0,0,0.0084301672324551,0.0085754398873133,0.0084686372490471,0.0,0.0,1.0,1.0,0.0
Kr,0.01,0.01,0.01,fall,50,3,3,0,0,0,3,3,0,0,0.0083428381536279,0.0085912414058937,0.0084422001344993,0.0,0.0,1.0,1.0,0.0
Kr,0.01,0.01,0.01,fall,60,3,3,0,0,0,3,3,0,0,0.008257408885549,0.0086177879562003,0.008420563552047,0.0,0.0,1.0,1.0,0.0
Kr,0.01,0.01,0.03,rise,40,3,3,0,3,0,0,3,0,0,0.0228207311083979,0.024373796325338,0.0240593264991315,1.0,0.0,0.0,1.0,0.0
Kr,0.01,0.01,0.03,rise,50,3,3,0,3,0,0,3,0,0,0.0236030739738032,0.0244820232783579,0.0243560278033245,1.0,0.0,0.0,1.0,0.0
Kr,0.01,0.01,0.03,rise,60,3,3,0,3,0,0,3,0,0,0.0243561836476104,0.0245981575631801,0.0245332807190112,1.0,0.0,0.0,1.0,0.0
Kr,0.01,0.01,0.03,fall,40,3,3,0,3,0,0,3,0,0,0.0262132753498961,0.0289487176504794,0.0272838673937869,1.0,0.0,0.0,1.0,0.0
Kr,0.01,0.01,0.03,fall,50,3,3,0,3,0,0,3,0,0,0.0252743789893196,0.0291966321635743,0.0269862082465205,1.0,0.0,0.0,1.0,0.0
Kr,0.01,0.01,0.03,fall,60,3,3,0,3,0,0,3,0,0,0.0243801900225103,0.0295799589393268,0.0267440357276518,1.0,0.0,0.0,1.0,0.0
Kr,0.01,0.01,0.1,rise,40,3,3,0,3,0,0,3,0,0,0.0592591368565302,0.0736589480234765,0.0690525202383423,1.0,0.0,0.0,1.0,0.0
Kr,0.01,0.01,0.1,rise,50,3,3,0,3,0,0,3,0,0,0.0637174841097458,0.0748450058158273,0.0715063659820164,1.0,0.0,0.0,1.0,0.0
Kr,0.01,0.01,0.1,rise,60,3,3,0,3,0,0,3,0,0,0.0684740684855085,0.0755165425507199,0.0736274050507944,1.0,0.0,0.0,1.0,0.0
Kr,0.01,0.01,0.1,fall,40,3,3,0,3,0,0,3,0,0,0.0885912120904809,0.1155583921850361,0.1016417574202366,1.0,0.0,0.0,1.0,0.0
Kr,0.01,0.01,0.1,fall,50,3,3,0,3,0,0,3,0,0,0.0807227915036831,0.1158951049482657,0.0982165430368798,1.0,0.0,0.0,1.0,0.0
Kr,0.01,0.01,0.1,fall,60,3,3,0,3,0,0,3,0,0,0.0744504670270378,0.1170901119525418,0.0955085118572219,1.0,0.0,0.0,1.0,0.0
Kr,0.01,0.01,0.3,rise,40,3,3,0,3,0,0,3,0,0,0.1064030747817069,0.1402407498114374,0.1273821618980495,1.0,0.0,0.0,1.0,0.0
Kr,0.01,0.01,0.3,rise,50,3,3,0,3,0,0,3,0,0,0.118777707246001,0.1439748241960767,0.1344980622653812,1.0,0.0,0.0,1.0,0.0
Kr,0.01,0.01,0.3,rise,60,3,3,0,3,0,0,3,0,0,0.133667301977606,0.1461163082955093,0.1410519383314151,1.0,0.0,0.0,1.0,0.0
Kr,0.01,0.01,0.3,fall,40,3,3,0,3,0,0,3,0,0,0.2809147249416619,0.3352576931217501,0.3031456776997755,1.0,0.0,0.0,1.0,0.0
Kr,0.01,0.01,0.3,fall,50,3,3,0,3,0,0,3,0,0,0.2301156398770928,0.315651840307103,0.2682856919152507,1.0,0.0,0.0,1.0,0.0
Kr,0.01,0.01,0.3,fall,60,3,3,0,3,0,0,3,0,0,0.191560574299006,0.303929966991702,0.2454254122139699,1.0,0.0,0.0,1.0,0.0
Kr,0.01,0.01,1.0,rise,40,3,3,0,3,0,0,3,0,0,0.1565164629155274,0.1940189695246432,0.1797822557080632,1.0,0.0,0.0,1.0,0.0
Kr,0.01,0.01,1.0,rise,50,3,3,0,3,0,0,3,0,0,0.1805290651409056,0.1999066368393649,0.19225025670301,1.0,0.0,0.0,1.0,0.0
Kr,0.01,0.01,1.0,rise,60,3,3,0,3,0,0,3,0,0,0.2031336807378304,0.2074290732625162,0.2042176241435641,1.0,0.0,0.0,1.0,0.0
Kr,0.01,0.01,1.0,fall,40,3,3,0,3,0,0,3,0,0,0.9525768863237348,1.0473136584415257,0.9983720422914664,1.0,0.0,0.0,1.0,0.0
Kr,0.01,0.01,1.0,fall,50,3,3,0,3,0,0,3,0,0,0.7455773135046387,0.8722043747022635,0.8073117598986218,1.0,0.0,0.0,1.0,0.0
Kr,0.01,0.01,1.0,fall,60,3,3,0,3,0,0,3,0,0,0.5793971351909837,0.7378990934541136,0.6570667786730717,1.0,0.0,0.0,1.0,0.0
Kr,0.01,0.01,3.0,rise,40,3,3,0,3,0,0,3,0,0,0.186619849345008,0.2177755948476424,0.2063758195146456,1.0,0.0,0.0,1.0,0.0
Kr,0.01,0.01,3.0,rise,50,3,3,0,3,0,0,3,0,0,0.2173753612729473,0.2246871792703796,0.2220566861503151,1.0,0.0,0.0,1.0,0.0
Kr,0.01,0.01,3.0,rise,60,3,3,0,3,0,0,3,0,0,0.2284732264872735,0.2511577593361195,0.2374399133237104,1.0,0.0,0.0,1.0,0.0
Kr,0.01,0.01,3.0,fall,40,3,3,0,3,0,0,3,0,0,2.810132869243523,2.9476471543482288,2.8784900779123173,1.0,0.0,0.0,1.0,0.0
Kr,0.01,0.01,3.0,fall,50,3,3,0,3,0,0,3,0,0,2.1568461094522045,2.3262507038578994,2.241142689236443,1.0,0.0,0.0,1.0,0.0
Kr,0.01,0.01,3.0,fall,60,3,3,0,3,0,0,3,0,0,1.626022796816252,1.8273022609143743,1.7262546078083951,1.0,0.0,0.0,1.0,0.0
Kr,0.01,0.03,0.01,rise,40,3,3,0,0,0,3,3,0,0,0.0060671387976868,0.0060913404164325,0.0060680409151347,0.0,0.0,1.0,1.0,0.0
Kr,0.01,0.03,0.01,rise,50,3,3,0,0,0,3,3,0,0,0.006066085848234,0.0061175341873485,0.0061073267396895,0.0,0.0,1.0,1.0,0.0
Kr,0.01,0.03,0.01,rise,60,3,3,0,0,0,3,3,0,0,0.0060593598837622,0.0061668659141017,0.0061203678381972,0.0,0.0,1.0,1.0,0.0
Kr,0.01,0.03,0.01,fall,40,3,3,0,0,0,3,3,0,0,0.0062539293662781,0.0062897598948455,0.0062637608973643,0.0,0.0,1.0,1.0,0.0
Kr,0.01,0.03,0.01,fall,50,3,3,0,0,0,3,3,0,0,0.0062020577636605,0.0062904916977538,0.006247716581889,0.0,0.0,1.0,1.0,0.0
Kr,0.01,0.03,0.01,fall,60,3,3,0,0,0,3,3,0,0,0.006153225145135,0.0062957139853957,0.0062347578972736,0.0,0.0,1.0,1.0,0.0
Kr,0.01,0.03,0.03,rise,40,3,3,0,3,0,0,3,0,0,0.0162264252801858,0.0172661172273802,0.0171075541467525,1.0,0.0,0.0,1.0,0.0
Kr,0.01,0.03,0.03,rise,50,3,3,0,3,0,0,3,0,0,0.0168505110183263,0.0173459964583148,0.0173286154733765,1.0,0.0,0.0,1.0,0.0
Kr,0.01,0.03,0.03,rise,60,3,3,0,3,0,0,3,0,0,0.0173398468163572,0.0175404244302947,0.0174703513844965,1.0,0.0,0.0,1.0,0.0
Kr,0.01,0.03,0.03,fall,40,3,3,0,3,0,0,3,0,0,0.0189056632203851,0.0206381431577098,0.0196919466169684,1.0,0.0,0.0,1.0,0.0
Kr,0.01,0.03,0.03,fall,50,3,3,0,3,0,0,3,0,0,0.0181609013897143,0.0207452383158543,0.0194513484929794,1.0,0.0,0.0,1.0,0.0
Kr,0.01,0.03,0.03,fall,60,3,3,0,3,0,0,3,0,0,0.0174760190496786,0.0209395629893961,0.0192563509674004,1.0,0.0,0.0,1.0,0.0
Kr,0.01,0.03,0.1,rise,40,3,3,0,3,0,0,3,0,0,0.0474744309447085,0.0604284643623169,0.0562378183032973,1.0,0.0,0.0,1.0,0.0
Kr,0.01,0.03,0.1,rise,50,3,3,0,3,0,0,3,0,0,0.0515204719991481,0.0615076120702937,0.0585273217621271,1.0,0.0,0.0,1.0,0.0
Kr,0.01,0.03,0.1,rise,60,3,3,0,3,0,0,3,0,0,0.0559235736468834,0.0620924968619526,0.0605172139915596,1.0,0.0,0.0,1.0,0.0
Kr,0.01,0.03,0.1,fall,40,3,3,0,3,0,0,3,0,0,0.0754774483447948,0.0996059164277098,0.0872314692406577,1.0,0.0,0.0,1.0,0.0
Kr,0.01,0.03,0.1,fall,50,3,3,0,3,0,0,3,0,0,0.0679215649295149,0.0996506778587845,0.0839266288659376,1.0,0.0,0.0,1.0,0.0
Kr,0.01,0.03,0.1,fall,60,3,3,0,3,0,0,3,0,0,0.0620876135759695,0.1004501396279941,0.0813247663707769,1.0,0.0,0.0,1.0,0.0
Kr,0.01,0.03,0.3,rise,40,3,3,0,3,0,0,3,0,0,0.0918091026079724,0.1239073460914282,0.1115115292991868,1.0,0.0,0.0,1.0,0.0
Kr,0.01,0.03,0.3,rise,50,3,3,0,3,0,0,3,0,0,0.1036215448872352,0.1275226522809161,0.1183923171548874,1.0,0.0,0.0,1.0,0.0
Kr,0.01,0.03,0.3,rise,60,3,3,0,3,0,0,3,0,0,0.1179352227250884,0.1295854911245048,0.1247569044960774,1.0,0.0,0.0,1.0,0.0
Kr,0.01,0.03,0.3,fall,40,3,3,0,3,0,0,3,0,0,0.2641083033681606,0.3154791857158173,0.2851173975598015,1.0,0.0,0.0,1.0,0.0
Kr,0.01,0.03,0.3,fall,50,3,3,0,3,0,0,3,0,0,0.2141855617723094,0.2955032415492798,0.2504883305251687,1.0,0.0,0.0,1.0,0.0
Kr,0.01,0.03,0.3,fall,60,3,3,0,3,0,0,3,0,0,0.1764281843727028,0.2833333221966828,0.2276975898769223,1.0,0.0,0.0,1.0,0.0
Kr,0.01,0.03,1.0,rise,40,3,3,0,3,0,0,3,0,0,0.1405527590620886,0.1763945499706453,0.16254556592102,1.0,0.0,0.0,1.0,0.0
Kr,0.01,0.03,1.0,rise,50,3,3,0,3,0,0,3,0,0,0.1638564608856447,0.1821712617725683,0.1747488201088413,1.0,0.0,0.0,1.0,0.0
Kr,0.01,0.03,1.0,rise,60,3,3,0,3,0,0,3,0,0,0.1853366927781095,0.1900625868387984,0.1865015175709057,1.0,0.0,0.0,1.0,0.0
Kr,0.01,0.03,1.0,fall,40,3,3,0,3,0,0,3,0,0,0.933866626200508,1.0256498611146547,0.9784152678074848,1.0,0.0,0.0,1.0,0.0
Kr,0.01,0.03,1.0,fall,50,3,3,0,3,0,0,3,0,0,0.7277530698634249,0.85029343039867,0.7876364400163497,1.0,0.0,0.0,1.0,0.0
Kr,0.01,0.03,1.0,fall,60,3,3,0,3,0,0,3,0,0,0.5624173733853005,0.7156101872354023,0.6376205618019027,1.0,0.0,0.0,1.0,0.0
Kr,0.01,0.03,3.0,rise,40,3,3,0,3,0,0,3,0,0,0.1701764868560218,0.1997449911357413,0.18869920823641,1.0,0.0,0.0,1.0,0.0
Kr,0.01,0.03,3.0,rise,50,3,3,0,3,0,0,3,0,0,0.200205482029691,0.2065470081868677,0.2041056253407431,1.0,0.0,0.0,1.0,0.0
Kr,0.01,0.03,3.0,rise,60,3,3,0,3,0,0,3,0,0,0.2102748204382811,0.2332879449445182,0.2192656462925539,1.0,0.0,0.0,1.0,0.0
Kr,0.01,0.03,3.0,fall,40,3,3,0,3,0,0,3,0,0,2.7908019566192177,2.925404896229158,2.857936356568674,1.0,0.0,0.0,1.0,0.0
Kr,0.01,0.03,3.0,fall,50,3,3,0,3,0,0,3,0,0,2.1384013402256823,2.3037613071191974,2.220870383594033,1.0,0.0,0.0,1.0,0.0
Kr,0.01,0.03,3.0,fall,60,3,3,0,3,0,0,3,0,0,1.6084224416134711,1.80443493058348,1.7062113988669314,1.0,0.0,0.0,1.0,0.0
Kr,0.01,0.1,0.01,rise,40,3,3,0,0,0,3,3,0,0,0.0047878852607826,0.0048141007067583,0.0048112277169207,0.0,0.0,1.0,1.0,0.0
Kr,0.01,0.1,0.01,rise,50,3,3,0,0,0,3,3,0,0,0.0047848417854909,0.0048369392791042,0.0048184962551673,0.0,0.0,1.0,1.0,0.0
Kr,0.01,0.1,0.01,rise,60,3,3,0,0,0,3,3,0,0,0.0047791879863283,0.0048613273869979,0.0048246091256102,0.0,0.0,1.0,1.0,0.0
Kr,0.01,0.1,0.01,fall,40,3,3,0,0,0,3,3,0,0,0.0048953876035158,0.0049404306138096,0.0048981392943107,0.0,0.0,1.0,1.0,0.0
Kr,0.01,0.1,0.01,fall,50,3,3,0,0,0,3,3,0,0,0.0048887331985851,0.0049046126159983,0.0048921679219769,0.0,0.0,1.0,1.0,0.0
Kr,0.01,0.1,0.01,fall,60,3,3,0,0,0,3,3,0,0,0.0048788522297829,0.0048903944359153,0.0048814103873736,0.0,0.0,1.0,1.0,0.0
Kr,0.01,0.1,0.03,rise,40,3,3,0,0,0,3,3,0,0,0.0097441142510563,0.0099249455478196,0.009824140242701,0.0,0.0,1.0,1.0,0.0
Kr,0.01,0.1,0.03,rise,50,3,3,0,2,0,1,3,0,0,0.0098244289789585,0.0100855166884926,0.0100482230083731,0.6666666666666666,0.0,0.3333333333333333,1.0,0.0
Kr,0.01,0.1,0.03,rise,60,3,3,0,2,0,1,3,0,0,0.0097902690833179,0.0104590283463469,0.0101519933262723,0.6666666666666666,0.0,0.3333333333333333,1.0,0.0
Kr,0.01,0.1,0.03,fall,40,3,3,0,3,0,0,3,0,0,0.0114655842929537,0.0117431102789504,0.0115597901743296,1.0,0.0,0.0,1.0,0.0
Kr,0.01,0.1,0.03,fall,50,3,3,0,3,0,0,3,0,0,0.0111340963635215,0.0115117505565331,0.0112951638785593,1.0,0.0,0.0,1.0,0.0
Kr,0.01,0.1,0.03,fall,60,3,3,0,3,0,0,3,0,0,0.0107025611721532,0.0114923835609374,0.0111649846301584,1.0,0.0,0.0,1.0,0.0
Kr,0.01,0.1,0.1,rise,40,3,3,0,3,0,0,3,0,0,0.0308591813734872,0.0365379709252894,0.0347957253039379,1.0,0.0,0.0,1.0,0.0
Kr,0.01,0.1,0.1,rise,50,3,3,0,3,0,0,3,0,0,0.0339325903035851,0.0371175639526732,0.0363583436037791,1.0,0.0,0.0,1.0,0.0
Kr,0.01,0.1,0.1,rise,60,3,3,0,3,0,0,3,0,0,0.0373192392597212,0.0377551881703479,0.0375987981552822,1.0,0.0,0.0,1.0,0.0
Kr,0.01,0.1,0.1,fall,40,3,3,0,3,0,0,3,0,0,0.0590578388370108,0.065299173670059,0.0601125477075523,1.0,0.0,0.0,1.0,0.0
Kr,0.01,0.1,0.1,fall,50,3,3,0,3,0,0,3,0,0,0.05032081168977,0.0641035146098422,0.0568633058447025,1.0,0.0,0.0,1.0,0.0
Kr,0.01,0.1,0.1,fall,60,3,3,0,3,0,0,3,0,0,0.0443943304915781,0.0634035478472756,0.0544553745440957,1.0,0.0,0.0,1.0,0.0
Kr,0.01,0.1,0.3,rise,40,3,3,0,3,0,0,3,0,0,0.066313495173137,0.0853823437577064,0.077734771585311,1.0,0.0,0.0,1.0,0.0
Kr,0.01,0.1,0.3,rise,50,3,3,0,3,0,0,3,0,0,0.0765199313102259,0.0880369956449341,0.0831912199443389,1.0,0.0,0.0,1.0,0.0
Kr,0.01,0.1,0.3,rise,60,3,3,0,3,0,0,3,0,0,0.0883533975751681,0.089425674830592,0.0888160674421718,1.0,0.0,0.0,1.0,0.0
Kr,0.01,0.1,0.3,fall,40,3,3,0,3,0,0,3,0,0,0.2357407991047637,0.259627430145701,0.2433696876868716,1.0,0.0,0.0,1.0,0.0
Kr,0.01,0.1,0.3,fall,50,3,3,0,3,0,0,3,0,0,0.1898451416645302,0.2363567676921577,0.2086925742454692,1.0,0.0,0.0,1.0,0.0
Kr,0.01,0.1,0.3,fall,60,3,3,0,3,0,0,3,0,0,0.1537440214372452,0.2214620911442307,0.1845594857938226,1.0,0.0,0.0,1.0,0.0
Kr,0.01,0.1,1.0,rise,40,3,3,0,3,0,0,3,0,0,0.1082654492794875,0.1300949798849226,0.1211271524783768,1.0,0.0,0.0,1.0,0.0
Kr,0.01,0.1,1.0,rise,50,3,3,0,3,0,0,3,0,0,0.1285800143547819,0.1348213922653297,0.1314751825199243,1.0,0.0,0.0,1.0,0.0
Kr,0.01,0.1,1.0,rise,60,3,3,0,3,0,0,3,0,0,0.1373427052434548,0.1513059976951778,0.141639370540872,1.0,0.0,0.0,1.0,0.0
Kr,0.01,0.1,1.0,fall,40,3,3,0,3,0,0,3,0,0,0.8887498063630477,0.9519663795568046,0.918602047076878,1.0,0.0,0.0,1.0,0.0
Kr,0.01,0.1,1.0,fall,50,3,3,0,3,0,0,3,0,0,0.689557450093844,0.7764954733131822,0.7309360147010706,1.0,0.0,0.0,1.0,0.0
Kr,0.01,0.1,1.0,fall,60,3,3,0,3,0,0,3,0,0,0.529505925969013,0.6408901141042854,0.5832893298923058,1.0,0.0,0.0,1.0,0.0
Kr,0.01,0.1,3.0,rise,40,3,3,0,3,0,0,3,0,0,0.1345897175266038,0.1507389383293886,0.1442516921434788,1.0,0.0,0.0,1.0,0.0
Kr,0.01,0.1,3.0,rise,50,3,3,0,3,0,0,3,0,0,0.1564808634563056,0.1611498665423368,0.1576210501654336,1.0,0.0,0.0,1.0,0.0
Kr,0.01,0.1,3.0,rise,60,3,3,0,3,0,0,3,0,0,0.1595915976495665,0.1903856929144466,0.1710230052126611,1.0,0.0,0.0,1.0,0.0
Kr,0.01,0.1,3.0,fall,40,3,3,0,3,0,0,3,0,0,2.7391300060371746,2.8443377492862587,2.7908577304536264,1.0,0.0,0.0,1.0,0.0
Kr,0.01,0.1,3.0,fall,50,3,3,0,3,0,0,3,0,0,2.093674891663845,2.2226012577786607,2.156925844823822,1.0,0.0,0.0,1.0,0.0
Kr,0.01,0.1,3.0,fall,60,3,3,0,3,0,0,3,0,0,1.569097391190323,1.7224560024920983,1.6447382592536963,1.0,0.0,0.0,1.0,0.0
Kr,0.01,0.3,0.01,rise,40,3,3,0,0,0,3,3,0,0,0.0043385820343769,0.0043659344177649,0.0043534027790542,0.0,0.0,1.0,1.0,0.0
Kr,0.01,0.3,0.01,rise,50,3,3,0,0,0,3,3,0,0,0.0043373096715144,0.0043791597174842,0.0043570651975611,0.0,0.0,1.0,1.0,0.0
Kr,0.01,0.3,0.01,rise,60,3,3,0,0,0,3,3,0,0,0.0043349161511336,0.0043817720863271,0.00436015331352,0.0,0.0,1.0,1.0,0.0
Kr,0.01,0.3,0.01,fall,40,3,3,0,0,0,3,3,0,0,0.0044056329757629,0.0044287567239928,0.0044115636304915,0.0,0.0,1.0,1.0,0.0
Kr,0.01,0.3,0.01,fall,50,3,3,0,0,0,3,3,0,0,0.0043986119727239,0.0044288650326993,0.00441134274008,0.0,0.0,1.0,1.0,0.0
Kr,0.01,0.3,0.01,fall,60,3,3,0,0,0,3,3,0,0,0.0043936716020401,0.0044289553290619,0.0044031913675542,0.0,0.0,1.0,1.0,0.0
Kr,0.01,0.3,0.03,rise,40,3,3,0,0,0,3,3,0,0,0.0062597878363699,0.0064737125894433,0.0063985322060898,0.0,0.0,1.0,1.0,0.0
Kr,0.01,0.3,0.03,rise,50,3,3,0,0,0,3,3,0,0,0.0062500726584066,0.0066553582354059,0.0064474450949192,0.0,0.0,1.0,1.0,0.0
Kr,0.01,0.3,0.03,rise,60,3,3,0,0,0,3,3,0,0,0.0062272816588274,0.0067844939771267,0.0064900319586603,0.0,0.0,1.0,1.0,0.0
Kr,0.01,0.3,0.03,fall,40,3,3,0,0,0,3,3,0,0,0.0072306572037057,0.0075245282425653,0.0073472011224509,0.0,0.0,1.0,1.0,0.0
Kr,0.01,0.3,0.03,fall,50,3,3,0,0,0,3,3,0,0,0.0071009678483956,0.0075149469104629,0.0072966104899423,0.0,0.0,1.0,1.0,0.0
Kr,0.01,0.3,0.03,fall,60,3,3,0,0,0,3,3,0,0,0.007026045605044,0.0074684596351086,0.0071292506356879,0.0,0.0,1.0,1.0,0.0
Kr,0.01,0.3,0.1,rise,40,3,3,0,3,0,0,3,0,0,0.0183294227659837,0.0189250046076706,0.0186993575539438,1.0,0.0,0.0,1.0,0.0
Kr,0.01,0.3,0.1,rise,50,3,3,0,3,0,0,3,0,0,0.0184378792236734,0.0209790564361219,0.0197155385636937,1.0,0.0,0.0,1.0,0.0
Kr,0.01,0.3,0.1,rise,60,3,3,0,3,0,0,3,0,0,0.0183600016342065,0.0231194269531433,0.0204416218187256,1.0,0.0,0.0,1.0,0.0
Kr,0.01,0.3,0.1,fall,40,3,3,0,3,0,0,3,0,0,0.0394110410636112,0.0428770916979355,0.0413516178262212,1.0,0.0,0.0,1.0,0.0
Kr,0.01,0.3,0.1,fall,50,3,3,0,3,0,0,3,0,0,0.036079619768903,0.039949457208354,0.0381192239883283,1.0,0.0,0.0,1.0,0.0
Kr,0.01,0.3,0.1,fall,60,3,3,0,3,0,0,3,0,0,0.0340989333936758,0.0361582033311254,0.0341381707291146,1.0,0.0,0.0,1.0,0.0
Kr,0.01,0.3,0.3,rise,40,3,3,0,3,0,0,3,0,0,0.0438053713472798,0.0454339869171467,0.045358086750006,1.0,0.0,0.0,1.0,0.0
Kr,0.01,0.3,0.3,rise,50,3,3,0,3,0,0,3,0,0,0.0465244555441012,0.0517709433778273,0.0487381598281966,1.0,0.0,0.0,1.0,0.0
Kr,0.01,0.3,0.3,rise,60,3,3,0,3,0,0,3,0,0,0.0468880085863904,0.0595805839760058,0.0520272291820201,1.0,0.0,0.0,1.0,0.0
Kr,0.01,0.3,0.3,fall,40,3,3,0,3,0,0,3,0,0,0.2132997405068368,0.2152072269837384,0.214154295554044,1.0,0.0,0.0,1.0,0.0
Kr,0.01,0.3,0.3,fall,50,3,3,0,3,0,0,3,0,0,0.182664131341625,0.1842206163953719,0.1830795148542163,1.0,0.0,0.0,1.0,0.0
Kr,0.01,0.3,0.3,fall,60,3,3,0,3,0,0,3,0,0,0.1526286359379962,0.158758056501294,0.155005525345895,1.0,0.0,0.0,1.0,0.0
Kr,0.01,0.3,1.0,rise,40,3,3,0,3,0,0,3,0,0,0.0739716309273941,0.0745885165460487,0.0742920482578442,1.0,0.0,0.0,1.0,0.0
Kr,0.01,0.3,1.0,rise,50,3,3,0,3,0,0,3,0,0,0.076507346350871,0.0895371598754582,0.0816085705571071,1.0,0.0,0.0,1.0,0.0
Kr,0.01,0.3,1.0,rise,60,3,3,0,3,0,0,3,0,0,0.0777047453267011,0.1048799299112366,0.088710287207092,1.0,0.0,0.0,1.0,0.0
Kr,0.01,0.3,1.0,fall,40,3,3,0,3,0,0,3,0,0,0.8468340295462415,0.8688312817393435,0.8602800818981025,1.0,0.0,0.0,1.0,0.0
Kr,0.01,0.3,1.0,fall,50,3,3,0,3,0,0,3,0,0,0.681251888233017,0.705005518458533,0.6953049534457503,1.0,0.0,0.0,1.0,0.0
Kr,0.01,0.3,1.0,fall,60,3,3,0,3,0,0,3,0,0,0.5405380260657524,0.5709081255418509,0.5557254329889204,1.0,0.0,0.0,1.0,0.0
Kr,0.01,0.3,3.0,rise,40,3,3,0,3,0,0,3,0,0,0.0879423749002207,0.0931251926315309,0.0906029482704399,1.0,0.0,0.0,1.0,0.0
Kr,0.01,0.3,3.0,rise,50,3,3,0,3,0,0,3,0,0,0.0912927188978793,0.113022310498785,0.0999233393720184,1.0,0.0,0.0,1.0,0.0
Kr,0.01,0.3,3.0,rise,60,3,3,0,3,0,0,3,0,0,0.0930158727459259,0.1333457012781837,0.1095445127968891,1.0,0.0,0.0,1.0,0.0
Kr,0.01,0.3,3.0,fall,40,3,3,0,3,0,0,3,0,0,2.6630977616662723,2.715717529450618,2.6917746912329124,1.0,0.0,0.0,1.0,0.0
Kr,0.01,0.3,3.0,fall,50,3,3,0,3,0,0,3,0,0,2.060470313466438,2.113810209955416,2.0891638754385937,1.0,0.0,0.0,1.0,0.0
Kr,0.01,0.3,3.0,fall,60,3,3,0,3,0,0,3,0,0,1.567528058103335,1.6260511508860676,1.5965345016442627,1.0,0.0,0.0,1.0,0.0
Kr,0.01,1.0,0.01,rise,40,3,3,0,0,0,3,3,0,0,0.0041743496785006,0.0041918537286524,0.0041817176464459,0.0,0.0,1.0,1.0,0.0
Kr,0.01,1.0,0.01,rise,50,3,3,0,0,0,3,3,0,0,0.0041743837059564,0.0041923558762415,0.0041840287153168,0.0,0.0,1.0,1.0,0.0
Kr,0.01,1.0,0.01,rise,60,3,3,0,0,0,3,3,0,0,0.0041739897699986,0.0041928654012782,0.0041861952975253,0.0,0.0,1.0,1.0,0.0
Kr,0.01,1.0,0.01,fall,40,3,3,0,0,0,3,3,0,0,0.0042129815301159,0.0042459226391495,0.0042216279221416,0.0,0.0,1.0,1.0,0.0
Kr,0.01,1.0,0.01,fall,50,3,3,0,0,0,3,3,0,0,0.0042130121060888,0.0042459579442013,0.0042216597394046,0.0,0.0,1.0,1.0,0.0
Kr,0.01,1.0,0.01,fall,60,3,3,0,0,0,3,3,0,0,0.0042130806125928,0.0042460370463668,0.0042217310270606,0.0,0.0,1.0,1.0,0.0
Kr,0.01,1.0,0.03,rise,40,3,3,0,0,0,3,3,0,0,0.0048015103111307,0.0049267689197269,0.004857788030107,0.0,0.0,1.0,1.0,0.0
Kr,0.01,1.0,0.03,rise,50,3,3,0,0,0,3,3,0,0,0.0048009075184272,0.0049492318205356,0.0048757554623726,0.0,0.0,1.0,1.0,0.0
Kr,0.01,1.0,0.03,rise,60,3,3,0,0,0,3,3,0,0,0.0047971302073738,0.0049585936550086,0.0048920763727416,0.0,0.0,1.0,1.0,0.0
Kr,0.01,1.0,0.03,fall,40,3,3,0,0,0,3,3,0,0,0.0051506329914885,0.0054355620953714,0.005226752476853,0.0,0.0,1.0,1.0,0.0
Kr,0.01,1.0,0.03,fall,50,3,3,0,0,0,3,3,0,0,0.0051506546146182,0.0054355539068156,0.0052267850292331,0.0,0.0,1.0,1.0,0.0
Kr,0.01,1.0,0.03,fall,60,3,3,0,0,0,3,3,0,0,0.0051507023461496,0.0054356938969006,0.0052268577576963,0.0,0.0,1.0,1.0,0.0
Kr,0.01,1.0,0.1,rise,40,3,3,0,1,0,2,3,0,0,0.0090926293220201,0.0103562684571495,0.0097383435238703,0.3333333333333333,0.0,0.6666666666666666,1.0,0.0
Kr,0.01,1.0,0.1,rise,50,3,3,0,2,0,1,3,0,0,0.0091205829108415,0.0110933115466446,0.010066988342854,0.6666666666666666,0.0,0.3333333333333333,1.0,0.0
Kr,0.01,1.0,0.1,rise,60,3,3,0,2,0,1,3,0,0,0.009091816275677,0.0116511020551467,0.0103806545438767,0.6666666666666666,0.0,0.3333333333333333,1.0,0.0
Kr,0.01,1.0,0.1,fall,40,3,3,0,3,0,0,3,0,0,0.0194938900649148,0.0240326846830627,0.0211599690565782,1.0,0.0,0.0,1.0,0.0
Kr,0.01,1.0,0.1,fall,50,3,3,0,3,0,0,3,0,0,0.0194723386904061,0.0240083670117385,0.0211387644976384,1.0,0.0,0.0,1.0,0.0
Kr,0.01,1.0,0.1,fall,60,3,3,0,3,0,0,3,0,0,0.0193691809938691,0.0238913076071392,0.0210366604743783,1.0,0.0,0.0,1.0,0.0
Kr,0.01,1.0,0.3,rise,40,3,3,0,3,0,0,3,0,0,0.0200203457116903,0.0239952456752695,0.0220076043717911,1.0,0.0,0.0,1.0,0.0
Kr,0.01,1.0,0.3,rise,50,3,3,0,3,0,0,3,0,0,0.0204037802225866,0.0275892460891488,0.0236740959171756,1.0,0.0,0.0,1.0,0.0
Kr,0.01,1.0,0.3,rise,60,3,3,0,3,0,0,3,0,0,0.0205176622541533,0.0309192926995013,0.0253612997726591,1.0,0.0,0.0,1.0,0.0
Kr,0.01,1.0,0.3,fall,40,3,3,0,3,0,0,3,0,0,0.1565696311775291,0.174975299315186,0.1648504518941567,1.0,0.0,0.0,1.0,0.0
Kr,0.01,1.0,0.3,fall,50,3,3,0,3,0,0,3,0,0,0.1482546484848843,0.1655936960089568,0.1560760032472217,1.0,0.0,0.0,1.0,0.0
Kr,0.01,1.0,0.3,fall,60,3,3,0,3,0,0,3,0,0,0.136745979094387,0.1525051358934386,0.1438898234672598,1.0,0.0,0.0,1.0,0.0
Kr,0.01,1.0,1.0,rise,40,3,3,0,3,0,0,3,0,0,0.0326954355382843,0.0409086556941467,0.0365179169429063,1.0,0.0,0.0,1.0,0.0
Kr,0.01,1.0,1.0,rise,50,3,3,0,3,0,0,3,0,0,0.0337698662437956,0.0485836368920625,0.0402036616327018,1.0,0.0,0.0,1.0,0.0
Kr,0.01,1.0,1.0,rise,60,3,3,0,3,0,0,3,0,0,0.0343127018052512,0.0562232528011781,0.0440830955815259,1.0,0.0,0.0,1.0,0.0
Kr,0.01,1.0,1.0,fall,40,3,3,0,3,0,0,3,0,0,0.848577718369987,0.8772767203446181,0.8623214966481005,1.0,0.0,0.0,1.0,0.0
Kr,0.01,1.0,1.0,fall,50,3,3,0,3,0,0,3,0,0,0.7350540780962491,0.7607931843318811,0.7473467664988063,1.0,0.0,0.0,1.0,0.0
Kr,0.01,1.0,1.0,fall,60,3,3,0,3,0,0,3,0,0,0.6246504328331779,0.6467087530518607,0.6351469357384201,1.0,0.0,0.0,1.0,0.0
Kr,0.01,1.0,3.0,rise,40,3,3,0,3,0,0,3,0,0,0.0390926774101408,0.0507650395829954,0.0443574020548143,1.0,0.0,0.0,1.0,0.0
Kr,0.01,1.0,3.0,rise,50,3,3,0,3,0,0,3,0,0,0.0405946454081463,0.0609761723601937,0.0492774744098937,1.0,0.0,0.0,1.0,0.0
Kr,0.01,1.0,3.0,rise,60,3,3,0,3,0,0,3,0,0,0.041440533224402,0.0714143012348821,0.0545497860556652,1.0,0.0,0.0,1.0,0.0
Kr,0.01,1.0,3.0,fall,40,3,3,0,3,0,0,3,0,0,2.6966663513829743,2.724130122137476,2.7096907419620697,1.0,0.0,0.0,1.0,0.0
Kr,0.01,1.0,3.0,fall,50,3,3,0,3,0,0,3,0,0,2.2066941134244478,2.23246276529473,2.2188549797874315,1.0,0.0,0.0,1.0,0.0
Kr,0.01,1.0,3.0,fall,60,3,3,0,3,0,0,3,0,0,1.7836672678046628,1.8069362588004376,1.7945573075841077,1.0,0.0,0.0,1.0,0.0
Kr,0.01,3.0,0.01,rise,40,3,3,0,0,0,3,3,0,0,0.0041272447508655,0.0041380329219022,0.0041318500925309,0.0,0.0,1.0,1.0,0.0
Kr,0.01,3.0,0.01,rise,50,3,3,0,0,0,3,3,0,0,0.0041278160541824,0.004138765159932,0.0041340255336961,0.0,0.0,1.0,1.0,0.0
Kr,0.01,3.0,0.01,rise,60,3,3,0,0,0,3,3,0,0,0.0041281324031953,0.0041395777913289,0.0041360073841953,0.0,0.0,1.0,1.0,0.0
Kr,0.01,3.0,0.01,fall,40,3,3,0,0,0,3,3,0,0,0.0041655646698832,0.0042160414197653,0.0041790822934584,0.0,0.0,1.0,1.0,0.0
Kr,0.01,3.0,0.01,fall,50,3,3,0,0,0,3,3,0,0,0.0041655332516703,0.0042160035703115,0.0041791080028033,0.0,0.0,1.0,1.0,0.0
Kr,0.01,3.0,0.01,fall,60,3,3,0,0,0,3,3,0,0,0.0041655313022763,0.0042160128030239,0.0041791058935478,0.0,0.0,1.0,1.0,0.0
Kr,0.01,3.0,0.03,rise,40,3,3,0,0,0,3,3,0,0,0.0043475941966574,0.0043928185547619,0.0043674458366572,0.0,0.0,1.0,1.0,0.0
Kr,0.01,3.0,0.03,rise,50,3,3,0,0,0,3,3,0,0,0.0043489148525945,0.0043979649268657,0.0043756016744284,0.0,0.0,1.0,1.0,0.0
Kr,0.01,3.0,0.03,rise,60,3,3,0,0,0,3,3,0,0,0.0043492200112607,0.0044016008798153,0.0043832207251567,0.0,0.0,1.0,1.0,0.0
Kr,0.01,3.0,0.03,fall,40,3,3,0,0,0,3,3,0,0,0.0045245770183957,0.0047848327038648,0.0045871096620224,0.0,0.0,1.0,1.0,0.0
Kr,0.01,3.0,0.03,fall,50,3,3,0,0,0,3,3,0,0,0.0045245444453909,0.0047848735348732,0.0045870978599986,0.0,0.0,1.0,1.0,0.0
Kr,0.01,3.0,0.03,fall,60,3,3,0,0,0,3,3,0,0,0.0045245500445818,0.0047848760683066,0.004587090946063,0.0,0.0,1.0,1.0,0.0
Kr,0.01,3.0,0.1,rise,40,3,3,0,0,0,3,3,0,0,0.0059312214119641,0.006521734932301,0.0062178577904602,0.0,0.0,1.0,1.0,0.0
Kr,0.01,3.0,0.1,rise,50,3,3,0,0,0,3,3,0,0,0.0059513125452963,0.0067618229960542,0.0063548693974701,0.0,0.0,1.0,1.0,0.0
Kr,0.01,3.0,0.1,rise,60,3,3,0,0,0,3,3,0,0,0.0059536710498092,0.0069474705328257,0.0064902936950427,0.0,0.0,1.0,1.0,0.0
Kr,0.01,3.0,0.1,fall,40,3,3,0,3,0,0,3,0,0,0.0114836356450274,0.0168256967272988,0.0132542030101054,1.0,0.0,0.0,1.0,0.0
Kr,0.01,3.0,0.1,fall,50,3,3,0,3,0,0,3,0,0,0.0114835971842941,0.0168257297857183,0.0132542394914394,1.0,0.0,0.0,1.0,0.0
Kr,0.01,3.0,0.1,fall,60,3,3,0,3,0,0,3,0,0,0.0114836012714034,0.0168257282769186,0.0132542340417316,1.0,0.0,0.0,1.0,0.0
Kr,0.01,3.0,0.3,rise,40,3,3,0,3,0,0,3,0,0,0.0101849337668262,0.012668625980217,0.0113761305987553,1.0,0.0,0.0,1.0,0.0
Kr,0.01,3.0,0.3,rise,50,3,3,0,3,0,0,3,0,0,0.0103596230898713,0.0141719858048605,0.0121299580897263,1.0,0.0,0.0,1.0,0.0
Kr,0.01,3.0,0.3,rise,60,3,3,0,3,0,0,3,0,0,0.01044097455743,0.0156005981840867,0.0129205731054389,1.0,0.0,0.0,1.0,0.0
Kr,0.01,3.0,0.3,fall,40,3,3,0,3,0,0,3,0,0,0.103072088226908,0.1336495836499138,0.1161813253648076,1.0,0.0,0.0,1.0,0.0
Kr,0.01,3.0,0.3,fall,50,3,3,0,3,0,0,3,0,0,0.1029625362032389,0.1335096692434345,0.1160581706858674,1.0,0.0,0.0,1.0,0.0
Kr,0.01,3.0,0.3,fall,60,3,3,0,3,0,0,3,0,0,0.1024351311045252,0.1328356107403028,0.1154649982809736,1.0,0.0,0.0,1.0,0.0
Kr,0.01,3.0,1.0,rise,40,3,3,0,3,0,0,3,0,0,0.0152862814643094,0.0206049860867356,0.0177112312722452,1.0,0.0,0.0,1.0,0.0
Kr,0.01,3.0,1.0,rise,50,3,3,0,3,0,0,3,0,0,0.015764871779781,0.0240734252902006,0.0194182808055545,1.0,0.0,0.0,1.0,0.0
Kr,0.01,3.0,1.0,rise,60,3,3,0,3,0,0,3,0,0,0.0160524735819705,0.0276294561767573,0.0212745257553271,1.0,0.0,0.0,1.0,0.0
Kr,0.01,3.0,1.0,fall,40,3,3,0,3,0,0,3,0,0,0.7962808500397278,0.8665393447297545,0.8295254437200805,1.0,0.0,0.0,1.0,0.0
Kr,0.01,3.0,1.0,fall,50,3,3,0,3,0,0,3,0,0,0.7525957476723555,0.8211591275246648,0.78497681069461,1.0,0.0,0.0,1.0,0.0
Kr,0.01,3.0,1.0,fall,60,3,3,0,3,0,0,3,0,0,0.6942120387859179,0.7602757223006633,0.7253222072478356,1.0,0.0,0.0,1.0,0.0
Kr,0.01,3.0,3.0,rise,40,3,3,0,3,0,0,3,0,0,0.0178554602219063,0.0250302909131757,0.0210485016948084,1.0,0.0,0.0,1.0,0.0
Kr,0.01,3.0,3.0,rise,50,3,3,0,3,0,0,3,0,0,0.0185207158361853,0.0296719967294638,0.0233108051719961,1.0,0.0,0.0,1.0,0.0
Kr,0.01,3.0,3.0,rise,60,3,3,0,3,0,0,3,0,0,0.0189483864354272,0.0345526848272053,0.0258070061628152,1.0,0.0,0.0,1.0,0.0
Kr,0.01,3.0,3.0,fall,40,3,3,0,3,0,0,3,0,0,2.91843233665404,3.007892356304639,2.9618760795075776,1.0,0.0,0.0,1.0,0.0
Kr,0.01,3.0,3.0,fall,50,3,3,0,3,0,0,3,0,0,2.5603098956548727,2.647589353479355,2.60260348801156,1.0,0.0,0.0,1.0,0.0
Kr,0.01,3.0,3.0,fall,60,3,3,0,3,0,0,3,0,0,2.207076225476692,2.291562887246512,2.247898344417388,1.0,0.0,0.0,1.0,0.0
Kr,0.03,0.01,0.01,rise,40,3,3,0,3,0,0,3,0,0,0.0128045695775393,0.0129145249229477,0.0128892174094001,1.0,0.0,0.0,1.0,0.0
Kr,0.03,0.01,0.01,rise,50,3,3,0,3,0,0,3,0,0,0.0127881966346733,0.0129948665127695,0.0129482582970557,1.0,0.0,0.0,1.0,0.0
Kr,0.03,0.01,0.01,rise,60,3,3,0,3,0,0,3,0,0,0.012759012077378,0.0130965032098916,0.0129758000967851,1.0,0.0,0.0,1.0,0.0
Kr,0.03,0.01,0.01,fall,40,3,3,0,3,0,0,3,0,0,0.0132813807915683,0.0133647438509491,0.0132981224214483,1.0,0.0,0.0,1.0,0.0
Kr,0.03,0.01,0.01,fall,50,3,3,0,3,0,0,3,0,0,0.0131946872660868,0.0133741965277839,0.0132476027659382,1.0,0.0,0.0,1.0,0.0
Kr,0.03,0.01,0.01,fall,60,3,3,0,3,0,0,3,0,0,0.0130957160482968,0.0133949129192644,0.013220150451454,1.0,0.0,0.0,1.0,0.0
Kr,0.03,0.01,0.03,rise,40,3,3,0,3,0,0,3,0,0,0.0283924798899206,0.0298335373984779,0.0296076752494993,1.0,0.0,0.0,1.0,0.0
Kr,0.03,0.01,0.03,rise,50,3,3,0,3,0,0,3,0,0,0.0292047655179445,0.0299250640371443,0.0299131478393337,1.0,0.0,0.0,1.0,0.0
Kr,0.03,0.01,0.03,rise,60,3,3,0,3,0,0,3,0,0,0.0299535595490844,0.0301623376992044,0.0299871182261258,1.0,0.0,0.0,1.0,0.0
Kr,0.03,0.01,0.03,fall,40,3,3,0,3,0,0,3,0,0,0.031911293134705,0.0345807521131086,0.0329264208783894,1.0,0.0,0.0,1.0,0.0
Kr,0.03,0.01,0.03,fall,50,3,3,0,3,0,0,3,0,0,0.0309484138854312,0.0348248747306652,0.0326198413080403,1.0,0.0,0.0,1.0,0.0
Kr,0.03,0.01,0.03,fall,60,3,3,0,3,0,0,3,0,0,0.0300337831044289,0.0352058540590471,0.0323704553838547,1.0,0.0,0.0,1.0,0.0
Kr,0.03,0.01,0.1,rise,40,3,3,0,3,0,0,3,0,0,0.0653065791661486,0.0796028600241405,0.0750637049947832,1.0,0.0,0.0,1.0,0.0
Kr,0.03,0.01,0.1,rise,50,3,3,0,3,0,0,3,0,0,0.0698008236270942,0.0807788901304681,0.0775287541663861,1.0,0.0,0.0,1.0,0.0
Kr,0.03,0.01,0.1,rise,60,3,3,0,3,0,0,3,0,0,0.0745959525458658,0.0814353716042611,0.0796588354104349,1.0,0.0,0.0,1.0,0.0
Kr,0.03,0.01,0.1,fall,40,3,3,0,3,0,0,3,0,0,0.0948767763989677,0.121682455016019,0.1077883127360124,1.0,0.0,0.0,1.0,0.0
Kr,0.03,0.01,0.1,fall,50,3,3,0,3,0,0,3,0,0,0.0869471593546674,0.122011480004442,0.1043470735933197,1.0,0.0,0.0,1.0,0.0
Kr,0.03,0.01,0.1,fall,60,3,3,0,3,0,0,3,0,0,0.0806349016636281,0.1232006811498219,0.1016273219405868,1.0,0.0,0.0,1.0,0.0
Kr,0.03,0.01,0.3,rise,40,3,3,0,3,0,0,3,0,0,0.1126625653976334,0.1463657489925761,0.1335633011735477,1.0,0.0,0.0,1.0,0.0
Kr,0.03,0.01,0.3,rise,50,3,3,0,3,0,0,3,0,0,0.1250669640225468,0.1500964124511716,0.1406902396455734,1.0,0.0,0.0,1.0,0.0
Kr,0.03,0.01,0.3,rise,60,3,3,0,3,0,0,3,0,0,0.1399367249188881,0.1522318391833668,0.1472537610675934,1.0,0.0,0.0,1.0,0.0
Kr,0.03,0.01,0.3,fall,40,3,3,0,3,0,0,3,0,0,0.2873726281096136,0.341602416983672,0.3095220391967224,1.0,0.0,0.0,1.0,0.0
Kr,0.03,0.01,0.3,fall,50,3,3,0,3,0,0,3,0,0,0.2365916727670218,0.3219704685116632,0.2746679253083942,1.0,0.0,0.0,1.0,0.0
Kr,0.03,0.01,0.3,fall,60,3,3,0,3,0,0,3,0,0,0.1980543223088915,0.3102246131251481,0.2517887149924002,1.0,0.0,0.0,1.0,0.0
Kr,0.03,0.01,1.0,rise,40,3,3,0,3,0,0,3,0,0,0.1628524547633983,0.2002452081665292,0.186045458354625,1.0,0.0,0.0,1.0,0.0
Kr,0.03,0.01,1.0,rise,50,3,3,0,3,0,0,3,0,0,0.1868489765117675,0.2061371674721873,0.1985256922269903,1.0,0.0,0.0,1.0,0.0
Kr,0.03,0.01,1.0,rise,60,3,3,0,3,0,0,3,0,0,0.2093678477609755,0.2137337247423203,0.2105042787386395,1.0,0.0,0.0,1.0,0.0
Kr,0.03,0.01,1.0,fall,40,3,3,0,3,0,0,3,0,0,0.959244565770415,1.053736216459088,1.0048606949575247,1.0,0.0,0.0,1.0,0.0
Kr,0.03,0.01,1.0,fall,50,3,3,0,3,0,0,3,0,0,0.7522630887451507,0.8786275407262963,0.8138062349303276,1.0,0.0,0.0,1.0,0.0
Kr,0.03,0.01,1.0,fall,60,3,3,0,3,0,0,3,0,0,0.5861006266205477,0.7443213673066604,0.6635660715121037,1.0,0.0,0.0,1.0,0.0
Kr,0.03,0.01,3.0,rise,40,3,3,0,3,0,0,3,0,0,0.1929715289189918,0.2240537212560105,0.2126746913407891,1.0,0.0,0.0,1.0,0.0
Kr,0.03,0.01,3.0,rise,50,3,3,0,3,0,0,3,0,0,0.2237140098480065,0.2309747042518039,0.2283694853282499,1.0,0.0,0.0,1.0,0.0
Kr,0.03,0.01,3.0,rise,60,3,3,0,3,0,0,3,0,0,0.2347702530939758,0.2574843627671345,0.2437663838341482,1.0,0.0,0.0,1.0,0.0
Kr,0.03,0.01,3.0,fall,40,3,3,0,3,0,0,3,0,0,2.817079460989561,2.954174191754941,2.885131584052578,1.0,0.0,0.0,1.0,0.0
Kr,0.03,0.01,3.0,fall,50,3,3,0,3,0,0,3,0,0,2.163810885160274,2.33277835762383,2.2477900354651283,1.0,0.0,0.0,1.0,0.0
Kr,0.03,0.01,3.0,fall,60,3,3,0,3,0,0,3,0,0,1.6330052314051955,1.8338290494665563,1.7329067774195122,1.0,0.0,0.0,1.0,0.0
Kr,0.03,0.03,0.01,rise,40,3,3,0,3,0,0,3,0,0,0.0118857797451997,0.0120000988765031,0.0119932180625426,1.0,0.0,0.0,1.0,0.0
Kr,0.03,0.03,0.01,rise,50,3,3,0,3,0,0,3,0,0,0.0118675839676808,0.012071276475669,0.0120150187537771,1.0,0.0,0.0,1.0,0.0
Kr,0.03,0.03,0.01,rise,60,3,3,0,3,0,0,3,0,0,0.0118394925798014,0.0121407338568627,0.0120327464243827,1.0,0.0,0.0,1.0,0.0
Kr,0.03,0.03,0.01,fall,40,3,3,0,3,0,0,3,0,0,0.012228707485231,0.0122744808019763,0.0122381787982089,1.0,0.0,0.0,1.0,0.0
Kr,0.03,0.03,0.01,fall,50,3,3,0,3,0,0,3,0,0,0.0122068513350279,0.012235089150372,0.0122088771124888,1.0,0.0,0.0,1.0,0.0
Kr,0.03,0.03,0.01,fall,60,3,3,0,3,0,0,3,0,0,0.0121485145827326,0.0122370564709423,0.012189125511383,1.0,0.0,0.0,1.0,0.0
Kr,0.03,0.03,0.03,rise,40,3,3,0,3,0,0,3,0,0,0.0225777718875637,0.023500367979969,0.0234158509866992,1.0,0.0,0.0,1.0,0.0
Kr,0.03,0.03,0.03,rise,50,3,3,0,3,0,0,3,0,0,0.023215939002085,0.0236573421474246,0.0235487007208566,1.0,0.0,0.0,1.0,0.0
Kr,0.03,0.03,0.03,rise,60,3,3,0,3,0,0,3,0,0,0.0235420494983102,0.0238543642036854,0.0238491602608076,1.0,0.0,0.0,1.0,0.0
Kr,0.03,0.03,0.03,fall,40,3,3,0,3,0,0,3,0,0,0.0253162114344195,0.0269536964335248,0.0260336988504971,1.0,0.0,0.0,1.0,0.0
Kr,0.03,0.03,0.03,fall,50,3,3,0,3,0,0,3,0,0,0.024564356674696,0.0270559812508813,0.0257899164309227,1.0,0.0,0.0,1.0,0.0
Kr,0.03,0.03,0.03,fall,60,3,3,0,3,0,0,3,0,0,0.0238742890290112,0.0272453227937861,0.0255924204788297,1.0,0.0,0.0,1.0,0.0
Kr,0.03,0.03,0.1,rise,40,3,3,0,3,0,0,3,0,0,0.0542835164061116,0.0671352344061972,0.0630003801646008,1.0,0.0,0.0,1.0,0.0
Kr,0.03,0.03,0.1,rise,50,3,3,0,3,0,0,3,0,0,0.0583520501593469,0.0682060518913964,0.0652959485303354,1.0,0.0,0.0,1.0,0.0
Kr,0.03,0.03,0.1,rise,60,3,3,0,3,0,0,3,0,0,0.0627791117770279,0.0687794828859704,0.0672909021117491,1.0,0.0,0.0,1.0,0.0
Kr,0.03,0.03,0.1,fall,40,3,3,0,3,0,0,3,0,0,0.0824329752321036,0.1064155564445198,0.0940671068938205,1.0,0.0,0.0,1.0,0.0
Kr,0.03,0.03,0.1,fall,50,3,3,0,3,0,0,3,0,0,0.0748470059105846,0.1064549625403674,0.090753814045728,1.0,0.0,0.0,1.0,0.0
Kr,0.03,0.03,0.1,fall,60,3,3,0,3,0,0,3,0,0,0.0689892387177288,0.1072497905276234,0.0881455172272572,1.0,0.0,0.0,1.0,0.0
Kr,0.03,0.03,0.3,rise,40,3,3,0,3,0,0,3,0,0,0.0988960221180429,0.1308722182636271,0.1185219578078961,1.0,0.0,0.0,1.0,0.0
Kr,0.03,0.03,0.3,rise,50,3,3,0,3,0,0,3,0,0,0.1107272555354683,0.1344856163816067,0.1254116909296792,1.0,0.0,0.0,1.0,0.0
Kr,0.03,0.03,0.3,rise,60,3,3,0,3,0,0,3,0,0,0.1250168715820149,0.1365446815532009,0.1317842596498269,1.0,0.0,0.0,1.0,0.0
Kr,0.03,0.03,0.3,fall,40,3,3,0,3,0,0,3,0,0,0.27133693752462,0.3226149954302961,0.2922782543097887,1.0,0.0,0.0,1.0,0.0
Kr,0.03,0.03,0.3,fall,50,3,3,0,3,0,0,3,0,0,0.221431700922521,0.3026213169697631,0.2576568516404345,1.0,0.0,0.0,1.0,0.0
Kr,0.03,0.03,0.3,fall,60,3,3,0,3,0,0,3,0,0,0.1836924127614345,0.2904313054060804,0.234857281216849,1.0,0.0,0.0,1.0,0.0
Kr,0.03,0.03,1.0,rise,40,3,3,0,3,0,0,3,0,0,0.1477622107710112,0.1835029040860119,0.1696847289370608,1.0,0.0,0.0,1.0,0.0
Kr,0.03,0.03,1.0,rise,50,3,3,0,3,0,0,3,0,0,0.1710502772105728,0.189284606110372,0.1818994594798469,1.0,0.0,0.0,1.0,0.0
Kr,0.03,0.03,1.0,rise,60,3,3,0,3,0,0,3,0,0,0.1924546590453263,0.1972420582313885,0.1936632327944058,1.0,0.0,0.0,1.0,0.0
Kr,0.03,0.03,1.0,fall,40,3,3,0,3,0,0,3,0,0,0.9413798043768008,1.032938901758362,0.9857660464370565,1.0,0.0,0.0,1.0,0.0
Kr,0.03,0.03,1.0,fall,50,3,3,0,3,0,0,3,0,0,0.7352832356680696,0.8575832165240709,0.7949926948143391,1.0,0.0,0.0,1.0,0.0
Kr,0.03,0.03,1.0,fall,60,3,3,0,3,0,0,3,0,0,0.5699633701970517,0.7228994141033931,0.6449813549632154,1.0,0.0,0.0,1.0,0.0
Kr,0.03,0.03,3.0,rise,40,3,3,0,3,0,0,3,0,0,0.1774209660078762,0.2069192376816733,0.1958905162418582,1.0,0.0,0.0,1.0,0.0
Kr,0.03,0.03,3.0,rise,50,3,3,0,3,0,0,3,0,0,0.2074383833386375,0.2137313248903826,0.2113109457655811,1.0,0.0,0.0,1.0,0.0
Kr,0.03,0.03,3.0,rise,60,3,3,0,3,0,0,3,0,0,0.2174695367279421,0.2405100958401232,0.2264848252335823,1.0,0.0,0.0,1.0,0.0
Kr,0.03,0.03,3.0,fall,40,3,3,0,3,0,0,3,0,0,2.7986223249745623,2.9328228626831563,2.8654659657998454,1.0,0.0,0.0,1.0,0.0
Kr,0.03,0.03,3.0,fall,50,3,3,0,3,0,0,3,0,0,2.146238670531143,2.311180037563597,2.228405457536139,1.0,0.0,0.0,1.0,0.0
Kr,0.03,0.03,3.0,fall,60,3,3,0,3,0,0,3,0,0,1.6162756103604052,1.8118531421782047,1.7137510336511834,1.0,0.0,0.0,1.0,0.0
Kr,0.03,0.1,0.01,rise,40,3,3,0,3,0,0,3,0,0,0.0119580844971854,0.0120786281736318,0.0120440361868418,1.0,0.0,0.0,1.0,0.0
Kr,0.03,0.1,0.01,rise,50,3,3,0,3,0,0,3,0,0,0.0119454538379512,0.0121349507694035,0.012061453340414,1.0,0.0,0.0,1.0,0.0
Kr,0.03,0.1,0.01,rise,60,3,3,0,3,0,0,3,0,0,0.0119254359617114,0.0121939122214165,0.012075773321571,1.0,0.0,0.0,1.0,0.0
Kr,0.03,0.1,0.01,fall,40,3,3,0,3,0,0,3,0,0,0.0122320382849755,0.0123908721015912,0.0122497457361409,1.0,0.0,0.0,1.0,0.0
Kr,0.03,0.1,0.01,fall,50,3,3,0,3,0,0,3,0,0,0.0122236023398342,0.0123091865832796,0.0122273921473623,1.0,0.0,0.0,1.0,0.0
Kr,0.03,0.1,0.01,fall,60,3,3,0,3,0,0,3,0,0,0.0122104990629303,0.0122500338595895,0.0122186738182906,1.0,0.0,0.0,1.0,0.0
Kr,0.03,0.1,0.03,rise,40,3,3,0,3,0,0,3,0,0,0.0170136508629266,0.0171720046004151,0.0170347487886094,1.0,0.0,0.0,1.0,0.0
Kr,0.03,0.1,0.03,rise,50,3,3,0,3,0,0,3,0,0,0.0170046023264885,0.017393929748041,0.0172997001849651,1.0,0.0,0.0,1.0,0.0
Kr,0.03,0.1,0.03,rise,60,3,3,0,3,0,0,3,0,0,0.0169580555642588,0.0177851152961066,0.0174068385752534,1.0,0.0,0.0,1.0,0.0
Kr,0.03,0.1,0.03,fall,40,3,3,0,3,0,0,3,0,0,0.0187571674046913,0.0191215879398733,0.0188306701754555,1.0,0.0,0.0,1.0,0.0
Kr,0.03,0.1,0.03,fall,50,3,3,0,3,0,0,3,0,0,0.0185018113386618,0.0187798496757619,0.0185822038280714,1.0,0.0,0.0,1.0,0.0
Kr,0.03,0.1,0.03,fall,60,3,3,0,3,0,0,3,0,0,0.0180562582687725,0.0187581060422502,0.0184484653245156,1.0,0.0,0.0,1.0,0.0
Kr,0.03,0.1,0.1,rise,40,3,3,0,3,0,0,3,0,0,0.0383084829634001,0.0438636846342289,0.0421778388137739,1.0,0.0,0.0,1.0,0.0
Kr,0.03,0.1,0.1,rise,50,3,3,0,3,0,0,3,0,0,0.041390881705909,0.0444345581100356,0.0437395430234731,1.0,0.0,0.0,1.0,0.0
Kr,0.03,0.1,0.1,rise,60,3,3,0,3,0,0,3,0,0,0.0446265199776084,0.0451349566832693,0.0450506809807061,1.0,0.0,0.0,1.0,0.0
Kr,0.03,0.1,0.1,fall,40,3,3,0,3,0,0,3,0,0,0.0664166143950713,0.0725956570185291,0.0674517537525641,1.0,0.0,0.0,1.0,0.0
Kr,0.03,0.1,0.1,fall,50,3,3,0,3,0,0,3,0,0,0.0577662496330707,0.0714012610509677,0.064208290467756,1.0,0.0,0.0,1.0,0.0
Kr,0.03,0.1,0.1,fall,60,3,3,0,3,0,0,3,0,0,0.0518791433005301,0.0707014050123673,0.0618049381396703,1.0,0.0,0.0,1.0,0.0
Kr,0.03,0.1,0.3,rise,40,3,3,0,3,0,0,3,0,0,0.0739655741538135,0.0929154924248994,0.0853074188819238,1.0,0.0,0.0,1.0,0.0
Kr,0.03,0.1,0.3,rise,50,3,3,0,3,0,0,3,0,0,0.0841477806864007,0.0955674268231696,0.0907664320031625,1.0,0.0,0.0,1.0,0.0
Kr,0.03,0.1,0.3,rise,60,3,3,0,3,0,0,3,0,0,0.0959303008868017,0.0969530499049787,0.0964064658728503,1.0,0.0,0.0,1.0,0.0
Kr,0.03,0.1,0.3,fall,40,3,3,0,3,0,0,3,0,0,0.2432698362816741,0.2671302962334785,0.2508742819669078,1.0,0.0,0.0,1.0,0.0
Kr,0.03,0.1,0.3,fall,50,3,3,0,3,0,0,3,0,0,0.1974237369982449,0.2438868228618659,0.2162311042938257,1.0,0.0,0.0,1.0,0.0
Kr,0.03,0.1,0.3,fall,60,3,3,0,3,0,0,3,0,0,0.1613748265363348,0.228991339164952,0.1921405946609292,1.0,0.0,0.0,1.0,0.0
Kr,0.03,0.1,1.0,rise,40,3,3,0,3,0,0,3,0,0,0.1160440248456905,0.1377947260130552,0.1288520946725285,1.0,0.0,0.0,1.0,0.0
Kr,0.03,0.1,1.0,rise,50,3,3,0,3,0,0,3,0,0,0.1363375838436518,0.142525330818527,0.1392087392595616,1.0,0.0,0.0,1.0,0.0
Kr,0.03,0.1,1.0,rise,60,3,3,0,3,0,0,3,0,0,0.1450506569457563,0.1590447020020459,0.1493805636920622,1.0,0.0,0.0,1.0,0.0
Kr,0.03,0.1,1.0,fall,40,3,3,0,3,0,0,3,0,0,0.8966344071917267,0.9597262168375484,0.9263945053894131,1.0,0.0,0.0,1.0,0.0
Kr,0.03,0.1,1.0,fall,50,3,3,0,3,0,0,3,0,0,0.6974657417315459,0.784257896075369,0.7387348572837881,1.0,0.0,0.0,1.0,0.0
Kr,0.03,0.1,1.0,fall,60,3,3,0,3,0,0,3,0,0,0.5374325368700363,0.6486549972610964,0.5910942514425375,1.0,0.0,0.0,1.0,0.0
Kr,0.03,0.1,3.0,rise,40,3,3,0,3,0,0,3,0,0,0.14242946251436,0.1585204784480564,0.152049115229658,1.0,0.0,0.0,1.0,0.0
Kr,0.03,0.1,3.0,rise,50,3,3,0,3,0,0,3,0,0,0.1642713738454253,0.1689776309771753,0.165431650166349,1.0,0.0,0.0,1.0,0.0
Kr,0.03,0.1,3.0,rise,60,3,3,0,3,0,0,3,0,0,0.167391068199262,0.198201825736536,0.1788462442071122,1.0,0.0,0.0,1.0,0.0
Kr,0.03,0.1,3.0,fall,40,3,3,0,3,0,0,3,0,0,2.747365343910637,2.8522959592950765,2.7988924505557105,1.0,0.0,0.0,1.0,0.0
Kr,0.03,0.1,3.0,fall,50,3,3,0,3,0,0,3,0,0,2.1019335665229097,2.2305616616369,2.1649667238994934,1.0,0.0,0.0,1.0,0.0
Kr,0.03,0.1,3.0,fall,60,3,3,0,3,0,0,3,0,0,1.5773727862152431,1.730417672637771,1.6527839113283032,1.0,0.0,0.0,1.0,0.0
Kr,0.03,0.3,0.01,rise,40,3,3,0,3,0,0,3,0,0,0.012100332612369,0.0122447522936968,0.0121715485121096,1.0,0.0,0.0,1.0,0.0
Kr,0.03,0.3,0.01,rise,50,3,3,0,3,0,0,3,0,0,0.0120941898322541,0.0122886711969038,0.0121872076196899,1.0,0.0,0.0,1.0,0.0
Kr,0.03,0.3,0.01,rise,60,3,3,0,3,0,0,3,0,0,0.0120834296917372,0.0122889864660734,0.0122005441933737,1.0,0.0,0.0,1.0,0.0
Kr,0.03,0.3,0.01,fall,40,3,3,0,3,0,0,3,0,0,0.0123843559206213,0.0124891522743062,0.0124100499463144,1.0,0.0,0.0,1.0,0.0
Kr,0.03,0.3,0.01,fall,50,3,3,0,3,0,0,3,0,0,0.0123600751862626,0.012489249181538,0.0124101101884908,1.0,0.0,0.0,1.0,0.0
Kr,0.03,0.3,0.01,fall,60,3,3,0,3,0,0,3,0,0,0.0123389436854179,0.0124897591268269,0.0123885971618493,1.0,0.0,0.0,1.0,0.0
Kr,0.03,0.3,0.03,rise,40,3,3,0,3,0,0,3,0,0,0.0139984531733349,0.0143171646395308,0.0141845743010992,1.0,0.0,0.0,1.0,0.0
Kr,0.03,0.3,0.03,rise,50,3,3,0,3,0,0,3,0,0,0.0139846819149427,0.0145143471260778,0.0142422593143518,1.0,0.0,0.0,1.0,0.0
Kr,0.03,0.3,0.03,rise,60,3,3,0,3,0,0,3,0,0,0.0139551206685137,0.0146327773009708,0.0142922518237834,1.0,0.0,0.0,1.0,0.0
Kr,0.03,0.3,0.03,fall,40,3,3,0,3,0,0,3,0,0,0.0151196348963054,0.0154748251327787,0.0152475081492313,1.0,0.0,0.0,1.0,0.0
Kr,0.03,0.3,0.03,fall,50,3,3,0,3,0,0,3,0,0,0.0149831767669852,0.015465978668359,0.0152008103918837,1.0,0.0,0.0,1.0,0.0
Kr,0.03,0.3,0.03,fall,60,3,3,0,3,0,0,3,0,0,0.0148969107544316,0.0154235006150431,0.0150334456720664,1.0,0.0,0.0,1.0,0.0
Kr,0.03,0.3,0.1,rise,40,3,3,0,3,0,0,3,0,0,0.0260672706140631,0.0267032826962735,0.0265459553382917,1.0,0.0,0.0,1.0,0.0
Kr,0.03,0.3,0.1,rise,50,3,3,0,3,0,0,3,0,0,0.0261714916089919,0.0287974198979992,0.0274954855818919,1.0,0.0,0.0,1.0,0.0
Kr,0.03,0.3,0.1,rise,60,3,3,0,3,0,0,3,0,0,0.0260887282210533,0.0309131040508615,0.0282224319639119,1.0,0.0,0.0,1.0,0.0
Kr,0.03,0.3,0.1,fall,40,3,3,0,3,0,0,3,0,0,0.047082414078716,0.0505789979899147,0.0490186875744009,1.0,0.0,0.0,1.0,0.0
Kr,0.03,0.3,0.1,fall,50,3,3,0,3,0,0,3,0,0,0.0437882839553499,0.0476809503671251,0.0458180460815618,1.0,0.0,0.0,1.0,0.0
Kr,0.03,0.3,0.1,fall,60,3,3,0,3,0,0,3,0,0,0.04181457873069,0.0439302006218205,0.0418883979193202,1.0,0.0,0.0,1.0,0.0
Kr,0.03,0.3,0.3,rise,40,3,3,0,3,0,0,3,0,0,0.0517179119872516,0.0532592371409852,0.053215898400501,1.0,0.0,0.0,1.0,0.0
Kr,0.03,0.3,0.3,rise,50,3,3,0,3,0,0,3,0,0,0.0543474732573719,0.0596434110164456,0.0565965851560824,1.0,0.0,0.0,1.0,0.0
Kr,0.03,0.3,0.3,rise,60,3,3,0,3,0,0,3,0,0,0.0547090385642329,0.0674320123635374,0.0598852685099526,1.0,0.0,0.0,1.0,0.0
Kr,0.03,0.3,0.3,fall,40,3,3,0,3,0,0,3,0,0,0.2208264898229439,0.2227379691590993,0.2217297539590907,1.0,0.0,0.0,1.0,0.0
Kr,0.03,0.3,0.3,fall,50,3,3,0,3,0,0,3,0,0,0.1902925718658812,0.1917997878022994,0.1906617426252695,1.0,0.0,0.0,1.0,0.0
Kr,0.03,0.3,0.3,fall,60,3,3,0,3,0,0,3,0,0,0.1603198893693662,0.1664013242432018,0.1626491487864158,1.0,0.0,0.0,1.0,0.0
Kr,0.03,0.3,1.0,rise,40,3,3,0,3,0,0,3,0,0,0.0819196411714756,0.0825558622979298,0.0822912853122344,1.0,0.0,0.0,1.0,0.0
Kr,0.03,0.3,1.0,rise,50,3,3,0,3,0,0,3,0,0,0.0844589880527308,0.0975109602385224,0.0895825576901718,1.0,0.0,0.0,1.0,0.0
Kr,0.03,0.3,1.0,rise,60,3,3,0,3,0,0,3,0,0,0.0856599850965204,0.1128449317225396,0.09668973655152,1.0,0.0,0.0,1.0,0.0
Kr,0.03,0.3,1.0,fall,40,3,3,0,3,0,0,3,0,0,0.8545186830451434,0.8764495206836296,0.8679023943345245,1.0,0.0,0.0,1.0,0.0
Kr,0.03,0.3,1.0,fall,50,3,3,0,3,0,0,3,0,0,0.6889621645332555,0.7126519252780011,0.7029493171763483,1.0,0.0,0.0,1.0,0.0
Kr,0.03,0.3,1.0,fall,60,3,3,0,3,0,0,3,0,0,0.5482865411035103,0.5785905840546944,0.5634106023482343,1.0,0.0,0.0,1.0,0.0
Kr,0.03,0.3,3.0,rise,40,3,3,0,3,0,0,3,0,0,0.0959621336920994,0.1011830299535652,0.0986347957822976,1.0,0.0,0.0,1.0,0.0
Kr,0.03,0.3,3.0,rise,50,3,3,0,3,0,0,3,0,0,0.0993207119961171,0.1210647854939993,0.1079676393136848,1.0,0.0,0.0,1.0,0.0
Kr,0.03,0.3,3.0,rise,60,3,3,0,3,0,0,3,0,0,0.1010518320318749,0.1413892960593779,0.1176004311690053,1.0,0.0,0.0,1.0,0.0
Kr,0.03,0.3,3.0,fall,40,3,3,0,3,0,0,3,0,0,2.67107587215444,2.7235594667421186,2.699635948380461,1.0,0.0,0.0,1.0,0.0
Kr,0.03,0.3,3.0,fall,50,3,3,0,3,0,0,3,0,0,2.068448896829656,2.121660192556308,2.0970256720470943,1.0,0.0,0.0,1.0,0.0
Kr,0.03,0.3,3.0,fall,60,3,3,0,3,0,0,3,0,0,1.57550964661209,1.6339089154470117,1.6044067330324268,1.0,0.0,0.0,1.0,0.0
Kr,0.03,1.0,0.01,rise,40,3,3,0,3,0,0,3,0,0,0.01219662949725,0.012312953766647,0.0122481466703535,1.0,0.0,0.0,1.0,0.0
Kr,0.03,1.0,0.01,rise,50,3,3,0,3,0,0,3,0,0,0.012197541049458,0.0123162304560116,0.0122643780358442,1.0,0.0,0.0,1.0,0.0
Kr,0.03,1.0,0.01,rise,60,3,3,0,3,0,0,3,0,0,0.0121958286801353,0.0123198166997531,0.0122786722398609,1.0,0.0,0.0,1.0,0.0
Kr,0.03,1.0,0.01,fall,40,3,3,0,3,0,0,3,0,0,0.012447948603411,0.0126645867266723,0.0125026936778969,1.0,0.0,0.0,1.0,0.0
Kr,0.03,1.0,0.01,fall,50,3,3,0,3,0,0,3,0,0,0.0124480129116371,0.0126646821358178,0.0125027658454148,1.0,0.0,0.0,1.0,0.0
Kr,0.03,1.0,0.01,fall,60,3,3,0,3,0,0,3,0,0,0.0124480536182676,0.0126647635332546,0.0125026538753161,1.0,0.0,0.0,1.0,0.0
Kr,0.03,1.0,0.03,rise,40,3,3,0,3,0,0,3,0,0,0.0128114785894898,0.013026018414645,0.0129073443015639,1.0,0.0,0.0,1.0,0.0
Kr,0.03,1.0,0.03,rise,50,3,3,0,3,0,0,3,0,0,0.0128118134976169,0.0130493104258858,0.0129377797309326,1.0,0.0,0.0,1.0,0.0
Kr,0.03,1.0,0.03,rise,60,3,3,0,3,0,0,3,0,0,0.0128069462548073,0.0130609367550922,0.0129652501403654,1.0,0.0,0.0,1.0,0.0
Kr,0.03,1.0,0.03,fall,40,3,3,0,3,0,0,3,0,0,0.0133470742839516,0.0137925668381675,0.0134637209542161,1.0,0.0,0.0,1.0,0.0
Kr,0.03,1.0,0.03,fall,50,3,3,0,3,0,0,3,0,0,0.0133471241086808,0.0137925552400819,0.0134637875262249,1.0,0.0,0.0,1.0,0.0
Kr,0.03,1.0,0.03,fall,60,3,3,0,3,0,0,3,0,0,0.0133471317099382,0.01379267768293,0.0134636628309385,1.0,0.0,0.0,1.0,0.0
Kr,0.03,1.0,0.1,rise,40,3,3,0,3,0,0,3,0,0,0.017089777377933,0.0184232309613756,0.0177657381621471,1.0,0.0,0.0,1.0,0.0
Kr,0.03,1.0,0.1,rise,50,3,3,0,3,0,0,3,0,0,0.0171188358431464,0.0191521321904871,0.0181028403501274,1.0,0.0,0.0,1.0,0.0
Kr,0.03,1.0,0.1,rise,60,3,3,0,3,0,0,3,0,0,0.0170899959871695,0.0197051589641222,0.0184235168100789,1.0,0.0,0.0,1.0,0.0
Kr,0.03,1.0,0.1,fall,40,3,3,0,3,0,0,3,0,0,0.0275286927716635,0.0321588321046089,0.0292112161997999,1.0,0.0,0.0,1.0,0.0
Kr,0.03,1.0,0.1,fall,50,3,3,0,3,0,0,3,0,0,0.027507615673284,0.0321349136967454,0.0291903268722242,1.0,0.0,0.0,1.0,0.0
Kr,0.03,1.0,0.1,fall,60,3,3,0,3,0,0,3,0,0,0.0274058850556258,0.0320197117982288,0.0290896323600147,1.0,0.0,0.0,1.0,0.0
Kr,0.03,1.0,0.3,rise,40,3,3,0,3,0,0,3,0,0,0.0280456552930327,0.032073708361662,0.0300562059746929,1.0,0.0,0.0,1.0,0.0
Kr,0.03,1.0,0.3,rise,50,3,3,0,3,0,0,3,0,0,0.0284310262447781,0.0356565270937442,0.0317292756073776,1.0,0.0,0.0,1.0,0.0
Kr,0.03,1.0,0.3,rise,60,3,3,0,3,0,0,3,0,0,0.0285463355879862,0.0389766405354082,0.0334214301684712,1.0,0.0,0.0,1.0,0.0
Kr,0.03,1.0,0.3,fall,40,3,3,0,3,0,0,3,0,0,0.1642483883673846,0.1826844037158381,0.172522752572209,1.0,0.0,0.0,1.0,0.0
Kr,0.03,1.0,0.3,fall,50,3,3,0,3,0,0,3,0,0,0.1559549092405385,0.1733295228428679,0.1637712487119427,1.0,0.0,0.0,1.0,0.0
Kr,0.03,1.0,0.3,fall,60,3,3,0,3,0,0,3,0,0,0.1444778650765206,0.1602804138742484,0.1516189265368157,1.0,0.0,0.0,1.0,0.0
Kr,0.03,1.0,1.0,rise,40,3,3,0,3,0,0,3,0,0,0.0407826174576129,0.0490350661027735,0.0446211199944211,1.0,0.0,0.0,1.0,0.0
Kr,0.03,1.0,1.0,rise,50,3,3,0,3,0,0,3,0,0,0.0418625187772194,0.0567059331046294,0.0483176803769274,1.0,0.0,0.0,1.0,0.0
Kr,0.03,1.0,1.0,rise,60,3,3,0,3,0,0,3,0,0,0.0424101456993006,0.0643417052293437,0.0522062626444735,1.0,0.0,0.0,1.0,0.0
Kr,0.03,1.0,1.0,fall,40,3,3,0,3,0,0,3,0,0,0.8559995656558343,0.8847056382922105,0.8697292108705508,1.0,0.0,0.0,1.0,0.0
Kr,0.03,1.0,1.0,fall,50,3,3,0,3,0,0,3,0,0,0.7425181151170521,0.7682707734859884,0.7547978737197931,1.0,0.0,0.0,1.0,0.0
Kr,0.03,1.0,1.0,fall,60,3,3,0,3,0,0,3,0,0,0.6321664298563563,0.6542472814360201,0.6426517864857644,1.0,0.0,0.0,1.0,0.0
Kr,0.03,1.0,3.0,rise,40,3,3,0,3,0,0,3,0,0,0.0472215270751428,0.0589271050242521,0.052497687537254,1.0,0.0,0.0,1.0,0.0
Kr,0.03,1.0,3.0,rise,50,3,3,0,3,0,0,3,0,0,0.0487326046101149,0.0691409940825713,0.0574328586014529,1.0,0.0,0.0,1.0,0.0
Kr,0.03,1.0,3.0,rise,60,3,3,0,3,0,0,3,0,0,0.0495864266534233,0.0795826168446467,0.0627191935557009,1.0,0.0,0.0,1.0,0.0
Kr,0.03,1.0,3.0,fall,40,3,3,0,3,0,0,3,0,0,2.704070190915997,2.7315480005598314,2.7170832607803668,1.0,0.0,0.0,1.0,0.0
Kr,0.03,1.0,3.0,fall,50,3,3,0,3,0,0,3,0,0,2.214119759809489,2.239905876119266,2.226269911442489,1.0,0.0,0.0,1.0,0.0
Kr,0.03,1.0,3.0,fall,60,3,3,0,3,0,0,3,0,0,1.791124865333266,1.814416610794308,1.802005047359571,1.0,0.0,0.0,1.0,0.0
Kr,0.03,3.0,0.01,rise,40,3,3,0,3,0,0,3,0,0,0.0122453722301608,0.0123284496381512,0.0122816782064796,1.0,0.0,0.0,1.0,0.0
Kr,0.03,3.0,0.01,rise,50,3,3,0,3,0,0,3,0,0,0.0122509271982105,0.0123341540103491,0.0122990912863358,1.0,0.0,0.0,1.0,0.0
Kr,0.03,3.0,0.01,rise,60,3,3,0,3,0,0,3,0,0,0.012254516330207,0.0123403562905929,0.0123153980060558,1.0,0.0,0.0,1.0,0.0
Kr,0.03,3.0,0.01,fall,40,3,3,0,3,0,0,3,0,0,0.0125386517526568,0.012893611907184,0.0126356653907713,1.0,0.0,0.0,1.0,0.0
Kr,0.03,3.0,0.01,fall,50,3,3,0,3,0,0,3,0,0,0.0125386364746682,0.0128935966339365,0.0126357330294641,1.0,0.0,0.0,1.0,0.0
Kr,0.03,3.0,0.01,fall,60,3,3,0,3,0,0,3,0,0,0.0125386301314356,0.0128935978869937,0.0126357373192451,1.0,0.0,0.0,1.0,0.0
Kr,0.03,3.0,0.03,rise,40,3,3,0,3,0,0,3,0,0,0.0124601515161986,0.0125748295557666,0.0125103820417543,1.0,0.0,0.0,1.0,0.0
Kr,0.03,3.0,0.03,rise,50,3,3,0,3,0,0,3,0,0,0.012466450188631,0.0125846056050299,0.0125333563615405,1.0,0.0,0.0,1.0,0.0
Kr,0.03,3.0,0.03,rise,60,3,3,0,3,0,0,3,0,0,0.0124700811012306,0.0125934265429816,0.0125548497827286,1.0,0.0,0.0,1.0,0.0
Kr,0.03,3.0,0.03,fall,40,3,3,0,3,0,0,3,0,0,0.0128800837933122,0.013426084459911,0.0130224627818558,1.0,0.0,0.0,1.0,0.0
Kr,0.03,3.0,0.03,fall,50,3,3,0,3,0,0,3,0,0,0.0128800665779462,0.0134260136406001,0.0130224585192286,1.0,0.0,0.0,1.0,0.0
Kr,0.03,3.0,0.03,fall,60,3,3,0,3,0,0,3,0,0,0.0128800679903426,0.0134260088273387,0.01302245825475,1.0,0.0,0.0,1.0,0.0
Kr,0.03,3.0,0.1,rise,40,3,3,0,3,0,0,3,0,0,0.0140378708771091,0.0146874355079177,0.0143495547206857,1.0,0.0,0.0,1.0,0.0
Kr,0.03,3.0,0.1,rise,50,3,3,0,3,0,0,3,0,0,0.0140628793183259,0.0149287037483048,0.0144994824275789,1.0,0.0,0.0,1.0,0.0
Kr,0.03,3.0,0.1,rise,60,3,3,0,3,0,0,3,0,0,0.0140688034719218,0.015116762077124,0.0146469775047377,1.0,0.0,0.0,1.0,0.0
Kr,0.03,3.0,0.1,fall,40,3,3,0,3,0,0,3,0,0,0.0197418359583996,0.0252688105738525,0.0215603592121116,1.0,0.0,0.0,1.0,0.0
Kr,0.03,3.0,0.1,fall,50,3,3,0,3,0,0,3,0,0,0.0197417988860162,0.0252687695817739,0.0215604160275026,1.0,0.0,0.0,1.0,0.0
Kr,0.03,3.0,0.1,fall,60,3,3,0,3,0,0,3,0,0,0.0197417999675386,0.0252687629286638,0.0215604187936118,1.0,0.0,0.0,1.0,0.0
Kr,0.03,3.0,0.3,rise,40,3,3,0,3,0,0,3,0,0,0.0183031437407829,0.020835307909178,0.0195137411087389,1.0,0.0,0.0,1.0,0.0
Kr,0.03,3.0,0.3,rise,50,3,3,0,3,0,0,3,0,0,0.018483417478613,0.0223369651096356,0.0202795369744081,1.0,0.0,0.0,1.0,0.0
Kr,0.03,3.0,0.3,rise,60,3,3,0,3,0,0,3,0,0,0.0185693280282787,0.0237649015334317,0.0210810114017626,1.0,0.0,0.0,1.0,0.0
Kr,0.03,3.0,0.3,fall,40,3,3,0,3,0,0,3,0,0,0.1109815846985631,0.1415998351742904,0.1240862940402429,1.0,0.0,0.0,1.0,0.0
Kr,0.03,3.0,0.3,fall,50,3,3,0,3,0,0,3,0,0,0.1108724418921673,0.1414604196704592,0.1239635946929356,1.0,0.0,0.0,1.0,0.0
Kr,0.03,3.0,0.3,fall,60,3,3,0,3,0,0,3,0,0,0.1103470616816761,0.1407892658153589,0.1233727488465574,1.0,0.0,0.0,1.0,0.0
Kr,0.03,3.0,1.0,rise,40,3,3,0,3,0,0,3,0,0,0.02343433356443,0.0287943266040255,0.0258738645909862,1.0,0.0,0.0,1.0,0.0
Kr,0.03,3.0,1.0,rise,50,3,3,0,3,0,0,3,0,0,0.0239210409738253,0.0322645415362133,0.0275954135713609,1.0,0.0,0.0,1.0,0.0
Kr,0.03,3.0,1.0,rise,60,3,3,0,3,0,0,3,0,0,0.0242153387618747,0.0358230664269535,0.0294652592854027,1.0,0.0,0.0,1.0,0.0
Kr,0.03,3.0,1.0,fall,40,3,3,0,3,0,0,3,0,0,0.8036779025478311,0.8738941449999502,0.8368991639881149,1.0,0.0,0.0,1.0,0.0
Kr,0.03,3.0,1.0,fall,50,3,3,0,3,0,0,3,0,0,0.7600148286911033,0.8285392865694394,0.7923731567731274,1.0,0.0,0.0,1.0,0.0
Kr,0.03,3.0,1.0,fall,60,3,3,0,3,0,0,3,0,0,0.701663429688324,0.7676934690830568,0.7327518822610308,1.0,0.0,0.0,1.0,0.0
Kr,0.03,3.0,3.0,rise,40,3,3,0,3,0,0,3,0,0,0.0260254341806529,0.0332372417413952,0.0292293585169383,1.0,0.0,0.0,1.0,0.0
Kr,0.03,3.0,3.0,rise,50,3,3,0,3,0,0,3,0,0,0.0267005541388694,0.037884808851221,0.0315085608905641,1.0,0.0,0.0,1.0,0.0
Kr,0.03,3.0,3.0,rise,60,3,3,0,3,0,0,3,0,0,0.027137202701856,0.0427718908848672,0.0340212512971277,1.0,0.0,0.0,1.0,0.0
Kr,0.03,3.0,3.0,fall,40,3,3,0,3,0,0,3,0,0,2.925611556745357,3.0149928343671752,2.969032018863876,1.0,0.0,0.0,1.0,0.0
Kr,0.03,3.0,3.0,fall,50,3,3,0,3,0,0,3,0,0,2.567518056144588,2.654721413033317,2.609788781708432,1.0,0.0,0.0,1.0,0.0
Kr,0.03,3.0,3.0,fall,60,3,3,0,3,0,0,3,0,0,2.21432131790842,2.2987355313093296,2.255121193020863,1.0,0.0,0.0,1.0,0.0
Kr,0.1,0.01,0.01,rise,40,3,3,0,3,0,0,3,0,0,0.0255103169711723,0.0273839426204396,0.026713508667613,1.0,0.0,0.0,1.0,0.0
Kr,0.1,0.01,0.01,rise,50,3,3,0,3,0,0,3,0,0,0.0253123537408211,0.0279964350306697,0.0268937098061742,1.0,0.0,0.0,1.0,0.0
Kr,0.1,0.01,0.01,rise,60,3,3,0,3,0,0,3,0,0,0.0250221282629332,0.0285955592914888,0.0270403410069756,1.0,0.0,0.0,1.0,0.0
Kr,0.1,0.01,0.01,fall,40,3,3,0,3,0,0,3,0,0,0.0283925120468814,0.0295860420276214,0.0286643308077442,1.0,0.0,0.0,1.0,0.0
Kr,0.1,0.01,0.01,fall,50,3,3,0,3,0,0,3,0,0,0.0283087665952213,0.0290709927285724,0.0284840650069303,1.0,0.0,0.0,1.0,0.0
Kr,0.1,0.01,0.01,fall,60,3,3,0,3,0,0,3,0,0,0.0282550073981767,0.0285940817058766,0.0283375277675179,1.0,0.0,0.0,1.0,0.0
Kr,0.1,0.01,0.03,rise,40,3,3,0,3,0,0,3,0,0,0.0446009882736814,0.0456904747728845,0.0451282052342401,1.0,0.0,0.0,1.0,0.0
Kr,0.1,0.01,0.03,rise,50,3,3,0,3,0,0,3,0,0,0.0444646551148319,0.0464400373348194,0.0461440722874581,1.0,0.0,0.0,1.0,0.0
Kr,0.1,0.01,0.03,rise,60,3,3,0,3,0,0,3,0,0,0.044175689431702,0.0477105427968767,0.0465130181001564,1.0,0.0,0.0,1.0,0.0
Kr,0.1,0.01,0.03,fall,40,3,3,0,3,0,0,3,0,0,0.0505952915038454,0.052007595869876,0.0506963805549264,1.0,0.0,0.0,1.0,0.0
Kr,0.1,0.01,0.03,fall,50,3,3,0,3,0,0,3,0,0,0.0493241468502831,0.0521853440116091,0.0501403238969404,1.0,0.0,0.0,1.0,0.0
Kr,0.1,0.01,0.03,fall,60,3,3,0,3,0,0,3,0,0,0.0480526527796389,0.0525246134922872,0.0497710862116265,1.0,0.0,0.0,1.0,0.0
Kr,0.1,0.01,0.1,rise,40,3,3,0,3,0,0,3,0,0,0.0838338890517468,0.0962126362561067,0.092795530190095,1.0,0.0,0.0,1.0,0.0
Kr,0.1,0.01,0.1,rise,50,3,3,0,3,0,0,3,0,0,0.0887946562457595,0.0972255334046795,0.0954135152849497,1.0,0.0,0.0,1.0,0.0
Kr,0.1,0.01,0.1,rise,60,3,3,0,3,0,0,3,0,0,0.0939679348860824,0.0976695752970467,0.0976440953180613,1.0,0.0,0.0,1.0,0.0
Kr,0.1,0.01,0.1,fall,40,3,3,0,3,0,0,3,0,0,0.1159587744441571,0.1408641867968328,0.1273391688948199,1.0,0.0,0.0,1.0,0.0
Kr,0.1,0.01,0.1,fall,50,3,3,0,3,0,0,3,0,0,0.107765271305267,0.1410930842065346,0.1236899956343999,1.0,0.0,0.0,1.0,0.0
Kr,0.1,0.01,0.1,fall,60,3,3,0,3,0,0,3,0,0,0.1010862895584622,0.1422077117350019,0.1208144982747347,1.0,0.0,0.0,1.0,0.0
Kr,0.1,0.01,0.3,rise,40,3,3,0,3,0,0,3,0,0,0.1322223048117104,0.1640814011035301,0.1520691862544991,1.0,0.0,0.0,1.0,0.0
Kr,0.1,0.01,0.3,rise,50,3,3,0,3,0,0,3,0,0,0.1447228458454406,0.1677633859066546,0.1593415205067375,1.0,0.0,0.0,1.0,0.0
Kr,0.1,0.01,0.3,rise,60,3,3,0,3,0,0,3,0,0,0.1594059886245511,0.1698126001849024,0.1660304390497365,1.0,0.0,0.0,1.0,0.0
Kr,0.1,0.01,0.3,fall,40,3,3,0,3,0,0,3,0,0,0.3090102497990036,0.3619325510942049,0.3302053991641708,1.0,0.0,0.0,1.0,0.0
Kr,0.1,0.01,0.3,fall,50,3,3,0,3,0,0,3,0,0,0.2584289574293754,0.3421208935966997,0.2954146819034404,1.0,0.0,0.0,1.0,0.0
Kr,0.1,0.01,0.3,fall,60,3,3,0,3,0,0,3,0,0,0.2200836599993336,0.3300998560247142,0.272451551699063,1.0,0.0,0.0,1.0,0.0
Kr,0.1,0.01,1.0,rise,40,3,3,0,3,0,0,3,0,0,0.1826240552214961,0.2188210306381527,0.2050670497826296,1.0,0.0,0.0,1.0,0.0
Kr,0.1,0.01,1.0,rise,50,3,3,0,3,0,0,3,0,0,0.2064529053112591,0.2247706563957112,0.2177007471416385,1.0,0.0,0.0,1.0,0.0
Kr,0.1,0.01,1.0,rise,60,3,3,0,3,0,0,3,0,0,0.228047561290219,0.2331808977166581,0.2298200332610067,1.0,0.0,0.0,1.0,0.0
Kr,0.1,0.01,1.0,fall,40,3,3,0,3,0,0,3,0,0,0.9822500712103596,1.074472127878495,1.0262716553064304,1.0,0.0,0.0,1.0,0.0
Kr,0.1,0.01,1.0,fall,50,3,3,0,3,0,0,3,0,0,0.7754681610050009,0.8993729044223808,0.8352804327558592,1.0,0.0,0.0,1.0,0.0
Kr,0.1,0.01,1.0,fall,60,3,3,0,3,0,0,3,0,0,0.6094975356126192,0.7650611225965421,0.685091942184236,1.0,0.0,0.0,1.0,0.0
Kr,0.1,0.01,3.0,rise,40,3,3,0,3,0,0,3,0,0,0.2127981066588734,0.2431360924762584,0.231981472551306,1.0,0.0,0.0,1.0,0.0
Kr,0.1,0.01,3.0,rise,50,3,3,0,3,0,0,3,0,0,0.2434084784388557,0.2501780173235335,0.2478496104852587,1.0,0.0,0.0,1.0,0.0
Kr,0.1,0.01,3.0,rise,60,3,3,0,3,0,0,3,0,0,0.2540915861743768,0.2770593810729715,0.2634131393228579,1.0,0.0,0.0,1.0,0.0
Kr,0.1,0.01,3.0,fall,40,3,3,0,3,0,0,3,0,0,2.84145960488468,2.9758124239149577,2.907773980343309,1.0,0.0,0.0,1.0,0.0
Kr,0.1,0.01,3.0,fall,50,3,3,0,3,0,0,3,0,0,2.188390601531908,2.3544260907427743,2.2704957066789264,1.0,0.0,0.0,1.0,0.0
Kr,0.1,0.01,3.0,fall,60,3,3,0,3,0,0,3,0,0,1.6577768346899004,1.8554712054849705,1.7556641002787976,1.0,0.0,0.0,1.0,0.0
Kr,0.1,0.03,0.01,rise,40,3,3,0,3,0,0,3,0,0,0.0235067112336064,0.0256818264908234,0.02486090043103,1.0,0.0,0.0,1.0,0.0
Kr,0.1,0.03,0.01,rise,50,3,3,0,3,0,0,3,0,0,0.0232665963750424,0.026091798319643,0.024975981538397,1.0,0.0,0.0,1.0,0.0
Kr,0.1,0.03,0.01,rise,60,3,3,0,3,0,0,3,0,0,0.0229428724711956,0.0264920604350496,0.0250693066196172,1.0,0.0,0.0,1.0,0.0
Kr,0.1,0.03,0.01,fall,40,3,3,0,3,0,0,3,0,0,0.0257017309419609,0.0272948057638479,0.0260967904776746,1.0,0.0,0.0,1.0,0.0
Kr,0.1,0.03,0.01,fall,50,3,3,0,3,0,0,3,0,0,0.0256151970432679,0.0269991401862341,0.0259817240932894,1.0,0.0,0.0,1.0,0.0
Kr,0.1,0.03,0.01,fall,60,3,3,0,3,0,0,3,0,0,0.0255403679318889,0.0267419186821274,0.0258884339950992,1.0,0.0,0.0,1.0,0.0
Kr,0.1,0.03,0.03,rise,40,3,3,0,3,0,0,3,0,0,0.0383819944759173,0.03956490968099,0.0395576228764102,1.0,0.0,0.0,1.0,0.0
Kr,0.1,0.03,0.03,rise,50,3,3,0,3,0,0,3,0,0,0.0382070816614915,0.0405288809305122,0.0398975033307927,1.0,0.0,0.0,1.0,0.0
Kr,0.1,0.03,0.03,rise,60,3,3,0,3,0,0,3,0,0,0.0379040188232863,0.0414854624125475,0.0401678904277212,1.0,0.0,0.0,1.0,0.0
Kr,0.1,0.03,0.03,fall,40,3,3,0,3,0,0,3,0,0,0.0431508893285225,0.0437072024547546,0.0436857070688577,1.0,0.0,0.0,1.0,0.0
Kr,0.1,0.03,0.03,fall,50,3,3,0,3,0,0,3,0,0,0.0427266661988475,0.0437127631235937,0.0428157170367121,1.0,0.0,0.0,1.0,0.0
Kr,0.1,0.03,0.03,fall,60,3,3,0,3,0,0,3,0,0,0.041846702051174,0.0438345615764121,0.0425446373760837,1.0,0.0,0.0,1.0,0.0
Kr,0.1,0.03,0.1,rise,40,3,3,0,3,0,0,3,0,0,0.0742952799050625,0.0852943901539703,0.0821483459824731,1.0,0.0,0.0,1.0,0.0
Kr,0.1,0.03,0.1,rise,50,3,3,0,3,0,0,3,0,0,0.07871366572513,0.0862254494547491,0.0845601782116439,1.0,0.0,0.0,1.0,0.0
Kr,0.1,0.03,0.1,rise,60,3,3,0,3,0,0,3,0,0,0.0833811043742157,0.0866504770789505,0.0865995039991381,1.0,0.0,0.0,1.0,0.0
Kr,0.1,0.03,0.1,fall,40,3,3,0,3,0,0,3,0,0,0.1043075178112945,0.1265491617147317,0.1145953304608858,1.0,0.0,0.0,1.0,0.0
Kr,0.1,0.03,0.1,fall,50,3,3,0,3,0,0,3,0,0,0.0966649087765655,0.1265016418641572,0.1111207942441536,1.0,0.0,0.0,1.0,0.0
Kr,0.1,0.03,0.1,fall,60,3,3,0,3,0,0,3,0,0,0.0905845474947165,0.1272271130298151,0.108392990412524,1.0,0.0,0.0,1.0,0.0
Kr,0.1,0.03,0.3,rise,40,3,3,0,3,0,0,3,0,0,0.1205451709229351,0.1507884124910334,0.1391201852862155,1.0,0.0,0.0,1.0,0.0
Kr,0.1,0.03,0.3,rise,50,3,3,0,3,0,0,3,0,0,0.1324002149284322,0.1543709648781433,0.146136842321492,1.0,0.0,0.0,1.0,0.0
Kr,0.1,0.03,0.3,rise,60,3,3,0,3,0,0,3,0,0,0.1464576352698706,0.1563697387604687,0.1526191000736624,1.0,0.0,0.0,1.0,0.0
Kr,0.1,0.03,0.3,fall,40,3,3,0,3,0,0,3,0,0,0.2946678821336692,0.3447571009616429,0.3147508884297517,1.0,0.0,0.0,1.0,0.0
Kr,0.1,0.03,0.3,fall,50,3,3,0,3,0,0,3,0,0,0.2449852304761058,0.3246224522556528,0.2802081626657305,1.0,0.0,0.0,1.0,0.0
Kr,0.1,0.03,0.3,fall,60,3,3,0,3,0,0,3,0,0,0.2074605208991312,0.3121770342288154,0.2573745371124577,1.0,0.0,0.0,1.0,0.0
Kr,0.1,0.03,1.0,rise,40,3,3,0,3,0,0,3,0,0,0.1699231124545701,0.2045412804218308,0.1910896313630514,1.0,0.0,0.0,1.0,0.0
Kr,0.1,0.03,1.0,rise,50,3,3,0,3,0,0,3,0,0,0.1930203258173558,0.2103946946578244,0.2034476021622678,1.0,0.0,0.0,1.0,0.0
Kr,0.1,0.03,1.0,rise,60,3,3,0,3,0,0,3,0,0,0.2136302636867031,0.2190333762848156,0.2153431710646494,1.0,0.0,0.0,1.0,0.0
Kr,0.1,0.03,1.0,fall,40,3,3,0,3,0,0,3,0,0,0.9665180196320156,1.0559205798560731,1.00940655532929,1.0,0.0,0.0,1.0,0.0
Kr,0.1,0.03,1.0,fall,50,3,3,0,3,0,0,3,0,0,0.760642179249713,0.8805755561307392,0.8187030194986314,1.0,0.0,0.0,1.0,0.0
Kr,0.1,0.03,1.0,fall,60,3,3,0,3,0,0,3,0,0,0.5955278062662647,0.7458861220119138,0.6687482730844815,1.0,0.0,0.0,1.0,0.0
Kr,0.1,0.03,3.0,rise,40,3,3,0,3,0,0,3,0,0,0.1997435299390952,0.2285471566977063,0.2176737156789391,1.0,0.0,0.0,1.0,0.0
Kr,0.1,0.03,3.0,rise,50,3,3,0,3,0,0,3,0,0,0.2296080724605563,0.2354936825938928,0.2332594942577003,1.0,0.0,0.0,1.0,0.0
Kr,0.1,0.03,3.0,rise,60,3,3,0,3,0,0,3,0,0,0.2393680448272384,0.2625392439951917,0.2485934768068839,1.0,0.0,0.0,1.0,0.0
Kr,0.1,0.03,3.0,fall,40,3,3,0,3,0,0,3,0,0,2.825270840925534,2.956835545930375,2.8904726150909648,1.0,0.0,0.0,1.0,0.0
Kr,0.1,0.03,3.0,fall,50,3,3,0,3,0,0,3,0,0,2.173107938856172,2.3352034091540186,2.2534819606538563,1.0,0.0,0.0,1.0,0.0
Kr,0.1,0.03,3.0,fall,60,3,3,0,3,0,0,3,0,0,1.6433503589767398,1.835870954485443,1.7388840275035362,1.0,0.0,0.0,1.0,0.0
Kr,0.1,0.1,0.01,rise,40,3,3,0,3,0,0,3,0,0,0.0306931950607315,0.0325924795816834,0.0317915752010574,1.0,0.0,0.0,1.0,0.0
Kr,0.1,0.1,0.01,rise,50,3,3,0,3,0,0,3,0,0,0.0305305614125755,0.0330397581053733,0.0319321659119102,1.0,0.0,0.0,1.0,0.0
Kr,0.1,0.1,0.01,rise,60,3,3,0,3,0,0,3,0,0,0.0302962125227043,0.0333884626337129,0.0320467844233784,1.0,0.0,0.0,1.0,0.0
Kr,0.1,0.1,0.01,fall,40,3,3,0,3,0,0,3,0,0,0.0330766570287757,0.0346085229469204,0.0333908526424213,1.0,0.0,0.0,1.0,0.0
Kr,0.1,0.1,0.01,fall,50,3,3,0,3,0,0,3,0,0,0.0330007182360526,0.0344986989926732,0.0332190001456144,1.0,0.0,0.0,1.0,0.0
Kr,0.1,0.1,0.01,fall,60,3,3,0,3,0,0,3,0,0,0.03294973383589,0.0341889794577114,0.0330877526398918,1.0,0.0,0.0,1.0,0.0
Kr,0.1,0.1,0.03,rise,40,3,3,0,3,0,0,3,0,0,0.0367453842526226,0.0385777745423796,0.0378642775308674,1.0,0.0,0.0,1.0,0.0
Kr,0.1,0.1,0.03,rise,50,3,3,0,3,0,0,3,0,0,0.0365924454542508,0.0392135296446583,0.038076300987454,1.0,0.0,0.0,1.0,0.0
Kr,0.1,0.1,0.03,rise,60,3,3,0,3,0,0,3,0,0,0.0363501554894868,0.0397511627819361,0.0382509073364935,1.0,0.0,0.0,1.0,0.0
Kr,0.1,0.1,0.03,fall,40,3,3,0,3,0,0,3,0,0,0.0400773179995592,0.0416617128686938,0.0403513339005943,1.0,0.0,0.0,1.0,0.0
Kr,0.1,0.1,0.03,fall,50,3,3,0,3,0,0,3,0,0,0.0399728770032912,0.0412440855112665,0.0400807137039737,1.0,0.0,0.0,1.0,0.0
Kr,0.1,0.1,0.03,fall,60,3,3,0,3,0,0,3,0,0,0.039874085931659,0.0407142447531454,0.0399097918305478,1.0,0.0,0.0,1.0,0.0
Kr,0.1,0.1,0.1,rise,40,3,3,0,3,0,0,3,0,0,0.0616642591450482,0.0654419823142081,0.0645618005209113,1.0,0.0,0.0,1.0,0.0
Kr,0.1,0.1,0.1,rise,50,3,3,0,3,0,0,3,0,0,0.0648904355736427,0.0661924536058335,0.0659128557945067,1.0,0.0,0.0,1.0,0.0
Kr,0.1,0.1,0.1,rise,60,3,3,0,3,0,0,3,0,0,0.0659699210784708,0.0684395012277439,0.0676412910213453,1.0,0.0,0.0,1.0,0.0
Kr,0.1,0.1,0.1,fall,40,3,3,0,3,0,0,3,0,0,0.0897939452192737,0.0951528790694697,0.0905247638966727,1.0,0.0,0.0,1.0,0.0
Kr,0.1,0.1,0.1,fall,50,3,3,0,3,0,0,3,0,0,0.08181652101958,0.0939104850107224,0.0871973362647585,1.0,0.0,0.0,1.0,0.0
Kr,0.1,0.1,0.1,fall,60,3,3,0,3,0,0,3,0,0,0.0762601458255662,0.093172055107762,0.0847332028990516,1.0,0.0,0.0,1.0,0.0
Kr,0.1,0.1,0.3,rise,40,3,3,0,3,0,0,3,0,0,0.0986541063842081,0.1161273718078094,0.1090636124619869,1.0,0.0,0.0,1.0,0.0
Kr,0.1,0.1,0.3,rise,50,3,3,0,3,0,0,3,0,0,0.1086622018176329,0.1187666445169014,0.1146166953307177,1.0,0.0,0.0,1.0,0.0
Kr,0.1,0.1,0.3,rise,60,3,3,0,3,0,0,3,0,0,0.1198592670801937,0.1206209205862521,0.1201225071192247,1.0,0.0,0.0,1.0,0.0
Kr,0.1,0.1,0.3,fall,40,3,3,0,3,0,0,3,0,0,0.2680834781839458,0.2914384765968169,0.2753468187290228,1.0,0.0,0.0,1.0,0.0
Kr,0.1,0.1,0.3,fall,50,3,3,0,3,0,0,3,0,0,0.2226829376296153,0.2683186499669777,0.2409127590349684,1.0,0.0,0.0,1.0,0.0
Kr,0.1,0.1,0.3,fall,60,3,3,0,3,0,0,3,0,0,0.1870375643158071,0.2533060231621423,0.2170478153041705,1.0,0.0,0.0,1.0,0.0
Kr,0.1,0.1,1.0,rise,40,3,3,0,3,0,0,3,0,0,0.1413485264251897,0.1622187437374486,0.1535489267651891,1.0,0.0,0.0,1.0,0.0
Kr,0.1,0.1,1.0,rise,50,3,3,0,3,0,0,3,0,0,0.1614451178561081,0.1670290759745776,0.164036165900385,1.0,0.0,0.0,1.0,0.0
Kr,0.1,0.1,1.0,rise,60,3,3,0,3,0,0,3,0,0,0.1696308532711545,0.183955888387756,0.1743266196387959,1.0,0.0,0.0,1.0,0.0
Kr,0.1,0.1,1.0,fall,40,3,3,0,3,0,0,3,0,0,0.9236949644029906,0.985488991551527,0.9526182307132146,1.0,0.0,0.0,1.0,0.0
Kr,0.1,0.1,1.0,fall,50,3,3,0,3,0,0,3,0,0,0.7248447187058582,0.810051810979407,0.7650432156831815,1.0,0.0,0.0,1.0,0.0
Kr,0.1,0.1,1.0,fall,60,3,3,0,3,0,0,3,0,0,0.5650457324494547,0.6744712876248153,0.6174720775615833,1.0,0.0,0.0,1.0,0.0
Kr,0.1,0.1,3.0,rise,40,3,3,0,3,0,0,3,0,0,0.1680254244363322,0.1835797754380051,0.1772059967974962,1.0,0.0,0.0,1.0,0.0
Kr,0.1,0.1,3.0,rise,50,3,3,0,3,0,0,3,0,0,0.1894694938387272,0.1944316241061334,0.1907516776898764,1.0,0.0,0.0,1.0,0.0
Kr,0.1,0.1,3.0,rise,60,3,3,0,3,0,0,3,0,0,0.1927299521398587,0.2235115098567452,0.2043225251082012,1.0,0.0,0.0,1.0,0.0
Kr,0.1,0.1,3.0,fall,40,3,3,0,3,0,0,3,0,0,2.7761360921004465,2.8794052608226184,2.826772544319156,1.0,0.0,0.0,1.0,0.0
Kr,0.1,0.1,3.0,fall,50,3,3,0,3,0,0,3,0,0,2.1310211699896517,2.257701044220531,2.192930171518695,1.0,0.0,0.0,1.0,0.0
Kr,0.1,0.1,3.0,fall,60,3,3,0,3,0,0,3,0,0,1.606686687633803,1.7575740897607834,1.6808110335579705,1.0,0.0,0.0,1.0,0.0
Kr,0.1,0.3,0.01,rise,40,3,3,0,3,0,0,3,0,0,0.0362026961803543,0.0379143221213204,0.0369791280608186,1.0,0.0,0.0,1.0,0.0
Kr,0.1,0.3,0.01,rise,50,3,3,0,3,0,0,3,0,0,0.0361485162268435,0.0380435377560693,0.0371417522898456,1.0,0.0,0.0,1.0,0.0
Kr,0.1,0.3,0.01,rise,60,3,3,0,3,0,0,3,0,0,0.036048160623377,0.0380082954636157,0.0372791640704532,1.0,0.0,0.0,1.0,0.0
Kr,0.1,0.3,0.01,fall,40,3,3,0,3,0,0,3,0,0,0.0388339578954921,0.0398789896799853,0.0390823047509523,1.0,0.0,0.0,1.0,0.0
Kr,0.1,0.3,0.01,fall,50,3,3,0,3,0,0,3,0,0,0.0387423479200571,0.0398790140008451,0.0390846310713068,1.0,0.0,0.0,1.0,0.0
Kr,0.1,0.3,0.01,fall,60,3,3,0,3,0,0,3,0,0,0.0385369371467688,0.0398794038239409,0.0390612523488309,1.0,0.0,0.0,1.0,0.0
Kr,0.1,0.3,0.03,rise,40,3,3,0,3,0,0,3,0,0,0.0382658517134808,0.0400520462677458,0.0390930679687911,1.0,0.0,0.0,1.0,0.0
Kr,0.1,0.3,0.03,rise,50,3,3,0,3,0,0,3,0,0,0.0382087527095722,0.0402478093949629,0.0392741118070054,1.0,0.0,0.0,1.0,0.0
Kr,0.1,0.3,0.03,rise,60,3,3,0,3,0,0,3,0,0,0.0381006949274279,0.0402703670914685,0.0394274647085029,1.0,0.0,0.0,1.0,0.0
Kr,0.1,0.3,0.03,fall,40,3,3,0,3,0,0,3,0,0,0.0412499094395653,0.042398887403843,0.041539476594911,1.0,0.0,0.0,1.0,0.0
Kr,0.1,0.3,0.03,fall,50,3,3,0,3,0,0,3,0,0,0.0411129388259831,0.0423966470056542,0.0415277752300105,1.0,0.0,0.0,1.0,0.0
Kr,0.1,0.3,0.03,fall,60,3,3,0,3,0,0,3,0,0,0.0408809697193419,0.0423858525210261,0.0414425075100941,1.0,0.0,0.0,1.0,0.0
Kr,0.1,0.3,0.1,rise,40,3,3,0,3,0,0,3,0,0,0.0508560589776416,0.0527005389498566,0.0520570775195258,1.0,0.0,0.0,1.0,0.0
Kr,0.1,0.3,0.1,rise,50,3,3,0,3,0,0,3,0,0,0.0509283823150041,0.0547541917515722,0.0529389405324909,1.0,0.0,0.0,1.0,0.0
Kr,0.1,0.3,0.1,rise,60,3,3,0,3,0,0,3,0,0,0.0507903760332006,0.0567230612820588,0.0537378113642451,1.0,0.0,0.0,1.0,0.0
Kr,0.1,0.3,0.1,fall,40,3,3,0,3,0,0,3,0,0,0.0725552564330374,0.0766486220387017,0.0745800151470881,1.0,0.0,0.0,1.0,0.0
Kr,0.1,0.3,0.1,fall,50,3,3,0,3,0,0,3,0,0,0.0695142936662503,0.0739255444501036,0.0715572847919132,1.0,0.0,0.0,1.0,0.0
Kr,0.1,0.3,0.1,fall,60,3,3,0,3,0,0,3,0,0,0.0675183874720067,0.0704139952613212,0.0679633659299221,1.0,0.0,0.0,1.0,0.0
Kr,0.1,0.3,0.3,rise,40,3,3,0,3,0,0,3,0,0,0.0783978339250775,0.0792834079470294,0.0789092258635916,1.0,0.0,0.0,1.0,0.0
Kr,0.1,0.3,0.3,rise,50,3,3,0,3,0,0,3,0,0,0.0800109481983821,0.0860558624717451,0.0827615603174014,1.0,0.0,0.0,1.0,0.0
Kr,0.1,0.3,0.3,rise,60,3,3,0,3,0,0,3,0,0,0.0803721762833082,0.0937537534123071,0.0861295463632805,1.0,0.0,0.0,1.0,0.0
Kr,0.1,0.3,0.3,fall,40,3,3,0,3,0,0,3,0,0,0.2461388210864348,0.2482054877583219,0.2477300054192783,1.0,0.0,0.0,1.0,0.0
Kr,0.1,0.3,0.3,fall,50,3,3,0,3,0,0,3,0,0,0.2162921569617987,0.2174981219083682,0.2165709483246081,1.0,0.0,0.0,1.0,0.0
Kr,0.1,0.3,0.3,fall,60,3,3,0,3,0,0,3,0,0,0.1869229938148369,0.1923574374530314,0.1887183074401242,1.0,0.0,0.0,1.0,0.0
Kr,0.1,0.3,1.0,rise,40,3,3,0,3,0,0,3,0,0,0.1084651137926403,0.1094086191619491,0.1093097070190282,1.0,0.0,0.0,1.0,0.0
Kr,0.1,0.3,1.0,rise,50,3,3,0,3,0,0,3,0,0,0.1110877986594138,0.1244445909817886,0.1164730073009819,1.0,0.0,0.0,1.0,0.0
Kr,0.1,0.3,1.0,rise,60,3,3,0,3,0,0,3,0,0,0.1123640536916321,0.1397653651650308,0.1237013457005983,1.0,0.0,0.0,1.0,0.0
Kr,0.1,0.3,1.0,fall,40,3,3,0,3,0,0,3,0,0,0.8814610782723538,0.9025824365494916,0.8942780019038774,1.0,0.0,0.0,1.0,0.0
Kr,0.1,0.3,1.0,fall,50,3,3,0,3,0,0,3,0,0,0.716034957704125,0.7389763959585749,0.7294286231131091,1.0,0.0,0.0,1.0,0.0
Kr,0.1,0.3,1.0,fall,60,3,3,0,3,0,0,3,0,0,0.5755537213680226,0.6051219735119827,0.5901465244140163,1.0,0.0,0.0,1.0,0.0
Kr,0.1,0.3,3.0,rise,40,3,3,0,3,0,0,3,0,0,0.1230245214561716,0.1285847223072199,0.1257790385284952,1.0,0.0,0.0,1.0,0.0
Kr,0.1,0.3,3.0,rise,50,3,3,0,3,0,0,3,0,0,0.1265150948974145,0.1483403726241242,0.1352856557554476,1.0,0.0,0.0,1.0,0.0
Kr,0.1,0.3,3.0,rise,60,3,3,0,3,0,0,3,0,0,0.1283720985297355,0.1687085040515871,0.1450822917015373,1.0,0.0,0.0,1.0,0.0
Kr,0.1,0.3,3.0,fall,40,3,3,0,3,0,0,3,0,0,2.699327501134889,2.751095440007818,2.7275428323195188,1.0,0.0,0.0,1.0,0.0
Kr,0.1,0.3,3.0,fall,50,3,3,0,3,0,0,3,0,0,2.096703227173342,2.1492981131067928,2.1249347186754246,1.0,0.0,0.0,1.0,0.0
Kr,0.1,0.3,3.0,fall,60,3,3,0,3,0,0,3,0,0,1.603776995594902,1.6616286138092828,1.6324297143712303,1.0,0.0,0.0,1.0,0.0
Kr,0.1,1.0,0.01,rise,40,3,3,0,3,0,0,3,0,0,0.0390083560833839,0.0401200743589253,0.0395039713753954,1.0,0.0,0.0,1.0,0.0
Kr,0.1,1.0,0.01,rise,50,3,3,0,3,0,0,3,0,0,0.0390451746267973,0.0401539882499051,0.0396845846943793,1.0,0.0,0.0,1.0,0.0
Kr,0.1,1.0,0.01,rise,60,3,3,0,3,0,0,3,0,0,0.0390548233997323,0.0401937563140571,0.0398441300637649,1.0,0.0,0.0,1.0,0.0
Kr,0.1,1.0,0.01,fall,40,3,3,0,3,0,0,3,0,0,0.0414383570078376,0.0431960900631174,0.0419514838400378,1.0,0.0,0.0,1.0,0.0
Kr,0.1,1.0,0.01,fall,50,3,3,0,3,0,0,3,0,0,0.0414382763774603,0.0431961182141242,0.0419514768749786,1.0,0.0,0.0,1.0,0.0
Kr,0.1,1.0,0.01,fall,60,3,3,0,3,0,0,3,0,0,0.0414383937867506,0.0431961331402686,0.0419514612695297,1.0,0.0,0.0,1.0,0.0
Kr,0.1,1.0,0.03,rise,40,3,3,0,3,0,0,3,0,0,0.0396332952804006,0.0407801036412934,0.0401440572236875,1.0,0.0,0.0,1.0,0.0
Kr,0.1,1.0,0.03,rise,50,3,3,0,3,0,0,3,0,0,0.0396702069566113,0.0408196768657413,0.0403296156092533,1.0,0.0,0.0,1.0,0.0
Kr,0.1,1.0,0.03,rise,60,3,3,0,3,0,0,3,0,0,0.039679125025638,0.0408614655567727,0.0404936936790537,1.0,0.0,0.0,1.0,0.0
Kr,0.1,1.0,0.03,fall,40,3,3,0,3,0,0,3,0,0,0.0421569044842711,0.0439889041865124,0.0426902280088847,1.0,0.0,0.0,1.0,0.0
Kr,0.1,1.0,0.03,fall,50,3,3,0,3,0,0,3,0,0,0.0421569270094226,0.0439889025935444,0.0426901835374284,1.0,0.0,0.0,1.0,0.0
Kr,0.1,1.0,0.03,fall,60,3,3,0,3,0,0,3,0,0,0.0421569773660521,0.0439889101072501,0.0426901210852788,1.0,0.0,0.0,1.0,0.0
Kr,0.1,1.0,0.1,rise,40,3,3,0,3,0,0,3,0,0,0.0440280930633782,0.0461614771994362,0.0450560335378111,1.0,0.0,0.0,1.0,0.0
Kr,0.1,1.0,0.1,rise,50,3,3,0,3,0,0,3,0,0,0.0440979042168147,0.046867726419763,0.04552790156795,1.0,0.0,0.0,1.0,0.0
Kr,0.1,1.0,0.1,rise,60,3,3,0,3,0,0,3,0,0,0.0440914002458776,0.047414902019938,0.0459657582716825,1.0,0.0,0.0,1.0,0.0
Kr,0.1,1.0,0.1,fall,40,3,3,0,3,0,0,3,0,0,0.0556388475185993,0.0612138802503872,0.0575958692547156,1.0,0.0,0.0,1.0,0.0
Kr,0.1,1.0,0.1,fall,50,3,3,0,3,0,0,3,0,0,0.0556193797969457,0.0611922765211807,0.0575766964929813,1.0,0.0,0.0,1.0,0.0
Kr,0.1,1.0,0.1,fall,60,3,3,0,3,0,0,3,0,0,0.0555260459142636,0.0610881813437378,0.0574848314576319,1.0,0.0,0.0,1.0,0.0
Kr,0.1,1.0,0.3,rise,40,3,3,0,3,0,0,3,0,0,0.0553309453661565,0.0599755102255327,0.0576084821745312,1.0,0.0,0.0,1.0,0.0
Kr,0.1,1.0,0.3,rise,50,3,3,0,3,0,0,3,0,0,0.0557778287267514,0.0635420545659259,0.0594166603604678,1.0,0.0,0.0,1.0,0.0
Kr,0.1,1.0,0.3,rise,60,3,3,0,3,0,0,3,0,0,0.0559402384557224,0.0668538980295029,0.0612261700846111,1.0,0.0,0.0,1.0,0.0
Kr,0.1,1.0,0.3,fall,40,3,3,0,3,0,0,3,0,0,0.190989570497382,0.2098124867990107,0.1993902815368042,1.0,0.0,0.0,1.0,0.0
Kr,0.1,1.0,0.3,fall,50,3,3,0,3,0,0,3,0,0,0.1827990981627156,0.2006000750552206,0.1907544203415252,1.0,0.0,0.0,1.0,0.0
Kr,0.1,1.0,0.3,fall,60,3,3,0,3,0,0,3,0,0,0.1714731549222115,0.1877637913549805,0.1787730006954675,1.0,0.0,0.0,1.0,0.0
Kr,0.1,1.0,1.0,rise,40,3,3,0,3,0,0,3,0,0,0.0685445325495546,0.0772019579859928,0.0725362492853464,1.0,0.0,0.0,1.0,0.0
Kr,0.1,1.0,1.0,rise,50,3,3,0,3,0,0,3,0,0,0.0697273281868482,0.084904040405906,0.0763978018237842,1.0,0.0,0.0,1.0,0.0
Kr,0.1,1.0,1.0,rise,60,3,3,0,3,0,0,3,0,0,0.0703650379871909,0.0925757724536957,0.0804371539032062,1.0,0.0,0.0,1.0,0.0
Kr,0.1,1.0,1.0,fall,40,3,3,0,3,0,0,3,0,0,0.8819599303028132,0.9105041696892328,0.8957226049675269,1.0,0.0,0.0,1.0,0.0
Kr,0.1,1.0,1.0,fall,50,3,3,0,3,0,0,3,0,0,0.7686771941697623,0.7943136197159713,0.7810081356981682,1.0,0.0,0.0,1.0,0.0
Kr,0.1,1.0,1.0,fall,60,3,3,0,3,0,0,3,0,0,0.6585702625271872,0.6805964900170385,0.669131629024603,1.0,0.0,0.0,1.0,0.0
Kr,0.1,1.0,3.0,rise,40,3,3,0,3,0,0,3,0,0,0.0752627610720452,0.0872768035419444,0.0806445629549014,1.0,0.0,0.0,1.0,0.0
Kr,0.1,1.0,3.0,rise,50,3,3,0,3,0,0,3,0,0,0.0769043904774504,0.0975625386314471,0.0857740227942172,1.0,0.0,0.0,1.0,0.0
Kr,0.1,1.0,3.0,rise,60,3,3,0,3,0,0,3,0,0,0.0778769797786963,0.1080825203341465,0.0912457411777493,1.0,0.0,0.0,1.0,0.0
Kr,0.1,1.0,3.0,fall,40,3,3,0,3,0,0,3,0,0,2.7302246922963818,2.7571222387636167,2.7431667674490914,1.0,0.0,0.0,1.0,0.0
Kr,0.1,1.0,3.0,fall,50,3,3,0,3,0,0,3,0,0,2.240381262156269,2.265596387542363,2.2524663259517013,1.0,0.0,0.0,1.0,0.0
Kr,0.1,1.0,3.0,fall,60,3,3,0,3,0,0,3,0,0,1.8175435532427613,1.840279309679339,1.82836815259235,1.0,0.0,0.0,1.0,0.0
Kr,0.1,3.0,0.01,rise,40,3,3,0,3,0,0,3,0,0,0.040091099801842,0.0408410413087905,0.0404018723715779,1.0,0.0,0.0,1.0,0.0
Kr,0.1,3.0,0.01,rise,50,3,3,0,3,0,0,3,0,0,0.0401825160662021,0.0409069038903901,0.0406024921094264,1.0,0.0,0.0,1.0,0.0
Kr,0.1,3.0,0.01,rise,60,3,3,0,3,0,0,3,0,0,0.0402533766651262,0.0409786253229277,0.0407870306081051,1.0,0.0,0.0,1.0,0.0
Kr,0.1,3.0,0.01,fall,40,3,3,0,3,0,0,3,0,0,0.0428641915441763,0.0446944985927033,0.0436123955250677,1.0,0.0,0.0,1.0,0.0
Kr,0.1,3.0,0.01,fall,50,3,3,0,3,0,0,3,0,0,0.042864183467385,0.0446945240225131,0.043612339879945,1.0,0.0,0.0,1.0,0.0
Kr,0.1,3.0,0.01,fall,60,3,3,0,3,0,0,3,0,0,0.0428641850668261,0.0446945158434717,0.0436123444452145,1.0,0.0,0.0,1.0,0.0
Kr,0.1,3.0,0.03,rise,40,3,3,0,3,0,0,3,0,0,0.0403013037854418,0.0410612361095908,0.0406164072685543,1.0,0.0,0.0,1.0,0.0
Kr,0.1,3.0,0.03,rise,50,3,3,0,3,0,0,3,0,0,0.0403930469895364,0.0411280908409055,0.0408187762462078,1.0,0.0,0.0,1.0,0.0
Kr,0.1,3.0,0.03,rise,60,3,3,0,3,0,0,3,0,0,0.0404639796267839,0.0412005850149607,0.0410050204940319,1.0,0.0,0.0,1.0,0.0
Kr,0.1,3.0,0.03,fall,40,3,3,0,3,0,0,3,0,0,0.0431113330947958,0.0449978307640472,0.0438727169086958,1.0,0.0,0.0,1.0,0.0
Kr,0.1,3.0,0.03,fall,50,3,3,0,3,0,0,3,0,0,0.0431113119677877,0.0449978304526341,0.0438726986357362,1.0,0.0,0.0,1.0,0.0
Kr,0.1,3.0,0.03,fall,60,3,3,0,3,0,0,3,0,0,0.0431113106569274,0.0449978304781839,0.0438727001348975,1.0,0.0,0.0,1.0,0.0
Kr,0.1,3.0,0.1,rise,40,3,3,0,3,0,0,3,0,0,0.0419111084547688,0.0431436589299686,0.0424553162880642,1.0,0.0,0.0,1.0,0.0
Kr,0.1,3.0,0.1,rise,50,3,3,0,3,0,0,3,0,0,0.0420230778473877,0.0434248677483692,0.0427755534874182,1.0,0.0,0.0,1.0,0.0
Kr,0.1,3.0,0.1,rise,60,3,3,0,3,0,0,3,0,0,0.0420993904762565,0.0436623741483258,0.0430786926446439,1.0,0.0,0.0,1.0,0.0
Kr,0.1,3.0,0.1,fall,40,3,3,0,3,0,0,3,0,0,0.0495016298527852,0.0557469200245956,0.0517552933109355,1.0,0.0,0.0,1.0,0.0
Kr,0.1,3.0,0.1,fall,50,3,3,0,3,0,0,3,0,0,0.0495015697171297,0.0557469354911259,0.0517552581695537,1.0,0.0,0.0,1.0,0.0
Kr,0.1,3.0,0.1,fall,60,3,3,0,3,0,0,3,0,0,0.0495015738286497,0.0557469236240431,0.0517552589039067,1.0,0.0,0.0,1.0,0.0
Kr,0.1,3.0,0.3,rise,40,3,3,0,3,0,0,3,0,0,0.0463219225423804,0.04934929952428,0.0477201277741566,1.0,0.0,0.0,1.0,0.0
Kr,0.1,3.0,0.3,rise,50,3,3,0,3,0,0,3,0,0,0.0465995558002977,0.0508882665577406,0.048657101564407,1.0,0.0,0.0,1.0,0.0
Kr,0.1,3.0,0.3,rise,60,3,3,0,3,0,0,3,0,0,0.0467677020205,0.052359746079395,0.0496156449535364,1.0,0.0,0.0,1.0,0.0
Kr,0.1,3.0,0.3,fall,40,3,3,0,3,0,0,3,0,0,0.1392076899512297,0.1695188540025629,0.152405760480311,1.0,0.0,0.0,1.0,0.0
Kr,0.1,3.0,0.3,fall,50,3,3,0,3,0,0,3,0,0,0.1391006219181836,0.1693826406395575,0.1522855081566851,1.0,0.0,0.0,1.0,0.0
Kr,0.1,3.0,0.3,fall,60,3,3,0,3,0,0,3,0,0,0.1385853238582277,0.1687262189699216,0.151706721938349,1.0,0.0,0.0,1.0,0.0
Kr,0.1,3.0,1.0,rise,40,3,3,0,3,0,0,3,0,0,0.0516686226212509,0.0574442901304325,0.0542589827394264,1.0,0.0,0.0,1.0,0.0
Kr,0.1,3.0,1.0,rise,50,3,3,0,3,0,0,3,0,0,0.0522725206508956,0.0609777253262082,0.0561716413391102,1.0,0.0,0.0,1.0,0.0
Kr,0.1,3.0,1.0,rise,60,3,3,0,3,0,0,3,0,0,0.0526699966834923,0.0646055200862589,0.0582219187745903,1.0,0.0,0.0,1.0,0.0
Kr,0.1,3.0,1.0,fall,40,3,3,0,3,0,0,3,0,0,0.8297511930237929,0.8988227439574299,0.8627531814911551,1.0,0.0,0.0,1.0,0.0
Kr,0.1,3.0,1.0,fall,50,3,3,0,3,0,0,3,0,0,0.7861981415774761,0.8535867633568364,0.818342867667532,1.0,0.0,0.0,1.0,0.0
Kr,0.1,3.0,1.0,fall,60,3,3,0,3,0,0,3,0,0,0.7280083433193503,0.7929167586307622,0.7588922767962236,1.0,0.0,0.0,1.0,0.0
Kr,0.1,3.0,3.0,rise,40,3,3,0,3,0,0,3,0,0,0.054383001881528,0.0619864352145247,0.0577326473369078,1.0,0.0,0.0,1.0,0.0
Kr,0.1,3.0,3.0,rise,50,3,3,0,3,0,0,3,0,0,0.0551884877483475,0.0667209703466792,0.0602206692538417,1.0,0.0,0.0,1.0,0.0
Kr,0.1,3.0,3.0,rise,60,3,3,0,3,0,0,3,0,0,0.0557414375425058,0.0717043812609207,0.0629354993769197,1.0,0.0,0.0,1.0,0.0
Kr,0.1,3.0,3.0,fall,40,3,3,0,3,0,0,3,0,0,2.950751705678825,3.0387270944534395,2.9937830543042807,1.0,0.0,0.0,1.0,0.0
Kr,0.1,3.0,3.0,fall,50,3,3,0,3,0,0,3,0,0,2.592804182723936,2.6785940302581484,2.6346820600580125,1.0,0.0,0.0,1.0,0.0
Kr,0.1,3.0,3.0,fall,60,3,3,0,3,0,0,3,0,0,2.239793952536805,2.3227856413460413,2.280196711759019,1.0,0.0,0.0,1.0,0.0
Kr,0.3,0.01,0.01,rise,40,3,3,0,3,0,0,3,0,0,0.0566167614931812,0.0807456700417262,0.0673236436225523,1.0,0.0,0.0,1.0,0.0
Kr,0.3,0.01,0.01,rise,50,3,3,0,3,0,0,3,0,0,0.0554512146194821,0.0847457001682038,0.0692036974171812,1.0,0.0,0.0,1.0,0.0
Kr,0.3,0.01,0.01,rise,60,3,3,0,3,0,0,3,0,0,0.0535732545895984,0.0875236058898122,0.0706968415395385,1.0,0.0,0.0,1.0,0.0
Kr,0.3,0.01,0.01,fall,40,3,3,0,3,0,0,3,0,0,0.0816851552686814,0.0963831419145719,0.0867983064205444,1.0,0.0,0.0,1.0,0.0
Kr,0.3,0.01,0.01,fall,50,3,3,0,3,0,0,3,0,0,0.0807139287714332,0.0952634307174042,0.0849694514286647,1.0,0.0,0.0,1.0,0.0
Kr,0.3,0.01,0.01,fall,60,3,3,0,3,0,0,3,0,0,0.080020590811709,0.0936740163904661,0.0834761901665646,1.0,0.0,0.0,1.0,0.0
Kr,0.3,0.01,0.03,rise,40,3,3,0,3,0,0,3,0,0,0.0771365608661387,0.0996596457994289,0.0883550362446293,1.0,0.0,0.0,1.0,0.0
Kr,0.3,0.01,0.03,rise,50,3,3,0,3,0,0,3,0,0,0.0759596922775476,0.1036278198194547,0.0904604657752192,1.0,0.0,0.0,1.0,0.0
Kr,0.3,0.01,0.03,rise,60,3,3,0,3,0,0,3,0,0,0.0740081182863213,0.1064825001375131,0.092132028785243,1.0,0.0,0.0,1.0,0.0
Kr,0.3,0.01,0.03,fall,40,3,3,0,3,0,0,3,0,0,0.1067048167684366,0.1175409440743704,0.1099952907039214,1.0,0.0,0.0,1.0,0.0
Kr,0.3,0.01,0.03,fall,50,3,3,0,3,0,0,3,0,0,0.1060145279597597,0.1161625035594293,0.1080716438183482,1.0,0.0,0.0,1.0,0.0
Kr,0.3,0.01,0.03,fall,60,3,3,0,3,0,0,3,0,0,0.1057276273671088,0.114486672892597,0.1064097100942214,1.0,0.0,0.0,1.0,0.0
Kr,0.3,0.01,0.1,rise,40,3,3,0,3,0,0,3,0,0,0.1330401225104381,0.1394416179630944,0.1387347678306609,1.0,0.0,0.0,1.0,0.0
Kr,0.3,0.01,0.1,rise,50,3,3,0,3,0,0,3,0,0,0.1334132844633406,0.1456260204669138,0.1429596098488717,1.0,0.0,0.0,1.0,0.0
Kr,0.3,0.01,0.1,rise,60,3,3,0,3,0,0,3,0,0,0.1326564929912593,0.1512146619120621,0.146501329331232,1.0,0.0,0.0,1.0,0.0
Kr,0.3,0.01,0.1,fall,40,3,3,0,3,0,0,3,0,0,0.183402148862976,0.1988482328478715,0.1894648302679431,1.0,0.0,0.0,1.0,0.0
Kr,0.3,0.01,0.1,fall,50,3,3,0,3,0,0,3,0,0,0.1759141166775693,0.1979837238671112,0.1848444177623975,1.0,0.0,0.0,1.0,0.0
Kr,0.3,0.01,0.1,fall,60,3,3,0,3,0,0,3,0,0,0.1698951157066919,0.1982492578493141,0.180910460111688,1.0,0.0,0.0,1.0,0.0
Kr,0.3,0.01,0.3,rise,40,3,3,0,3,0,0,3,0,0,0.1885523938203644,0.2082390085955158,0.2012868697410167,1.0,0.0,0.0,1.0,0.0
Kr,0.3,0.01,0.3,rise,50,3,3,0,3,0,0,3,0,0,0.200886138065351,0.2123570763051345,0.2100497981850509,1.0,0.0,0.0,1.0,0.0
Kr,0.3,0.01,0.3,rise,60,3,3,0,3,0,0,3,0,0,0.2144349812852081,0.2179831636949218,0.2147482151414504,1.0,0.0,0.0,1.0,0.0
Kr,0.3,0.01,0.3,fall,40,3,3,0,3,0,0,3,0,0,0.3755964927615478,0.4231512723481663,0.3939254840654713,1.0,0.0,0.0,1.0,0.0
Kr,0.3,0.01,0.3,fall,50,3,3,0,3,0,0,3,0,0,0.32674326602194,0.4027871988316297,0.3596443445592239,1.0,0.0,0.0,1.0,0.0
Kr,0.3,0.01,0.3,fall,60,3,3,0,3,0,0,3,0,0,0.2900405364878662,0.3897484920749761,0.3365910536177132,1.0,0.0,0.0,1.0,0.0
Kr,0.3,0.01,1.0,rise,40,3,3,0,3,0,0,3,0,0,0.2393370367152346,0.2686136692289971,0.2576479587047775,1.0,0.0,0.0,1.0,0.0
Kr,0.3,0.01,1.0,rise,50,3,3,0,3,0,0,3,0,0,0.2618857464737033,0.2759346526297819,0.2717945661177477,1.0,0.0,0.0,1.0,0.0
Kr,0.3,0.01,1.0,rise,60,3,3,0,3,0,0,3,0,0,0.2815819448927066,0.2873403977459644,0.2852532895716538,1.0,0.0,0.0,1.0,0.0
Kr,0.3,0.01,1.0,fall,40,3,3,0,3,0,0,3,0,0,1.0499141098152074,1.137145315512774,1.0917969077330314,1.0,0.0,0.0,1.0,0.0
Kr,0.3,0.01,1.0,fall,50,3,3,0,3,0,0,3,0,0,0.8448604734990617,0.962125844228611,0.9013234290722792,1.0,0.0,0.0,1.0,0.0
Kr,0.3,0.01,1.0,fall,60,3,3,0,3,0,0,3,0,0,0.6805328956148664,0.827773343275534,0.7515549321836175,1.0,0.0,0.0,1.0,0.0
Kr,0.3,0.01,3.0,rise,40,3,3,0,3,0,0,3,0,0,0.2698528695555932,0.2953215412578108,0.2865301827711802,1.0,0.0,0.0,1.0,0.0
Kr,0.3,0.01,3.0,rise,50,3,3,0,3,0,0,3,0,0,0.2993928826037187,0.3043825827428267,0.3040090744141051,1.0,0.0,0.0,1.0,0.0
Kr,0.3,0.01,3.0,rise,60,3,3,0,3,0,0,3,0,0,0.3115141180764768,0.3320916988871791,0.3210563929054302,1.0,0.0,0.0,1.0,0.0
Kr,0.3,0.01,3.0,fall,40,3,3,0,3,0,0,3,0,0,2.911782388356486,3.0414682231555936,2.975594063053313,1.0,0.0,0.0,1.0,0.0
Kr,0.3,0.01,3.0,fall,50,3,3,0,3,0,0,3,0,0,2.260441647531281,2.4201616750001627,2.338833432043439,1.0,0.0,0.0,1.0,0.0
Kr,0.3,0.01,3.0,fall,60,3,3,0,3,0,0,3,0,0,1.7314708811215327,1.921166140480228,1.824421814926476,1.0,0.0,0.0,1.0,0.0
Kr,0.3,0.03,0.01,rise,40,3,3,0,3,0,0,3,0,0,0.0471549167000952,0.0725422246125221,0.0580308854867358,1.0,0.0,0.0,1.0,0.0
Kr,0.3,0.03,0.01,rise,50,3,3,0,3,0,0,3,0,0,0.0459177890448819,0.0755729115204928,0.0595983949880923,1.0,0.0,0.0,1.0,0.0
Kr,0.3,0.03,0.01,rise,60,3,3,0,3,0,0,3,0,0,0.0440358988500078,0.0774059425549011,0.0608382068876477,1.0,0.0,0.0,1.0,0.0
Kr,0.3,0.03,0.01,fall,40,3,3,0,3,0,0,3,0,0,0.0677754322750057,0.0841215385363414,0.0741327033692871,1.0,0.0,0.0,1.0,0.0
Kr,0.3,0.03,0.01,fall,50,3,3,0,3,0,0,3,0,0,0.0666455169557421,0.0841414903116093,0.0726298008051027,1.0,0.0,0.0,1.0,0.0
Kr,0.3,0.03,0.01,fall,60,3,3,0,3,0,0,3,0,0,0.0656768263344019,0.0835992843299611,0.071390659377838,1.0,0.0,0.0,1.0,0.0
Kr,0.3,0.03,0.03,rise,40,3,3,0,3,0,0,3,0,0,0.0672267322311716,0.0910157333090179,0.0785471825389869,1.0,0.0,0.0,1.0,0.0
Kr,0.3,0.03,0.03,rise,50,3,3,0,3,0,0,3,0,0,0.065987566760536,0.0940157261779595,0.0803282288542742,1.0,0.0,0.0,1.0,0.0
Kr,0.3,0.03,0.03,rise,60,3,3,0,3,0,0,3,0,0,0.0640457228787779,0.0959293043467647,0.0817372625787513,1.0,0.0,0.0,1.0,0.0
Kr,0.3,0.03,0.03,fall,40,3,3,0,3,0,0,3,0,0,0.0920411716678162,0.1047083817003002,0.0966933519699639,1.0,0.0,0.0,1.0,0.0
Kr,0.3,0.03,0.03,fall,50,3,3,0,3,0,0,3,0,0,0.0911667569962433,0.1044639845731518,0.0951102533923458,1.0,0.0,0.0,1.0,0.0
Kr,0.3,0.03,0.03,fall,60,3,3,0,3,0,0,3,0,0,0.0905702037477835,0.1038271963034518,0.0937141750056996,1.0,0.0,0.0,1.0,0.0
Kr,0.3,0.03,0.1,rise,40,3,3,0,3,0,0,3,0,0,0.1224273076846443,0.1301908884048369,0.128163835378974,1.0,0.0,0.0,1.0,0.0
Kr,0.3,0.03,0.1,rise,50,3,3,0,3,0,0,3,0,0,0.1227452062240463,0.1354081196693583,0.132045716517451,1.0,0.0,0.0,1.0,0.0
Kr,0.3,0.03,0.1,rise,60,3,3,0,3,0,0,3,0,0,0.1220112635245113,0.140057200349538,0.1353107623564834,1.0,0.0,0.0,1.0,0.0
Kr,0.3,0.03,0.1,fall,40,3,3,0,3,0,0,3,0,0,0.1698365025261363,0.1830908920359986,0.1752403467471753,1.0,0.0,0.0,1.0,0.0
Kr,0.3,0.03,0.1,fall,50,3,3,0,3,0,0,3,0,0,0.1634608515123798,0.1820095595627721,0.1709661159047619,1.0,0.0,0.0,1.0,0.0
Kr,0.3,0.03,0.1,fall,60,3,3,0,3,0,0,3,0,0,0.1584644980938885,0.1819197604067655,0.1673125786578054,1.0,0.0,0.0,1.0,0.0
Kr,0.3,0.03,0.3,rise,40,3,3,0,3,0,0,3,0,0,0.1788521888957066,0.1970288797592773,0.1901894859490282,1.0,0.0,0.0,1.0,0.0
Kr,0.3,0.03,0.3,rise,50,3,3,0,3,0,0,3,0,0,0.1902126582907781,0.2010759591060033,0.1985994102768556,1.0,0.0,0.0,1.0,0.0
Kr,0.3,0.03,0.3,rise,60,3,3,0,3,0,0,3,0,0,0.2028082766681966,0.2062479240165483,0.203478031598867,1.0,0.0,0.0,1.0,0.0
Kr,0.3,0.03,0.3,fall,40,3,3,0,3,0,0,3,0,0,0.3614949141672812,0.4067461020025644,0.3791200188272877,1.0,0.0,0.0,1.0,0.0
Kr,0.3,0.03,0.3,fall,50,3,3,0,3,0,0,3,0,0,0.3138381987914618,0.3861514071190127,0.3451855893286997,1.0,0.0,0.0,1.0,0.0
Kr,0.3,0.03,0.3,fall,60,3,3,0,3,0,0,3,0,0,0.2782081740661208,0.3727501985632754,0.3223969887472925,1.0,0.0,0.0,1.0,0.0
Kr,0.3,0.03,1.0,rise,40,3,3,0,3,0,0,3,0,0,0.2293819548666675,0.2571188232068712,0.2462732551044011,1.0,0.0,0.0,1.0,0.0
Kr,0.3,0.03,1.0,rise,50,3,3,0,3,0,0,3,0,0,0.250940489030752,0.2643677842574666,0.260063277397029,1.0,0.0,0.0,1.0,0.0
Kr,0.3,0.03,1.0,rise,60,3,3,0,3,0,0,3,0,0,0.2700220598018806,0.275418790499113,0.2732338637312499,1.0,0.0,0.0,1.0,0.0
Kr,0.3,0.03,1.0,fall,40,3,3,0,3,0,0,3,0,0,1.0354827186861326,1.1203934327690577,1.076634574254425,1.0,0.0,0.0,1.0,0.0
Kr,0.3,0.03,1.0,fall,50,3,3,0,3,0,0,3,0,0,0.8316279930166375,0.9451614192727392,0.8865223793635857,1.0,0.0,0.0,1.0,0.0
Kr,0.3,0.03,1.0,fall,60,3,3,0,3,0,0,3,0,0,0.668385173323216,0.8104552548363058,0.7370447690092561,1.0,0.0,0.0,1.0,0.0
Kr,0.3,0.03,3.0,rise,40,3,3,0,3,0,0,3,0,0,0.2598027130121305,0.2837363221065804,0.2750606829042271,1.0,0.0,0.0,1.0,0.0
Kr,0.3,0.03,3.0,rise,50,3,3,0,3,0,0,3,0,0,0.2883466487932339,0.2927247676788385,0.2921818039826981,1.0,0.0,0.0,1.0,0.0
Kr,0.3,0.03,3.0,rise,60,3,3,0,3,0,0,3,0,0,0.2998622967870171,0.3200664699499118,0.3089398967235261,1.0,0.0,0.0,1.0,0.0
Kr,0.3,0.03,3.0,fall,40,3,3,0,3,0,0,3,0,0,2.89723527870727,3.0246011636669365,2.9603171539484103,1.0,0.0,0.0,1.0,0.0
Kr,0.3,0.03,3.0,fall,50,3,3,0,3,0,0,3,0,0,2.247093534033347,2.403082056765013,2.323917818497842,1.0,0.0,0.0,1.0,0.0
Kr,0.3,0.03,3.0,fall,60,3,3,0,3,0,0,3,0,0,1.7192075687310495,1.9037327986207837,1.809797024993004,1.0,0.0,0.0,1.0,0.0
Kr,0.3,0.1,0.01,rise,40,3,3,0,3,0,0,3,0,0,0.0530934899321751,0.0771885376311505,0.0644679039742251,1.0,0.0,0.0,1.0,0.0
Kr,0.3,0.1,0.01,rise,50,3,3,0,3,0,0,3,0,0,0.0519190243601019,0.0781396845050431,0.065795144692497,1.0,0.0,0.0,1.0,0.0
Kr,0.3,0.1,0.01,rise,60,3,3,0,3,0,0,3,0,0,0.0501883440406298,0.0778762131864188,0.0668329178163434,1.0,0.0,0.0,1.0,0.0
Kr,0.3,0.1,0.01,fall,40,3,3,0,3,0,0,3,0,0,0.0718935086965932,0.0826086731916526,0.0769558672196675,1.0,0.0,0.0,1.0,0.0
Kr,0.3,0.1,0.01,fall,50,3,3,0,3,0,0,3,0,0,0.0710340381973003,0.0855738850093297,0.0763055348961911,1.0,0.0,0.0,1.0,0.0
Kr,0.3,0.1,0.01,fall,60,3,3,0,3,0,0,3,0,0,0.0703659414575404,0.0877009577917466,0.0754500602491893,1.0,0.0,0.0,1.0,0.0
Kr,0.3,0.1,0.03,rise,40,3,3,0,3,0,0,3,0,0,0.0663524642144381,0.0894761271818452,0.0773161386864421,1.0,0.0,0.0,1.0,0.0
Kr,0.3,0.1,0.03,rise,50,3,3,0,3,0,0,3,0,0,0.0652694565349919,0.0902759675770327,0.0785781631660498,1.0,0.0,0.0,1.0,0.0
Kr,0.3,0.1,0.03,rise,60,3,3,0,3,0,0,3,0,0,0.0636625008818829,0.0899664866872004,0.0795577898074803,1.0,0.0,0.0,1.0,0.0
Kr,0.3,0.1,0.03,fall,40,3,3,0,3,0,0,3,0,0,0.0835527253373964,0.094000088748362,0.0886448970687985,1.0,0.0,0.0,1.0,0.0
Kr,0.3,0.1,0.03,fall,50,3,3,0,3,0,0,3,0,0,0.0827087603180316,0.0968312151233024,0.0881930718654353,1.0,0.0,0.0,1.0,0.0
Kr,0.3,0.1,0.03,fall,60,3,3,0,3,0,0,3,0,0,0.0820351390193164,0.0989205725698185,0.0875025458973178,1.0,0.0,0.0,1.0,0.0
Kr,0.3,0.1,0.1,rise,40,3,3,0,3,0,0,3,0,0,0.1080095804698016,0.1204831636554232,0.1143449186012575,1.0,0.0,0.0,1.0,0.0
Kr,0.3,0.1,0.1,rise,50,3,3,0,3,0,0,3,0,0,0.1081762611078669,0.123355628694464,0.1170460614408605,1.0,0.0,0.0,1.0,0.0
Kr,0.3,0.1,0.1,rise,60,3,3,0,3,0,0,3,0,0,0.1076152376906971,0.125660246817497,0.1193210581772555,1.0,0.0,0.0,1.0,0.0
Kr,0.3,0.1,0.1,fall,40,3,3,0,3,0,0,3,0,0,0.1480320941447399,0.1491049111097753,0.1481106217496657,1.0,0.0,0.0,1.0,0.0
Kr,0.3,0.1,0.1,fall,50,3,3,0,3,0,0,3,0,0,0.1440241437828862,0.1472580502520956,0.1451203195300869,1.0,0.0,0.0,1.0,0.0
Kr,0.3,0.1,0.1,fall,60,3,3,0,3,0,0,3,0,0,0.1413284027710892,0.1459339310259755,0.1425857954099331,1.0,0.0,0.0,1.0,0.0
Kr,0.3,0.1,0.3,rise,40,3,3,0,3,0,0,3,0,0,0.1622398792262288,0.1698155223816656,0.1664507382475452,1.0,0.0,0.0,1.0,0.0
Kr,0.3,0.1,0.3,rise,50,3,3,0,3,0,0,3,0,0,0.1710405862636679,0.1731581505980828,0.1730681457713141,1.0,0.0,0.0,1.0,0.0
Kr,0.3,0.1,0.3,rise,60,3,3,0,3,0,0,3,0,0,0.1751842892767318,0.1809142035494024,0.1793474571573202,1.0,0.0,0.0,1.0,0.0
Kr,0.3,0.1,0.3,fall,40,3,3,0,3,0,0,3,0,0,0.3313872120535945,0.3542754910534758,0.3394382699225364,1.0,0.0,0.0,1.0,0.0
Kr,0.3,0.1,0.3,fall,50,3,3,0,3,0,0,3,0,0,0.2888845545840413,0.3317176374562149,0.3064070765108974,1.0,0.0,0.0,1.0,0.0
Kr,0.3,0.1,0.3,fall,60,3,3,0,3,0,0,3,0,0,0.256227037083812,0.3164967417992607,0.2837266225639181,1.0,0.0,0.0,1.0,0.0
Kr,0.3,0.1,1.0,rise,40,3,3,0,3,0,0,3,0,0,0.2075742988446117,0.2231344283155406,0.2163555989929264,1.0,0.0,0.0,1.0,0.0
Kr,0.3,0.1,1.0,rise,50,3,3,0,3,0,0,3,0,0,0.2259425833006573,0.2294527869119128,0.2281467696811404,1.0,0.0,0.0,1.0,0.0
Kr,0.3,0.1,1.0,rise,60,3,3,0,3,0,0,3,0,0,0.2346453505874622,0.2467580036586592,0.239588038931014,1.0,0.0,0.0,1.0,0.0
Kr,0.3,0.1,1.0,fall,40,3,3,0,3,0,0,3,0,0,0.992904114543089,1.05460728566777,1.023346451484631,1.0,0.0,0.0,1.0,0.0
Kr,0.3,0.1,1.0,fall,50,3,3,0,3,0,0,3,0,0,0.7964044637955794,0.8794753568073119,0.8366156588171446,1.0,0.0,0.0,1.0,0.0
Kr,0.3,0.1,1.0,fall,60,3,3,0,3,0,0,3,0,0,0.6388739015871863,0.7440880689367922,0.6897037537126693,1.0,0.0,0.0,1.0,0.0
Kr,0.3,0.1,3.0,rise,40,3,3,0,3,0,0,3,0,0,0.2355559833618309,0.2474556802976067,0.2426909554816096,1.0,0.0,0.0,1.0,0.0
Kr,0.3,0.1,3.0,rise,50,3,3,0,3,0,0,3,0,0,0.2554692120460807,0.2605386651036142,0.2576881459352984,1.0,0.0,0.0,1.0,0.0
Kr,0.3,0.1,3.0,rise,60,3,3,0,3,0,0,3,0,0,0.2620991747666693,0.288288391519346,0.2725988460859717,1.0,0.0,0.0,1.0,0.0
Kr,0.3,0.1,3.0,fall,40,3,3,0,3,0,0,3,0,0,2.8498334598376918,2.9532814197930755,2.9016529315056845,1.0,0.0,0.0,1.0,0.0
Kr,0.3,0.1,3.0,fall,50,3,3,0,3,0,0,3,0,0,2.2070637612858865,2.331878397456901,2.2686504322360777,1.0,0.0,0.0,1.0,0.0
Kr,0.3,0.1,3.0,fall,60,3,3,0,3,0,0,3,0,0,1.684971874197298,1.8319244709019584,1.757169315156388,1.0,0.0,0.0,1.0,0.0
Kr,0.3,0.3,0.01,rise,40,3,3,0,3,0,0,3,0,0,0.0872177058143184,0.0997987997652359,0.0924617553920839,1.0,0.0,0.0,1.0,0.0
Kr,0.3,0.3,0.01,rise,50,3,3,0,3,0,0,3,0,0,0.0875697436746101,0.0995987551975724,0.094045053598429,1.0,0.0,0.0,1.0,0.0
Kr,0.3,0.3,0.01,rise,60,3,3,0,3,0,0,3,0,0,0.0876625459644008,0.0989175871281184,0.0953394779660991,1.0,0.0,0.0,1.0,0.0
Kr,0.3,0.3,0.01,fall,40,3,3,0,3,0,0,3,0,0,0.1030609202967907,0.107174153221949,0.1045393826606719,1.0,0.0,0.0,1.0,0.0
Kr,0.3,0.3,0.01,fall,50,3,3,0,3,0,0,3,0,0,0.1035591283222552,0.1071745791103717,0.1048372273067348,1.0,0.0,0.0,1.0,0.0
Kr,0.3,0.3,0.01,fall,60,3,3,0,3,0,0,3,0,0,0.1032307802196319,0.1072357403696371,0.1057291553334314,1.0,0.0,0.0,1.0,0.0
Kr,0.3,0.3,0.03,rise,40,3,3,0,3,0,0,3,0,0,0.0915027745118461,0.1037462269200806,0.0965860579139716,1.0,0.0,0.0,1.0,0.0
Kr,0.3,0.3,0.03,rise,50,3,3,0,3,0,0,3,0,0,0.0918329195030718,0.1033071440939931,0.0980171458856863,1.0,0.0,0.0,1.0,0.0
Kr,0.3,0.3,0.03,rise,60,3,3,0,3,0,0,3,0,0,0.0919555630810358,0.1023804386203462,0.0991785468256994,1.0,0.0,0.0,1.0,0.0
Kr,0.3,0.3,0.03,fall,40,3,3,0,3,0,0,3,0,0,0.1047332023186671,0.1081148206138629,0.1057790819233146,1.0,0.0,0.0,1.0,0.0
Kr,0.3,0.3,0.03,fall,50,3,3,0,3,0,0,3,0,0,0.1054813085643866,0.1082345477006037,0.1064707465736052,1.0,0.0,0.0,1.0,0.0
Kr,0.3,0.3,0.03,fall,60,3,3,0,3,0,0,3,0,0,0.1053418870072371,0.1088043109860081,0.1076870552134214,1.0,0.0,0.0,1.0,0.0
Kr,0.3,0.3,0.1,rise,40,3,3,0,3,0,0,3,0,0,0.1095854502590691,0.1203565408687265,0.1144091997226912,1.0,0.0,0.0,1.0,0.0
Kr,0.3,0.3,0.1,rise,50,3,3,0,3,0,0,3,0,0,0.1101413530620415,0.1214166531058217,0.1163765175644747,1.0,0.0,0.0,1.0,0.0
Kr,0.3,0.3,0.1,rise,60,3,3,0,3,0,0,3,0,0,0.1105496901357325,0.1222446220906303,0.1180303659585567,1.0,0.0,0.0,1.0,0.0
Kr,0.3,0.3,0.1,fall,40,3,3,0,3,0,0,3,0,0,0.1354048988545351,0.140529543980703,0.1379180710173624,1.0,0.0,0.0,1.0,0.0
Kr,0.3,0.3,0.1,fall,50,3,3,0,3,0,0,3,0,0,0.1341627513948227,0.1389945058320441,0.1362681139172041,1.0,0.0,0.0,1.0,0.0
Kr,0.3,0.3,0.1,fall,60,3,3,0,3,0,0,3,0,0,0.1329383975158506,0.1370709347791656,0.134935100666824,1.0,0.0,0.0,1.0,0.0
Kr,0.3,0.3,0.3,rise,40,3,3,0,3,0,0,3,0,0,0.144257247957971,0.1494787626704484,0.1469181076043087,1.0,0.0,0.0,1.0,0.0
Kr,0.3,0.3,0.3,rise,50,3,3,0,3,0,0,3,0,0,0.1462912822297206,0.1557648411105682,0.1515528120309648,1.0,0.0,0.0,1.0,0.0
Kr,0.3,0.3,0.3,rise,60,3,3,0,3,0,0,3,0,0,0.1482520511128616,0.1626546560565175,0.1558611132343343,1.0,0.0,0.0,1.0,0.0
Kr,0.3,0.3,0.3,fall,40,3,3,0,3,0,0,3,0,0,0.3111652569289542,0.3138725752079632,0.3130273662327163,1.0,0.0,0.0,1.0,0.0
Kr,0.3,0.3,0.3,fall,50,3,3,0,3,0,0,3,0,0,0.2831412701474116,0.2843945378062587,0.2832767621114895,1.0,0.0,0.0,1.0,0.0
Kr,0.3,0.3,0.3,fall,60,3,3,0,3,0,0,3,0,0,0.254969159173765,0.2613306925786316,0.2578474876304748,1.0,0.0,0.0,1.0,0.0
Kr,0.3,0.3,1.0,rise,40,3,3,0,3,0,0,3,0,0,0.1790035452914118,0.1828225673008421,0.1813099154873971,1.0,0.0,0.0,1.0,0.0
Kr,0.3,0.3,1.0,rise,50,3,3,0,3,0,0,3,0,0,0.1833185818950868,0.1967089323484902,0.1898343217287762,1.0,0.0,0.0,1.0,0.0
Kr,0.3,0.3,1.0,rise,60,3,3,0,3,0,0,3,0,0,0.1873978868660132,0.2117448870866321,0.1982464778541397,1.0,0.0,0.0,1.0,0.0
Kr,0.3,0.3,1.0,fall,40,3,3,0,3,0,0,3,0,0,0.950251223722554,0.9726886753716382,0.964396892514854,1.0,0.0,0.0,1.0,0.0
Kr,0.3,0.3,1.0,fall,50,3,3,0,3,0,0,3,0,0,0.7853105816889916,0.810359439499085,0.8000624245463241,1.0,0.0,0.0,1.0,0.0
Kr,0.3,0.3,1.0,fall,60,3,3,0,3,0,0,3,0,0,0.6455580347024361,0.6778411848112023,0.6623356234226603,1.0,0.0,0.0,1.0,0.0
Kr,0.3,0.3,3.0,rise,40,3,3,0,3,0,0,3,0,0,0.1959125203926769,0.2034009987123233,0.2000216914732436,1.0,0.0,0.0,1.0,0.0
Kr,0.3,0.3,3.0,rise,50,3,3,0,3,0,0,3,0,0,0.2015725964606639,0.2223454776855308,0.2110591126701227,1.0,0.0,0.0,1.0,0.0
Kr,0.3,0.3,3.0,rise,60,3,3,0,3,0,0,3,0,0,0.2067806945770975,0.2427863838123123,0.2222440001549482,1.0,0.0,0.0,1.0,0.0
Kr,0.3,0.3,3.0,fall,40,3,3,0,3,0,0,3,0,0,2.772932991214498,2.826513111340313,2.8023316771788163,1.0,0.0,0.0,1.0,0.0
Kr,0.3,0.3,3.0,fall,50,3,3,0,3,0,0,3,0,0,2.170318522882302,2.225610990881054,2.199815392506657,1.0,0.0,0.0,1.0,0.0
Kr,0.3,0.3,3.0,fall,60,3,3,0,3,0,0,3,0,0,1.6774470696619077,1.7387433290376426,1.7082702676868815,1.0,0.0,0.0,1.0,0.0
Kr,0.3,1.0,0.01,rise,40,3,3,0,3,0,0,3,0,0,0.1095006704439802,0.115828575439864,0.1125190302515861,1.0,0.0,0.0,1.0,0.0
Kr,0.3,1.0,0.01,rise,50,3,3,0,3,0,0,3,0,0,0.1107270859523573,0.1160589256662163,0.1142570768974563,1.0,0.0,0.0,1.0,0.0
Kr,0.3,1.0,0.01,rise,60,3,3,0,3,0,0,3,0,0,0.1128316390939729,0.1164481156482074,0.1157508559321354,1.0,0.0,0.0,1.0,0.0
Kr,0.3,1.0,0.01,fall,40,3,3,0,3,0,0,3,0,0,0.1237006621798462,0.1252194054156929,0.1244434120451931,1.0,0.0,0.0,1.0,0.0
Kr,0.3,1.0,0.01,fall,50,3,3,0,3,0,0,3,0,0,0.1237006192064238,0.1252194369138897,0.1244433414237156,1.0,0.0,0.0,1.0,0.0
Kr,0.3,1.0,0.01,fall,60,3,3,0,3,0,0,3,0,0,0.123700822250405,0.1252192880888962,0.1244434840060855,1.0,0.0,0.0,1.0,0.0
Kr,0.3,1.0,0.03,rise,40,3,3,0,3,0,0,3,0,0,0.1105300120861948,0.1166308722735045,0.1134280427999883,1.0,0.0,0.0,1.0,0.0
Kr,0.3,1.0,0.03,rise,50,3,3,0,3,0,0,3,0,0,0.1117479601210811,0.1167165471189853,0.1150965370199712,1.0,0.0,0.0,1.0,0.0
Kr,0.3,1.0,0.03,rise,60,3,3,0,3,0,0,3,0,0,0.1138478587744064,0.117010754033894,0.116527110738612,1.0,0.0,0.0,1.0,0.0
Kr,0.3,1.0,0.03,fall,40,3,3,0,3,0,0,3,0,0,0.1235573455091907,0.124855602300212,0.1236910355567422,1.0,0.0,0.0,1.0,0.0
Kr,0.3,1.0,0.03,fall,50,3,3,0,3,0,0,3,0,0,0.1235574092197275,0.1248556997190057,0.1236909912034549,1.0,0.0,0.0,1.0,0.0
Kr,0.3,1.0,0.03,fall,60,3,3,0,3,0,0,3,0,0,0.1235575902982091,0.1248556816212693,0.1236909758818021,1.0,0.0,0.0,1.0,0.0
Kr,0.3,1.0,0.1,rise,40,3,3,0,3,0,0,3,0,0,0.1162951018149414,0.1228595848492261,0.1195336740531144,1.0,0.0,0.0,1.0,0.0
Kr,0.3,1.0,0.1,rise,50,3,3,0,3,0,0,3,0,0,0.1175867827724042,0.1234494413222707,0.121365116054988,1.0,0.0,0.0,1.0,0.0
Kr,0.3,1.0,0.1,rise,60,3,3,0,3,0,0,3,0,0,0.119755680605034,0.1240594474199742,0.122950800671189,1.0,0.0,0.0,1.0,0.0
Kr,0.3,1.0,0.1,fall,40,3,3,0,3,0,0,3,0,0,0.1339695604281936,0.1363241022917793,0.1359588092305812,1.0,0.0,0.0,1.0,0.0
Kr,0.3,1.0,0.1,fall,50,3,3,0,3,0,0,3,0,0,0.1339618775123465,0.1363158328824585,0.1359513814116202,1.0,0.0,0.0,1.0,0.0
Kr,0.3,1.0,0.1,fall,60,3,3,0,3,0,0,3,0,0,0.1339250194745418,0.1362760190789438,0.135915633006189,1.0,0.0,0.0,1.0,0.0
Kr,0.3,1.0,0.3,rise,40,3,3,0,3,0,0,3,0,0,0.1299856512603506,0.1381115119433189,0.1343172509948397,1.0,0.0,0.0,1.0,0.0
Kr,0.3,1.0,0.3,rise,50,3,3,0,3,0,0,3,0,0,0.1319217662813022,0.1417188137545192,0.1375108131682124,1.0,0.0,0.0,1.0,0.0
Kr,0.3,1.0,0.3,rise,60,3,3,0,3,0,0,3,0,0,0.134617210154365,0.1452361158537895,0.1404989221223802,1.0,0.0,0.0,1.0,0.0
Kr,0.3,1.0,0.3,fall,40,3,3,0,3,0,0,3,0,0,0.2643812164863974,0.2783037787431366,0.2718732620197461,1.0,0.0,0.0,1.0,0.0
Kr,0.3,1.0,0.3,fall,50,3,3,0,3,0,0,3,0,0,0.2567020741800867,0.2697060447372241,0.2637942663149097,1.0,0.0,0.0,1.0,0.0
Kr,0.3,1.0,0.3,fall,60,3,3,0,3,0,0,3,0,0,0.2461232398857418,0.2577808626261932,0.2526314224776902,1.0,0.0,0.0,1.0,0.0
Kr,0.3,1.0,1.0,rise,40,3,3,0,3,0,0,3,0,0,0.1455884780151404,0.156847124947646,0.1515390204631138,1.0,0.0,0.0,1.0,0.0
Kr,0.3,1.0,1.0,rise,50,3,3,0,3,0,0,3,0,0,0.1486856336962619,0.1649175458285625,0.1569392340691906,1.0,0.0,0.0,1.0,0.0
Kr,0.3,1.0,1.0,rise,60,3,3,0,3,0,0,3,0,0,0.1523405154058099,0.1731225363006016,0.1623362143871751,1.0,0.0,0.0,1.0,0.0
Kr,0.3,1.0,1.0,fall,40,3,3,0,3,0,0,3,0,0,0.9532259445218868,0.975678819220555,0.9653020075351244,1.0,0.0,0.0,1.0,0.0
Kr,0.3,1.0,1.0,fall,50,3,3,0,3,0,0,3,0,0,0.8407912199881673,0.8604093676546813,0.8514587240454279,1.0,0.0,0.0,1.0,0.0
Kr,0.3,1.0,1.0,fall,60,3,3,0,3,0,0,3,0,0,0.7317253589977799,0.7478428557235126,0.7406605742619923,1.0,0.0,0.0,1.0,0.0
Kr,0.3,1.0,3.0,rise,40,3,3,0,3,0,0,3,0,0,0.1535241770903761,0.1678484513215961,0.1608619855429461,1.0,0.0,0.0,1.0,0.0
Kr,0.3,1.0,3.0,rise,50,3,3,0,3,0,0,3,0,0,0.1573335929623196,0.1787310403931722,0.1676482366615207,1.0,0.0,0.0,1.0,0.0
Kr,0.3,1.0,3.0,rise,60,3,3,0,3,0,0,3,0,0,0.1615861869856695,0.1900308300723928,0.1746204208714413,1.0,0.0,0.0,1.0,0.0
Kr,0.3,1.0,3.0,fall,40,3,3,0,3,0,0,3,0,0,2.802068995012374,2.82259000687558,2.8130240132076194,1.0,0.0,0.0,1.0,0.0
Kr,0.3,1.0,3.0,fall,50,3,3,0,3,0,0,3,0,0,2.312637733599149,2.3314995746285163,2.3227354597012573,1.0,0.0,0.0,1.0,0.0
Kr,0.3,1.0,3.0,fall,60,3,3,0,3,0,0,3,0,0,1.8904044685056904,1.9068261107523887,1.8992434524403792,1.0,0.0,0.0,1.0,0.0
Kr,0.3,3.0,0.01,rise,40,3,3,0,3,0,0,3,0,0,0.1172054003745005,0.122189881065102,0.1201808611931348,1.0,0.0,0.0,1.0,0.0
Kr,0.3,3.0,0.01,rise,50,3,3,0,3,0,0,3,0,0,0.1190282696817208,0.1228204904218088,0.1220320986648436,1.0,0.0,0.0,1.0,0.0
Kr,0.3,3.0,0.01,rise,60,3,3,0,3,0,0,3,0,0,0.1219364854169823,0.1236746779348029,0.1235080415671139,1.0,0.0,0.0,1.0,0.0
Kr,0.3,3.0,0.01,fall,40,3,3,0,3,0,0,3,0,0,0.1286601618034084,0.1318457217313478,0.1317433225695778,1.0,0.0,0.0,1.0,0.0
Kr,0.3,3.0,0.01,fall,50,3,3,0,3,0,0,3,0,0,0.128660113015687,0.131845751007813,0.1317432857205496,1.0,0.0,0.0,1.0,0.0
Kr,0.3,3.0,0.01,fall,60,3,3,0,3,0,0,3,0,0,0.128660117018359,0.1318457528243231,0.1317432887437402,1.0,0.0,0.0,1.0,0.0
Kr,0.3,3.0,0.03,rise,40,3,3,0,3,0,0,3,0,0,0.1174965746106269,0.122380435819291,0.1204225649184762,1.0,0.0,0.0,1.0,0.0
Kr,0.3,3.0,0.03,rise,50,3,3,0,3,0,0,3,0,0,0.1193122382818741,0.1229708228528891,0.1222462871674047,1.0,0.0,0.0,1.0,0.0
Kr,0.3,3.0,0.03,rise,60,3,3,0,3,0,0,3,0,0,0.1222086643673298,0.1238628048759563,0.1236400346062247,1.0,0.0,0.0,1.0,0.0
Kr,0.3,3.0,0.03,fall,40,3,3,0,3,0,0,3,0,0,0.1278355867092457,0.131606307536841,0.1313429220909046,1.0,0.0,0.0,1.0,0.0
Kr,0.3,3.0,0.03,fall,50,3,3,0,3,0,0,3,0,0,0.1278355631058083,0.1316063083575782,0.1313428841552428,1.0,0.0,0.0,1.0,0.0
Kr,0.3,3.0,0.03,fall,60,3,3,0,3,0,0,3,0,0,0.1278355650422979,0.1316063129938784,0.1313428801172795,1.0,0.0,0.0,1.0,0.0
Kr,0.3,3.0,0.1,rise,40,3,3,0,3,0,0,3,0,0,0.1194957369739914,0.1246234980258014,0.1225494709539836,1.0,0.0,0.0,1.0,0.0
Kr,0.3,3.0,0.1,rise,50,3,3,0,3,0,0,3,0,0,0.1213459571865058,0.1253348729519067,0.1244312095368154,1.0,0.0,0.0,1.0,0.0
Kr,0.3,3.0,0.1,rise,60,3,3,0,3,0,0,3,0,0,0.1242546054796872,0.1261047310773811,0.1260794965761357,1.0,0.0,0.0,1.0,0.0
Kr,0.3,3.0,0.1,fall,40,3,3,0,3,0,0,3,0,0,0.1342557171853307,0.1361168874005884,0.1356810768645777,1.0,0.0,0.0,1.0,0.0
Kr,0.3,3.0,0.1,fall,50,3,3,0,3,0,0,3,0,0,0.134255710622043,0.1361168923546998,0.1356810884164474,1.0,0.0,0.0,1.0,0.0
Kr,0.3,3.0,0.1,fall,60,3,3,0,3,0,0,3,0,0,0.1342557066449425,0.1361168902925729,0.135681091605516,1.0,0.0,0.0,1.0,0.0
Kr,0.3,3.0,0.3,rise,40,3,3,0,3,0,0,3,0,0,0.1247784413535537,0.1314114582114446,0.12864361192433,1.0,0.0,0.0,1.0,0.0
Kr,0.3,3.0,0.3,rise,50,3,3,0,3,0,0,3,0,0,0.1269088354677338,0.1334338501667547,0.1311485594460523,1.0,0.0,0.0,1.0,0.0
Kr,0.3,3.0,0.3,rise,60,3,3,0,3,0,0,3,0,0,0.1300185100810833,0.1354367817463796,0.1334852758445727,1.0,0.0,0.0,1.0,0.0
Kr,0.3,3.0,0.3,fall,40,3,3,0,3,0,0,3,0,0,0.2187136279522361,0.2394728840860769,0.2290450790395239,1.0,0.0,0.0,1.0,0.0
Kr,0.3,3.0,0.3,fall,50,3,3,0,3,0,0,3,0,0,0.2186163644854346,0.239349248877061,0.2289358274035402,1.0,0.0,0.0,1.0,0.0
Kr,0.3,3.0,0.3,fall,60,3,3,0,3,0,0,3,0,0,0.2181481232457796,0.2387540325788508,0.2284097974539407,1.0,0.0,0.0,1.0,0.0
Kr,0.3,3.0,1.0,rise,40,3,3,0,3,0,0,3,0,0,0.1311413976576046,0.1402875135907975,0.1361945392147048,1.0,0.0,0.0,1.0,0.0
Kr,0.3,3.0,1.0,rise,50,3,3,0,3,0,0,3,0,0,0.1337896718487982,0.144475767715188,0.1397575093420614,1.0,0.0,0.0,1.0,0.0
Kr,0.3,3.0,1.0,rise,60,3,3,0,3,0,0,3,0,0,0.1373192084380333,0.1488096546236511,0.1432839596070093,1.0,0.0,0.0,1.0,0.0
Kr,0.3,3.0,1.0,fall,40,3,3,0,3,0,0,3,0,0,0.9008086449016304,0.9596861429041978,0.9306452274573318,1.0,0.0,0.0,1.0,0.0
Kr,0.3,3.0,1.0,fall,50,3,3,0,3,0,0,3,0,0,0.8576967467188079,0.9149106272741953,0.8866738952213757,1.0,0.0,0.0,1.0,0.0
Kr,0.3,3.0,1.0,fall,60,3,3,0,3,0,0,3,0,0,0.8001536559446594,0.8549212863284952,0.8278695702659404,1.0,0.0,0.0,1.0,0.0
Kr,0.3,3.0,3.0,rise,40,3,3,0,3,0,0,3,0,0,0.1344107185933239,0.1452929521544684,0.1402152153843727,1.0,0.0,0.0,1.0,0.0
Kr,0.3,3.0,3.0,rise,50,3,3,0,3,0,0,3,0,0,0.137376993807187,0.1508003811438626,0.1444152724745796,1.0,0.0,0.0,1.0,0.0
Kr,0.3,3.0,3.0,rise,60,3,3,0,3,0,0,3,0,0,0.1411792948557834,0.1566211872639207,0.1486820065390949,1.0,0.0,0.0,1.0,0.0
Kr,0.3,3.0,3.0,fall,40,3,3,0,3,0,0,3,0,0,3.018493621077919,3.0961200085025,3.058494821803943,1.0,0.0,0.0,1.0,0.0
Kr,0.3,3.0,3.0,fall,50,3,3,0,3,0,0,3,0,0,2.661080094534924,2.7365182514047266,2.6999165850104903,1.0,0.0,0.0,1.0,0.0
Kr,0.3,3.0,3.0,fall,60,3,3,0,3,0,0,3,0,0,2.30875154090008,2.381391350567149,2.346100206354592,1.0,0.0,0.0,1.0,0.0
Kr,1.0,0.01,0.01,rise,40,3,3,0,3,0,0,3,0,0,0.2748984546450881,0.3456609373597842,0.3147735979230216,1.0,0.0,0.0,1.0,0.0
Kr,1.0,0.01,0.01,rise,50,3,3,0,3,0,0,3,0,0,0.3002494761876174,0.3453735963252616,0.3265228923420835,1.0,0.0,0.0,1.0,0.0
Kr,1.0,0.01,0.01,rise,60,3,3,0,3,0,0,3,0,0,0.3174880832435527,0.3398827387449579,0.3326636718890803,1.0,0.0,0.0,1.0,0.0
Kr,1.0,0.01,0.01,fall,40,3,3,0,3,0,0,3,0,0,0.3269895274767551,0.3314777295507594,0.3276519348052646,1.0,0.0,0.0,1.0,0.0
Kr,1.0,0.01,0.01,fall,50,3,3,0,3,0,0,3,0,0,0.3263148349122429,0.3353271747201483,0.3346106095578256,1.0,0.0,0.0,1.0,0.0
Kr,1.0,0.01,0.01,fall,60,3,3,0,3,0,0,3,0,0,0.3247801678544146,0.3440073235565601,0.3371977228343226,1.0,0.0,0.0,1.0,0.0
Kr,1.0,0.01,0.03,rise,40,3,3,0,3,0,0,3,0,0,0.3047475380737287,0.3609566469995384,0.3367103484290157,1.0,0.0,0.0,1.0,0.0
Kr,1.0,0.01,0.03,rise,50,3,3,0,3,0,0,3,0,0,0.3260720926606578,0.3598878559564565,0.3464645074223378,1.0,0.0,0.0,1.0,0.0
Kr,1.0,0.01,0.03,rise,60,3,3,0,3,0,0,3,0,0,0.341194700436159,0.3547393678831667,0.3517691797457077,1.0,0.0,0.0,1.0,0.0
Kr,1.0,0.01,0.03,fall,40,3,3,0,3,0,0,3,0,0,0.3451105351076513,0.3501018622935976,0.348053033288658,1.0,0.0,0.0,1.0,0.0
Kr,1.0,0.01,0.03,fall,50,3,3,0,3,0,0,3,0,0,0.3477660317178379,0.3529088546090855,0.3515865713993258,1.0,0.0,0.0,1.0,0.0
Kr,1.0,0.01,0.03,fall,60,3,3,0,3,0,0,3,0,0,0.3467345470448675,0.3591655456675853,0.3552732729493264,1.0,0.0,0.0,1.0,0.0
Kr,1.0,0.01,0.1,rise,40,3,3,0,3,0,0,3,0,0,0.3721240255863156,0.3944904255603854,0.3862744143052908,1.0,0.0,0.0,1.0,0.0
Kr,1.0,0.01,0.1,rise,50,3,3,0,3,0,0,3,0,0,0.3887151926805696,0.3946060905380653,0.3933716824859674,1.0,0.0,0.0,1.0,0.0
Kr,1.0,0.01,0.1,rise,60,3,3,0,3,0,0,3,0,0,0.3902449877976068,0.401186034057993,0.4001364593831604,1.0,0.0,0.0,1.0,0.0
Kr,1.0,0.01,0.1,fall,40,3,3,0,3,0,0,3,0,0,0.4065043692490107,0.4317688715736127,0.4212209651617535,1.0,0.0,0.0,1.0,0.0
Kr,1.0,0.01,0.1,fall,50,3,3,0,3,0,0,3,0,0,0.4066987536419935,0.4313914157573788,0.4203339893560782,1.0,0.0,0.0,1.0,0.0
Kr,1.0,0.01,0.1,fall,60,3,3,0,3,0,0,3,0,0,0.4093644866159867,0.4308769511469088,0.4199039055358966,1.0,0.0,0.0,1.0,0.0
Kr,1.0,0.01,0.3,rise,40,3,3,0,3,0,0,3,0,0,0.4397051435658615,0.4512880823389162,0.4468338339294626,1.0,0.0,0.0,1.0,0.0
Kr,1.0,0.01,0.3,rise,50,3,3,0,3,0,0,3,0,0,0.4416318556972791,0.4665352284698419,0.4567613549638459,1.0,0.0,0.0,1.0,0.0
Kr,1.0,0.01,0.3,rise,60,3,3,0,3,0,0,3,0,0,0.443646461880995,0.4783771594690041,0.4650930295736398,1.0,0.0,0.0,1.0,0.0
Kr,1.0,0.01,0.3,fall,40,3,3,0,3,0,0,3,0,0,0.5919634702842167,0.6496535786261961,0.6194483396073003,1.0,0.0,0.0,1.0,0.0
Kr,1.0,0.01,0.3,fall,50,3,3,0,3,0,0,3,0,0,0.5553476387388581,0.6287140296675391,0.5905252884894063,1.0,0.0,0.0,1.0,0.0
Kr,1.0,0.01,0.3,fall,60,3,3,0,3,0,0,3,0,0,0.5323115740413915,0.6136500805256937,0.5702466854860075,1.0,0.0,0.0,1.0,0.0
Kr,1.0,0.01,1.0,rise,40,3,3,0,3,0,0,3,0,0,0.4897085084687291,0.5166301034396985,0.5029955274742913,1.0,0.0,0.0,1.0,0.0
Kr,1.0,0.01,1.0,rise,50,3,3,0,3,0,0,3,0,0,0.4980892337927733,0.5324845468188943,0.5165727864752039,1.0,0.0,0.0,1.0,0.0
Kr,1.0,0.01,1.0,rise,60,3,3,0,3,0,0,3,0,0,0.5087963281340189,0.5448545058054988,0.52943320665968,1.0,0.0,0.0,1.0,0.0
Kr,1.0,0.01,1.0,fall,40,3,3,0,3,0,0,3,0,0,1.2715644068207532,1.356921162172714,1.3131392254274614,1.0,0.0,0.0,1.0,0.0
Kr,1.0,0.01,1.0,fall,50,3,3,0,3,0,0,3,0,0,1.0787481056054429,1.1836676606612733,1.1286094356764644,1.0,0.0,0.0,1.0,0.0
Kr,1.0,0.01,1.0,fall,60,3,3,0,3,0,0,3,0,0,0.9282039999366491,1.0496849716058332,0.9840351743144348,1.0,0.0,0.0,1.0,0.0
Kr,1.0,0.01,3.0,rise,40,3,3,0,3,0,0,3,0,0,0.5205177327279421,0.5479230423706138,0.5331638382508385,1.0,0.0,0.0,1.0,0.0
Kr,1.0,0.01,3.0,rise,50,3,3,0,3,0,0,3,0,0,0.5342271188525675,0.5645915623469445,0.5495330885640068,1.0,0.0,0.0,1.0,0.0
Kr,1.0,0.01,3.0,rise,60,3,3,0,3,0,0,3,0,0,0.5517942560977706,0.5776664057793162,0.5657506045536029,1.0,0.0,0.0,1.0,0.0
Kr,1.0,0.01,3.0,fall,40,3,3,0,3,0,0,3,0,0,3.145870686594272,3.2667556970821794,3.2064632041305523,1.0,0.0,0.0,1.0,0.0
Kr,1.0,0.01,3.0,fall,50,3,3,0,3,0,0,3,0,0,2.506767235439947,2.647215048587894,2.575646337662054,1.0,0.0,0.0,1.0,0.0
Kr,1.0,0.01,3.0,fall,60,3,3,0,3,0,0,3,0,0,1.991579980047239,2.148589251339906,2.0664290279965227,1.0,0.0,0.0,1.0,0.0
Kr,1.0,0.03,0.01,rise,40,3,3,0,3,0,0,3,0,0,0.267325806997593,0.3394988662804885,0.3077700295457805,1.0,0.0,0.0,1.0,0.0
Kr,1.0,0.03,0.01,rise,50,3,3,0,3,0,0,3,0,0,0.2923400548708439,0.3383221646941681,0.3185870417872805,1.0,0.0,0.0,1.0,0.0
Kr,1.0,0.03,0.01,rise,60,3,3,0,3,0,0,3,0,0,0.3094301069726586,0.3318339863462493,0.3238932460762873,1.0,0.0,0.0,1.0,0.0
Kr,1.0,0.03,0.01,fall,40,3,3,0,3,0,0,3,0,0,0.3097393085180073,0.3151043108461024,0.3122058495220194,1.0,0.0,0.0,1.0,0.0
Kr,1.0,0.03,0.01,fall,50,3,3,0,3,0,0,3,0,0,0.3091731734317253,0.3209277038983302,0.3188869621522407,1.0,0.0,0.0,1.0,0.0
Kr,1.0,0.03,0.01,fall,60,3,3,0,3,0,0,3,0,0,0.3075707558359259,0.3304588753875324,0.3220610235329695,1.0,0.0,0.0,1.0,0.0
Kr,1.0,0.03,0.03,rise,40,3,3,0,3,0,0,3,0,0,0.2971739523447452,0.3547943207182901,0.329706237249855,1.0,0.0,0.0,1.0,0.0
Kr,1.0,0.03,0.03,rise,50,3,3,0,3,0,0,3,0,0,0.3181619498583254,0.3528362493254621,0.3385282272113086,1.0,0.0,0.0,1.0,0.0
Kr,1.0,0.03,0.03,rise,60,3,3,0,3,0,0,3,0,0,0.3331360870188078,0.3466904756998491,0.3429983598924373,1.0,0.0,0.0,1.0,0.0
Kr,1.0,0.03,0.03,fall,40,3,3,0,3,0,0,3,0,0,0.329664248531363,0.3337281390139874,0.3308023636780401,1.0,0.0,0.0,1.0,0.0
Kr,1.0,0.03,0.03,fall,50,3,3,0,3,0,0,3,0,0,0.3306238947762168,0.3371869232796707,0.3371849026556961,1.0,0.0,0.0,1.0,0.0
Kr,1.0,0.03,0.03,fall,60,3,3,0,3,0,0,3,0,0,0.3295246308590436,0.3456169370507644,0.3401362710505942,1.0,0.0,0.0,1.0,0.0
Kr,1.0,0.03,0.1,rise,40,3,3,0,3,0,0,3,0,0,0.3645490729111149,0.3883277249288897,0.3792694708662413,1.0,0.0,0.0,1.0,0.0
Kr,1.0,0.03,0.1,rise,50,3,3,0,3,0,0,3,0,0,0.3808039047779721,0.3866690993569246,0.3863197943471819,1.0,0.0,0.0,1.0,0.0
Kr,1.0,0.03,0.1,rise,60,3,3,0,3,0,0,3,0,0,0.3821958351064317,0.3931263760446374,0.3913649709854425,1.0,0.0,0.0,1.0,0.0
Kr,1.0,0.03,0.1,fall,40,3,3,0,3,0,0,3,0,0,0.3910577934787571,0.4145174339604072,0.4048467536841083,1.0,0.0,0.0,1.0,0.0
Kr,1.0,0.03,0.1,fall,50,3,3,0,3,0,0,3,0,0,0.3922988421873563,0.4142484495848673,0.4046095361968058,1.0,0.0,0.0,1.0,0.0
Kr,1.0,0.03,0.1,fall,60,3,3,0,3,0,0,3,0,0,0.3958156318914048,0.4136661382266027,0.4047663870059084,1.0,0.0,0.0,1.0,0.0
Kr,1.0,0.03,0.3,rise,40,3,3,0,3,0,0,3,0,0,0.4335419544322902,0.4437120548554422,0.4398281275875835,1.0,0.0,0.0,1.0,0.0
Kr,1.0,0.03,0.3,rise,50,3,3,0,3,0,0,3,0,0,0.4345795022121406,0.4586229691445693,0.4488236486695951,1.0,0.0,0.0,1.0,0.0
Kr,1.0,0.03,0.3,rise,60,3,3,0,3,0,0,3,0,0,0.4355968242836623,0.4703165902392335,0.4563208445213695,1.0,0.0,0.0,1.0,0.0
Kr,1.0,0.03,0.3,fall,40,3,3,0,3,0,0,3,0,0,0.5765163569528313,0.6324013644246371,0.6030735068701614,1.0,0.0,0.0,1.0,0.0
Kr,1.0,0.03,0.3,fall,50,3,3,0,3,0,0,3,0,0,0.5409473223583949,0.6115702462772419,0.5748002366119476,1.0,0.0,0.0,1.0,0.0
Kr,1.0,0.03,0.3,fall,60,3,3,0,3,0,0,3,0,0,0.5187623744688117,0.5964384045492341,0.5551085678971275,1.0,0.0,0.0,1.0,0.0
Kr,1.0,0.03,1.0,rise,40,3,3,0,3,0,0,3,0,0,0.4835448458542621,0.5090534676426661,0.4959892721877015,1.0,0.0,0.0,1.0,0.0
Kr,1.0,0.03,1.0,rise,50,3,3,0,3,0,0,3,0,0,0.4910363768093029,0.524571721102714,0.5086345401990112,1.0,0.0,0.0,1.0,0.0
Kr,1.0,0.03,1.0,rise,60,3,3,0,3,0,0,3,0,0,0.5007461461588406,0.5367934038899292,0.5206604843622988,1.0,0.0,0.0,1.0,0.0
Kr,1.0,0.03,1.0,fall,40,3,3,0,3,0,0,3,0,0,1.2561165661464628,1.3396682088669634,1.2967636449416844,1.0,0.0,0.0,1.0,0.0
Kr,1.0,0.03,1.0,fall,50,3,3,0,3,0,0,3,0,0,1.0643470825752932,1.1665231871043282,1.112883689390644,1.0,0.0,0.0,1.0,0.0
Kr,1.0,0.03,1.0,fall,60,3,3,0,3,0,0,3,0,0,0.914654170323686,1.0324726467717549,0.9688964239022236,1.0,0.0,0.0,1.0,0.0
Kr,1.0,0.03,3.0,rise,40,3,3,0,3,0,0,3,0,0,0.5143538355129504,0.5403461751232075,0.5261573483479979,1.0,0.0,0.0,1.0,0.0
Kr,1.0,0.03,3.0,rise,50,3,3,0,3,0,0,3,0,0,0.5271740087065939,0.5566785170227134,0.5415946066522217,1.0,0.0,0.0,1.0,0.0
Kr,1.0,0.03,3.0,rise,60,3,3,0,3,0,0,3,0,0,0.5437438031663268,0.5696050944345259,0.5569776440899488,1.0,0.0,0.0,1.0,0.0
Kr,1.0,0.03,3.0,fall,40,3,3,0,3,0,0,3,0,0,3.130422482346898,3.2495024109922777,3.190087275937873,1.0,0.0,0.0,1.0,0.0
Kr,1.0,0.03,3.0,fall,50,3,3,0,3,0,0,3,0,0,2.492365848666841,2.6300702421990323,2.5599202436194144,1.0,0.0,0.0,1.0,0.0
Kr,1.0,0.03,3.0,fall,60,3,3,0,3,0,0,3,0,0,1.978029786456817,2.131376593483376,2.051289929617996,1.0,0.0,0.0,1.0,0.0
Kr,1.0,0.1,0.01,rise,40,3,3,0,3,0,0,3,0,0,0.2551619901753709,0.3285408276650603,0.2956840178529484,1.0,0.0,0.0,1.0,0.0
Kr,1.0,0.1,0.01,rise,50,3,3,0,3,0,0,3,0,0,0.2778021441865342,0.3250919439928988,0.3036802924020531,1.0,0.0,0.0,1.0,0.0
Kr,1.0,0.1,0.01,rise,60,3,3,0,3,0,0,3,0,0,0.2935273877822114,0.3162561167616901,0.3064145543794648,1.0,0.0,0.0,1.0,0.0
Kr,1.0,0.1,0.01,fall,40,3,3,0,3,0,0,3,0,0,0.2496360212848436,0.2626861786687584,0.2599880771185709,1.0,0.0,0.0,1.0,0.0
Kr,1.0,0.1,0.01,fall,50,3,3,0,3,0,0,3,0,0,0.2511268571520704,0.2759482585284902,0.2676709208894186,1.0,0.0,0.0,1.0,0.0
Kr,1.0,0.1,0.01,fall,60,3,3,0,3,0,0,3,0,0,0.2510665728095589,0.2887780037993832,0.2741932002629177,1.0,0.0,0.0,1.0,0.0
Kr,1.0,0.1,0.03,rise,40,3,3,0,3,0,0,3,0,0,0.2834307077881558,0.3435489183808377,0.3167962822979605,1.0,0.0,0.0,1.0,0.0
Kr,1.0,0.1,0.03,rise,50,3,3,0,3,0,0,3,0,0,0.3023657304554249,0.3394210291558397,0.3229615129401227,1.0,0.0,0.0,1.0,0.0
Kr,1.0,0.1,0.03,rise,60,3,3,0,3,0,0,3,0,0,0.3160844861198425,0.3309796222165485,0.3248950679177455,1.0,0.0,0.0,1.0,0.0
Kr,1.0,0.1,0.03,fall,40,3,3,0,3,0,0,3,0,0,0.2696594543069432,0.2798397237032552,0.2779634196707807,1.0,0.0,0.0,1.0,0.0
Kr,1.0,0.1,0.03,fall,50,3,3,0,3,0,0,3,0,0,0.2714871517993731,0.2919377554827815,0.2853278048550913,1.0,0.0,0.0,1.0,0.0
Kr,1.0,0.1,0.03,fall,60,3,3,0,3,0,0,3,0,0,0.271871919892005,0.3036757820424898,0.2916350306725468,1.0,0.0,0.0,1.0,0.0
Kr,1.0,0.1,0.1,rise,40,3,3,0,3,0,0,3,0,0,0.348189760438193,0.3767373505575451,0.3649815893045801,1.0,0.0,0.0,1.0,0.0
Kr,1.0,0.1,0.1,rise,50,3,3,0,3,0,0,3,0,0,0.3626786612554294,0.3727104690025697,0.3698823273496702,1.0,0.0,0.0,1.0,0.0
Kr,1.0,0.1,0.1,rise,60,3,3,0,3,0,0,3,0,0,0.3663637520333277,0.3738387588062025,0.3720550081516095,1.0,0.0,0.0,1.0,0.0
Kr,1.0,0.1,0.1,fall,40,3,3,0,3,0,0,3,0,0,0.3408475511050135,0.3507808600569906,0.3477113873508055,1.0,0.0,0.0,1.0,0.0
Kr,1.0,0.1,0.1,fall,50,3,3,0,3,0,0,3,0,0,0.3465959490359092,0.3523450318562851,0.3513598150659227,1.0,0.0,0.0,1.0,0.0
Kr,1.0,0.1,0.1,fall,60,3,3,0,3,0,0,3,0,0,0.3530801062248736,0.3548581688599699,0.3533588664261653,1.0,0.0,0.0,1.0,0.0
Kr,1.0,0.1,0.3,rise,40,3,3,0,3,0,0,3,0,0,0.421371903300511,0.4252335092469622,0.4242527990624481,1.0,0.0,0.0,1.0,0.0
Kr,1.0,0.1,0.3,rise,50,3,3,0,3,0,0,3,0,0,0.4204666101745854,0.4384804847244182,0.4307920902334686,1.0,0.0,0.0,1.0,0.0
Kr,1.0,0.1,0.3,rise,60,3,3,0,3,0,0,3,0,0,0.419271646750354,0.4490504697675643,0.4357529109697847,1.0,0.0,0.0,1.0,0.0
Kr,1.0,0.1,0.3,fall,40,3,3,0,3,0,0,3,0,0,0.5261564932278893,0.566363909831775,0.5447909465752914,1.0,0.0,0.0,1.0,0.0
Kr,1.0,0.1,0.3,fall,50,3,3,0,3,0,0,3,0,0,0.4951725813244398,0.5471674028918434,0.5203100399279426,1.0,0.0,0.0,1.0,0.0
Kr,1.0,0.1,0.3,fall,60,3,3,0,3,0,0,3,0,0,0.4760397057169168,0.5331931404129089,0.5038668593173552,1.0,0.0,0.0,1.0,0.0
Kr,1.0,0.1,1.0,rise,40,3,3,0,3,0,0,3,0,0,0.4705817626589135,0.4893181376252323,0.4793940973022089,1.0,0.0,0.0,1.0,0.0
Kr,1.0,0.1,1.0,rise,50,3,3,0,3,0,0,3,0,0,0.4760834975970687,0.5032175396829913,0.4895709514380313,1.0,0.0,0.0,1.0,0.0
Kr,1.0,0.1,1.0,rise,60,3,3,0,3,0,0,3,0,0,0.4834977763186942,0.5143522168842953,0.4990338066432594,1.0,0.0,0.0,1.0,0.0
Kr,1.0,0.1,1.0,fall,40,3,3,0,3,0,0,3,0,0,1.2034955607174316,1.2712879399078465,1.236179808242186,1.0,0.0,0.0,1.0,0.0
Kr,1.0,0.1,1.0,fall,50,3,3,0,3,0,0,3,0,0,1.0168959119765604,1.1001620637998208,1.056647315951764,1.0,0.0,0.0,1.0,0.0
Kr,1.0,0.1,1.0,fall,60,3,3,0,3,0,0,3,0,0,0.8709225016098274,0.9675344458561844,0.9163377272668828,1.0,0.0,0.0,1.0,0.0
Kr,1.0,0.1,3.0,rise,40,3,3,0,3,0,0,3,0,0,0.5009241916600331,0.5201194743405867,0.5090807039419024,1.0,0.0,0.0,1.0,0.0
Kr,1.0,0.1,3.0,rise,50,3,3,0,3,0,0,3,0,0,0.5117001402401843,0.534846650436709,0.5220328288125283,1.0,0.0,0.0,1.0,0.0
Kr,1.0,0.1,3.0,rise,60,3,3,0,3,0,0,3,0,0,0.5259087320710588,0.5466993625541557,0.5348325379709823,1.0,0.0,0.0,1.0,0.0
Kr,1.0,0.1,3.0,fall,40,3,3,0,3,0,0,3,0,0,3.076660279588987,3.1798824776646715,3.128280198475376,1.0,0.0,0.0,1.0,0.0
Kr,1.0,0.1,3.0,fall,50,3,3,0,3,0,0,3,0,0,2.443777840598991,2.5624743753147614,2.502465022084876,1.0,0.0,0.0,1.0,0.0
Kr,1.0,0.1,3.0,fall,60,3,3,0,3,0,0,3,0,0,1.9331820448727877,2.0652267231016435,1.9975334510460196,1.0,0.0,0.0,1.0,0.0
Kr,1.0,0.3,0.01,rise,40,3,3,0,3,0,0,3,0,0,0.3072456880546329,0.3382915028595913,0.3243147397856892,1.0,0.0,0.0,1.0,0.0
Kr,1.0,0.3,0.01,rise,50,3,3,0,3,0,0,3,0,0,0.3230978503210976,0.3308386150665044,0.3279121345190597,1.0,0.0,0.0,1.0,0.0
Kr,1.0,0.3,0.01,rise,60,3,3,0,3,0,0,3,0,0,0.3199504923679234,0.3352758344465631,0.3282247448972074,1.0,0.0,0.0,1.0,0.0
Kr,1.0,0.3,0.01,fall,40,3,3,0,3,0,0,3,0,0,0.2076141504602628,0.2318212828155532,0.2226514665230339,1.0,0.0,0.0,1.0,0.0
Kr,1.0,0.3,0.01,fall,50,3,3,0,3,0,0,3,0,0,0.2286388089277107,0.2429599008322651,0.2381258480171961,1.0,0.0,0.0,1.0,0.0
Kr,1.0,0.3,0.01,fall,60,3,3,0,3,0,0,3,0,0,0.2488233924550871,0.2516744603376974,0.2515429758612246,1.0,0.0,0.0,1.0,0.0
Kr,1.0,0.3,0.03,rise,40,3,3,0,3,0,0,3,0,0,0.3226194896609923,0.3502987428813595,0.3382160651613991,1.0,0.0,0.0,1.0,0.0
Kr,1.0,0.3,0.03,rise,50,3,3,0,3,0,0,3,0,0,0.3365717982801174,0.3429598983173797,0.340807867844391,1.0,0.0,0.0,1.0,0.0
Kr,1.0,0.3,0.03,rise,60,3,3,0,3,0,0,3,0,0,0.3326184380972717,0.347445956813019,0.3404938618323662,1.0,0.0,0.0,1.0,0.0
Kr,1.0,0.3,0.03,fall,40,3,3,0,3,0,0,3,0,0,0.2174900827243815,0.2384851032429455,0.230656232507338,1.0,0.0,0.0,1.0,0.0
Kr,1.0,0.3,0.03,fall,50,3,3,0,3,0,0,3,0,0,0.2396644625554473,0.2500946106068782,0.246863924309215,1.0,0.0,0.0,1.0,0.0
Kr,1.0,0.3,0.03,fall,60,3,3,0,3,0,0,3,0,0,0.2590109552439699,0.260774236321484,0.259901232482929,1.0,0.0,0.0,1.0,0.0
Kr,1.0,0.3,0.1,rise,40,3,3,0,3,0,0,3,0,0,0.3636713140670654,0.3798598336808743,0.3737335826308011,1.0,0.0,0.0,1.0,0.0
Kr,1.0,0.3,0.1,rise,50,3,3,0,3,0,0,3,0,0,0.3738933455922412,0.3758517118445529,0.374791246934261,1.0,0.0,0.0,1.0,0.0
Kr,1.0,0.3,0.1,rise,60,3,3,0,3,0,0,3,0,0,0.3661359680145232,0.3835445500594696,0.3756452605785868,1.0,0.0,0.0,1.0,0.0
Kr,1.0,0.3,0.1,fall,40,3,3,0,3,0,0,3,0,0,0.2744645184055332,0.2870908784541743,0.2817441280498383,1.0,0.0,0.0,1.0,0.0
Kr,1.0,0.3,0.1,fall,50,3,3,0,3,0,0,3,0,0,0.2895163183239266,0.2975547375897922,0.2950140337405962,1.0,0.0,0.0,1.0,0.0
Kr,1.0,0.3,0.1,fall,60,3,3,0,3,0,0,3,0,0,0.3039767902567534,0.306491939739931,0.3059802430537146,1.0,0.0,0.0,1.0,0.0
Kr,1.0,0.3,0.3,rise,40,3,3,0,3,0,0,3,0,0,0.4194202534733104,0.4208465760457495,0.4196486004845164,1.0,0.0,0.0,1.0,0.0
Kr,1.0,0.3,0.3,rise,50,3,3,0,3,0,0,3,0,0,0.4172234441492465,0.4299351233675151,0.4247392323873128,1.0,0.0,0.0,1.0,0.0
Kr,1.0,0.3,0.3,rise,60,3,3,0,3,0,0,3,0,0,0.4147820297478727,0.4380325006966916,0.4269808743859266,1.0,0.0,0.0,1.0,0.0
Kr,1.0,0.3,0.3,fall,40,3,3,0,3,0,0,3,0,0,0.4708365007480524,0.4830136655793964,0.4770526736177749,1.0,0.0,0.0,1.0,0.0
Kr,1.0,0.3,0.3,fall,50,3,3,0,3,0,0,3,0,0,0.4491285002541605,0.4679172442262109,0.4581196600864228,1.0,0.0,0.0,1.0,0.0
Kr,1.0,0.3,0.3,fall,60,3,3,0,3,0,0,3,0,0,0.4320167594534208,0.4583137055133042,0.4452916416746644,1.0,0.0,0.0,1.0,0.0
Kr,1.0,0.3,1.0,rise,40,3,3,0,3,0,0,3,0,0,0.461160873021462,0.4699300140229784,0.4656260515415352,1.0,0.0,0.0,1.0,0.0
Kr,1.0,0.3,1.0,rise,50,3,3,0,3,0,0,3,0,0,0.46495058827242,0.480980543193334,0.4728365465910226,1.0,0.0,0.0,1.0,0.0
Kr,1.0,0.3,1.0,rise,60,3,3,0,3,0,0,3,0,0,0.470361245585276,0.4897113090947567,0.4790954546189385,1.0,0.0,0.0,1.0,0.0
Kr,1.0,0.3,1.0,fall,40,3,3,0,3,0,0,3,0,0,1.1326975041548517,1.1659980101366765,1.1501259397285162,1.0,0.0,0.0,1.0,0.0
Kr,1.0,0.3,1.0,fall,50,3,3,0,3,0,0,3,0,0,0.9702913542622962,1.010901195784329,0.9907398449569222,1.0,0.0,0.0,1.0,0.0
Kr,1.0,0.3,1.0,fall,60,3,3,0,3,0,0,3,0,0,0.8364366575846642,0.8872186111903149,0.8616637357340957,1.0,0.0,0.0,1.0,0.0
Kr,1.0,0.3,3.0,rise,40,3,3,0,3,0,0,3,0,0,0.4863351565366689,0.494834788973327,0.4898733692258304,1.0,0.0,0.0,1.0,0.0
Kr,1.0,0.3,3.0,rise,50,3,3,0,3,0,0,3,0,0,0.4947171320054561,0.5067146302751825,0.4995313128879192,1.0,0.0,0.0,1.0,0.0
Kr,1.0,0.3,3.0,rise,60,3,3,0,3,0,0,3,0,0,0.5060315939951691,0.516186911767752,0.5087442690998291,1.0,0.0,0.0,1.0,0.0
Kr,1.0,0.3,3.0,fall,40,3,3,0,3,0,0,3,0,0,2.9782806130716097,3.041557172193495,3.0115794530184905,1.0,0.0,0.0,1.0,0.0
Kr,1.0,0.3,3.0,fall,50,3,3,0,3,0,0,3,0,0,2.375953874158288,2.446075410505361,2.4120490806432877,1.0,0.0,0.0,1.0,0.0
Kr,1.0,0.3,3.0,fall,60,3,3,0,3,0,0,3,0,0,1.8858474714571647,1.96553217192956,1.9264288297170105,1.0,0.0,0.0,1.0,0.0
Kr,1.0,1.0,0.01,rise,40,3,3,0,3,0,0,3,0,0,0.389289955290056,0.3920969102745604,0.3914241771533459,1.0,0.0,0.0,1.0,0.0
Kr,1.0,1.0,0.01,rise,50,3,3,0,3,0,0,3,0,0,0.3839314275216028,0.4011874106239012,0.3942062773647029,1.0,0.0,0.0,1.0,0.0
Kr,1.0,1.0,0.01,rise,60,3,3,0,3,0,0,3,0,0,0.3787311752547608,0.408288020077477,0.3942934621344186,1.0,0.0,0.0,1.0,0.0
Kr,1.0,1.0,0.01,fall,40,3,3,0,3,0,0,3,0,0,0.3057445609599889,0.3377477946057485,0.3239819032240127,1.0,0.0,0.0,1.0,0.0
Kr,1.0,1.0,0.01,fall,50,3,3,0,3,0,0,3,0,0,0.3057445242887464,0.3377477631779491,0.3239819006260096,1.0,0.0,0.0,1.0,0.0
Kr,1.0,1.0,0.01,fall,60,3,3,0,3,0,0,3,0,0,0.3057445171379247,0.3377479294840626,0.3239818948051376,1.0,0.0,0.0,1.0,0.0
Kr,1.0,1.0,0.03,rise,40,3,3,0,3,0,0,3,0,0,0.3936598885117798,0.3962095722225793,0.3954129959731843,1.0,0.0,0.0,1.0,0.0
Kr,1.0,1.0,0.03,rise,50,3,3,0,3,0,0,3,0,0,0.3880197739948801,0.4046548608018564,0.3978534628916562,1.0,0.0,0.0,1.0,0.0
Kr,1.0,1.0,0.03,rise,60,3,3,0,3,0,0,3,0,0,0.3821975755028985,0.4113873290008518,0.3975621816828477,1.0,0.0,0.0,1.0,0.0
Kr,1.0,1.0,0.03,fall,40,3,3,0,3,0,0,3,0,0,0.299713589668702,0.33237135133098,0.3176269081281493,1.0,0.0,0.0,1.0,0.0
Kr,1.0,1.0,0.03,fall,50,3,3,0,3,0,0,3,0,0,0.2997135492234992,0.3323714137171607,0.3176268854146769,1.0,0.0,0.0,1.0,0.0
Kr,1.0,1.0,0.03,fall,60,3,3,0,3,0,0,3,0,0,0.2997138066271305,0.3323747491455104,0.3176279343129498,1.0,0.0,0.0,1.0,0.0
Kr,1.0,1.0,0.1,rise,40,3,3,0,3,0,0,3,0,0,0.4080465795711073,0.4107926039195209,0.4094587268468866,1.0,0.0,0.0,1.0,0.0
Kr,1.0,1.0,0.1,rise,50,3,3,0,3,0,0,3,0,0,0.4033814003580531,0.4176190765609345,0.4121305766984618,1.0,0.0,0.0,1.0,0.0
Kr,1.0,1.0,0.1,rise,60,3,3,0,3,0,0,3,0,0,0.3982556086528022,0.423488318269597,0.4116337574762304,1.0,0.0,0.0,1.0,0.0
Kr,1.0,1.0,0.1,fall,40,3,3,0,3,0,0,3,0,0,0.2994720988297179,0.3274692196872606,0.3136886620167516,1.0,0.0,0.0,1.0,0.0
Kr,1.0,1.0,0.1,fall,50,3,3,0,3,0,0,3,0,0,0.2997395103203928,0.3277412825096384,0.3139509927919204,1.0,0.0,0.0,1.0,0.0
Kr,1.0,1.0,0.1,fall,60,3,3,0,3,0,0,3,0,0,0.3010056681631057,0.329029458633894,0.3151934113169481,1.0,0.0,0.0,1.0,0.0
Kr,1.0,1.0,0.3,rise,40,3,3,0,3,0,0,3,0,0,0.432230022506468,0.4354476758038348,0.4346151183708203,1.0,0.0,0.0,1.0,0.0
Kr,1.0,1.0,0.3,rise,50,3,3,0,3,0,0,3,0,0,0.4307486990573281,0.4424218538067003,0.4380443026526955,1.0,0.0,0.0,1.0,0.0
Kr,1.0,1.0,0.3,rise,60,3,3,0,3,0,0,3,0,0,0.4294651703394869,0.4479278626529401,0.4390420102726639,1.0,0.0,0.0,1.0,0.0
Kr,1.0,1.0,0.3,fall,40,3,3,0,3,0,0,3,0,0,0.4307184318147419,0.4467207366437287,0.4398677077591184,1.0,0.0,0.0,1.0,0.0
Kr,1.0,1.0,0.3,fall,50,3,3,0,3,0,0,3,0,0,0.4271103421605278,0.4433983674934989,0.4363951421761576,1.0,0.0,0.0,1.0,0.0
Kr,1.0,1.0,0.3,fall,60,3,3,0,3,0,0,3,0,0,0.4222814222782496,0.4389603837904887,0.4317519695235374,1.0,0.0,0.0,1.0,0.0
Kr,1.0,1.0,1.0,rise,40,3,3,0,3,0,0,3,0,0,0.457987973038806,0.460636669760236,0.4605318869577722,1.0,0.0,0.0,1.0,0.0
Kr,1.0,1.0,1.0,rise,50,3,3,0,3,0,0,3,0,0,0.4609155506056299,0.4689534697789176,0.465515684323296,1.0,0.0,0.0,1.0,0.0
Kr,1.0,1.0,1.0,rise,60,3,3,0,3,0,0,3,0,0,0.465216646065713,0.4749820789280017,0.4692385108677878,1.0,0.0,0.0,1.0,0.0
Kr,1.0,1.0,1.0,fall,40,3,3,0,3,0,0,3,0,0,1.131551851484633,1.1429002179246863,1.1406436027809683,1.0,0.0,0.0,1.0,0.0
Kr,1.0,1.0,1.0,fall,50,3,3,0,3,0,0,3,0,0,1.0215065960850538,1.035048406224664,1.03161243518324,1.0,0.0,0.0,1.0,0.0
Kr,1.0,1.0,1.0,fall,60,3,3,0,3,0,0,3,0,0,0.9153460639290611,0.9315195015369524,0.9266727346665008,1.0,0.0,0.0,1.0,0.0
Kr,1.0,1.0,3.0,rise,40,3,3,0,3,0,0,3,0,0,0.4726906378100655,0.4742103866501412,0.4738202976700184,1.0,0.0,0.0,1.0,0.0
Kr,1.0,1.0,3.0,rise,50,3,3,0,3,0,0,3,0,0,0.4785805837288784,0.4828250470412933,0.4806560462834947,1.0,0.0,0.0,1.0,0.0
Kr,1.0,1.0,3.0,rise,60,3,3,0,3,0,0,3,0,0,0.4862990169240572,0.4894104177655973,0.4866612575148263,1.0,0.0,0.0,1.0,0.0
Kr,1.0,1.0,3.0,fall,40,3,3,0,3,0,0,3,0,0,2.984868338632745,3.0024775383434523,2.9981044941410917,1.0,0.0,0.0,1.0,0.0
Kr,1.0,1.0,3.0,fall,50,3,3,0,3,0,0,3,0,0,2.4959698066477185,2.515060747577544,2.5099074497492704,1.0,0.0,0.0,1.0,0.0
Kr,1.0,1.0,3.0,fall,60,3,3,0,3,0,0,3,0,0,2.0745158605209357,2.095764261198001,2.08947684090096,1.0,0.0,0.0,1.0,0.0
Kr,1.0,3.0,0.01,rise,40,3,3,0,3,0,0,3,0,0,0.4261533915544985,0.4304751203477954,0.4297524149800664,1.0,0.0,0.0,1.0,0.0
Kr,1.0,3.0,0.01,rise,50,3,3,0,3,0,0,3,0,0,0.4248720489204198,0.4369751060349974,0.4325422222397468,1.0,0.0,0.0,1.0,0.0
Kr,1.0,3.0,0.01,rise,60,3,3,0,3,0,0,3,0,0,0.4242784161296696,0.4413708487493024,0.432874522064397,1.0,0.0,0.0,1.0,0.0
Kr,1.0,3.0,0.01,fall,40,3,3,0,3,0,0,3,0,0,0.3664175507164344,0.3937188843604584,0.3825367075434451,1.0,0.0,0.0,1.0,0.0
Kr,1.0,3.0,0.01,fall,50,3,3,0,3,0,0,3,0,0,0.3664175715514322,0.3937188579150588,0.3825367686691656,1.0,0.0,0.0,1.0,0.0
Kr,1.0,3.0,0.01,fall,60,3,3,0,3,0,0,3,0,0,0.3664175666339129,0.3937188612259206,0.3825367623479243,1.0,0.0,0.0,1.0,0.0
Kr,1.0,3.0,0.03,rise,40,3,3,0,3,0,0,3,0,0,0.4272307005368544,0.4314217159815283,0.4308734339121711,1.0,0.0,0.0,1.0,0.0
Kr,1.0,3.0,0.03,rise,50,3,3,0,3,0,0,3,0,0,0.4255492327609065,0.4379584021453951,0.4332917186603087,1.0,0.0,0.0,1.0,0.0
Kr,1.0,3.0,0.03,rise,60,3,3,0,3,0,0,3,0,0,0.4244730955600585,0.4422647924691691,0.4334481350066119,1.0,0.0,0.0,1.0,0.0
Kr,1.0,3.0,0.03,fall,40,3,3,0,3,0,0,3,0,0,0.3585937467551678,0.3898403009064415,0.3771486836272881,1.0,0.0,0.0,1.0,0.0
Kr,1.0,3.0,0.03,fall,50,3,3,0,3,0,0,3,0,0,0.358593734154498,0.3898402918917987,0.377148704972551,1.0,0.0,0.0,1.0,0.0
Kr,1.0,3.0,0.03,fall,60,3,3,0,3,0,0,3,0,0,0.3585937271624049,0.3898402937725973,0.3771487032213318,1.0,0.0,0.0,1.0,0.0
Kr,1.0,3.0,0.1,rise,40,3,3,0,3,0,0,3,0,0,0.4322176109500201,0.4361904419279969,0.435637654239434,1.0,0.0,0.0,1.0,0.0
Kr,1.0,3.0,0.1,rise,50,3,3,0,3,0,0,3,0,0,0.4304666820076768,0.442399896249085,0.437861672502577,1.0,0.0,0.0,1.0,0.0
Kr,1.0,3.0,0.1,rise,60,3,3,0,3,0,0,3,0,0,0.4289669449285281,0.4464694078874631,0.4378383054443886,1.0,0.0,0.0,1.0,0.0
Kr,1.0,3.0,0.1,fall,40,3,3,0,3,0,0,3,0,0,0.3452092355195333,0.3796190170595226,0.3643714615459839,1.0,0.0,0.0,1.0,0.0
Kr,1.0,3.0,0.1,fall,50,3,3,0,3,0,0,3,0,0,0.3452092656879832,0.3796189763628068,0.3643715149744082,1.0,0.0,0.0,1.0,0.0
Kr,1.0,3.0,0.1,fall,60,3,3,0,3,0,0,3,0,0,0.3452092888995874,0.3796189977616375,0.3643715304692296,1.0,0.0,0.0,1.0,0.0
Kr,1.0,3.0,0.3,rise,40,3,3,0,3,0,0,3,0,0,0.4430930821020554,0.4466798182489051,0.4457692417354371,1.0,0.0,0.0,1.0,0.0
Kr,1.0,3.0,0.3,rise,50,3,3,0,3,0,0,3,0,0,0.4428888155273538,0.4524707894901164,0.4489869423816373,1.0,0.0,0.0,1.0,0.0
Kr,1.0,3.0,0.3,rise,60,3,3,0,3,0,0,3,0,0,0.4430514149297805,0.4564852133326575,0.4497035637450941,1.0,0.0,0.0,1.0,0.0
Kr,1.0,3.0,0.3,fall,40,3,3,0,3,0,0,3,0,0,0.4181374258019437,0.4343382960136193,0.4277233896395795,1.0,0.0,0.0,1.0,0.0
Kr,1.0,3.0,0.3,fall,50,3,3,0,3,0,0,3,0,0,0.4181089425955169,0.4343152574310958,0.4276977481695199,1.0,0.0,0.0,1.0,0.0
Kr,1.0,3.0,0.3,fall,60,3,3,0,3,0,0,3,0,0,0.4179719207715693,0.4342048219862033,0.4275743583238616,1.0,0.0,0.0,1.0,0.0
Kr,1.0,3.0,1.0,rise,40,3,3,0,3,0,0,3,0,0,0.4558101187603059,0.4584909391991105,0.4571426483326659,1.0,0.0,0.0,1.0,0.0
Kr,1.0,3.0,1.0,rise,50,3,3,0,3,0,0,3,0,0,0.4580527430539312,0.4642214990356995,0.4620450168162922,1.0,0.0,0.0,1.0,0.0
Kr,1.0,3.0,1.0,rise,60,3,3,0,3,0,0,3,0,0,0.4612400297499403,0.4685923176712838,0.4642720068299049,1.0,0.0,0.0,1.0,0.0
Kr,1.0,3.0,1.0,fall,40,3,3,0,3,0,0,3,0,0,1.091665412814402,1.1073304421909302,1.103216899768328,1.0,0.0,0.0,1.0,0.0
Kr,1.0,3.0,1.0,fall,50,3,3,0,3,0,0,3,0,0,1.051020028468128,1.0651813662181393,1.061779897901186,1.0,0.0,0.0,1.0,0.0
Kr,1.0,3.0,1.0,fall,60,3,3,0,3,0,0,3,0,0,0.9970686180313608,1.009045259618766,1.0066802657087663,1.0,0.0,0.0,1.0,0.0
Kr,1.0,3.0,3.0,rise,40,3,3,0,3,0,0,3,0,0,0.462902482351614,0.4648091514237176,0.4630172508309955,1.0,0.0,0.0,1.0,0.0
Kr,1.0,3.0,3.0,rise,50,3,3,0,3,0,0,3,0,0,0.4666850266780482,0.4704052333416736,0.4691685159282355,1.0,0.0,0.0,1.0,0.0
Kr,1.0,3.0,3.0,rise,60,3,3,0,3,0,0,3,0,0,0.4718325808040412,0.4750898653266762,0.4724017415073975,1.0,0.0,0.0,1.0,0.0
Kr,1.0,3.0,3.0,fall,40,3,3,0,3,0,0,3,0,0,3.202895815899692,3.233904548136519,3.2233859095545583,1.0,0.0,0.0,1.0,0.0
Kr,1.0,3.0,3.0,fall,50,3,3,0,3,0,0,3,0,0,2.8482377770798624,2.8769841311867568,2.867530355151427,1.0,0.0,0.0,1.0,0.0
Kr,1.0,3.0,3.0,fall,60,3,3,0,3,0,0,3,0,0,2.499414647094885,2.525284362673407,2.5171861998550424,1.0,0.0,0.0,1.0,0.0
Kr,3.0,0.01,0.01,rise,40,3,3,0,3,0,0,3,0,0,1.3058035053818993,1.307935031338106,1.3070642014936067,1.0,0.0,0.0,1.0,0.0
Kr,3.0,0.01,0.01,rise,50,3,3,0,3,0,0,3,0,0,1.263958723081132,1.2669350957474763,1.264976952564511,1.0,0.0,0.0,1.0,0.0
Kr,3.0,0.01,0.01,rise,60,3,3,0,3,0,0,3,0,0,1.2148466270329423,1.2167864146207172,1.21575040327691,1.0,0.0,0.0,1.0,0.0
Kr,3.0,0.01,0.01,fall,40,3,3,0,3,0,0,3,0,0,0.8881493761904773,0.8949785469486384,0.891414942940906,1.0,0.0,0.0,1.0,0.0
Kr,3.0,0.01,0.01,fall,50,3,3,0,3,0,0,3,0,0,0.889970023474183,0.9063245767268158,0.8969370909718726,1.0,0.0,0.0,1.0,0.0
Kr,3.0,0.01,0.01,fall,60,3,3,0,3,0,0,3,0,0,0.8909141087321881,0.9174323631131732,0.9025759104152892,1.0,0.0,0.0,1.0,0.0
Kr,3.0,0.01,0.03,rise,40,3,3,0,3,0,0,3,0,0,1.3133714153635347,1.316167205654473,1.3159333941912337,1.0,0.0,0.0,1.0,0.0
Kr,3.0,0.01,0.03,rise,50,3,3,0,3,0,0,3,0,0,1.272413815249902,1.2761592411223854,1.2740039902259903,1.0,0.0,0.0,1.0,0.0
Kr,3.0,0.01,0.03,rise,60,3,3,0,3,0,0,3,0,0,1.2248849183457264,1.2267584565034435,1.2252112270675717,1.0,0.0,0.0,1.0,0.0
Kr,3.0,0.01,0.03,fall,40,3,3,0,3,0,0,3,0,0,0.9090258343868928,0.9137907801306584,0.9114164643858677,1.0,0.0,0.0,1.0,0.0
Kr,3.0,0.01,0.03,fall,50,3,3,0,3,0,0,3,0,0,0.9107603959858496,0.9248224187324828,0.9165136813409758,1.0,0.0,0.0,1.0,0.0
Kr,3.0,0.01,0.03,fall,60,3,3,0,3,0,0,3,0,0,0.9116930577674816,0.93562333366076,0.921761420042896,1.0,0.0,0.0,1.0,0.0
Kr,3.0,0.01,0.1,rise,40,3,3,0,3,0,0,3,0,0,1.3299145435086792,1.3390817894563578,1.3364262733824124,1.0,0.0,0.0,1.0,0.0
Kr,3.0,0.01,0.1,rise,50,3,3,0,3,0,0,3,0,0,1.2909874992744428,1.300498709561439,1.296406539205039,1.0,0.0,0.0,1.0,0.0
Kr,3.0,0.01,0.1,rise,60,3,3,0,3,0,0,3,0,0,1.2460778386486322,1.2534793820951833,1.2499713123124028,1.0,0.0,0.0,1.0,0.0
Kr,3.0,0.01,0.1,fall,40,3,3,0,3,0,0,3,0,0,0.978036515277248,0.988838914735532,0.984206433958922,1.0,0.0,0.0,1.0,0.0
Kr,3.0,0.01,0.1,fall,50,3,3,0,3,0,0,3,0,0,0.9856028660844188,0.9883031326983004,0.9863520189127368,1.0,0.0,0.0,1.0,0.0
Kr,3.0,0.01,0.1,fall,60,3,3,0,3,0,0,3,0,0,0.987093500952298,0.995612040115097,0.9876582734433867,1.0,0.0,0.0,1.0,0.0
Kr,3.0,0.01,0.3,rise,40,3,3,0,3,0,0,3,0,0,1.3536547390216347,1.3739717082177272,1.365957874552959,1.0,0.0,0.0,1.0,0.0
Kr,3.0,0.01,0.3,rise,50,3,3,0,3,0,0,3,0,0,1.31785318620301,1.3380873351339793,1.3295330843166338,1.0,0.0,0.0,1.0,0.0
Kr,3.0,0.01,0.3,rise,60,3,3,0,3,0,0,3,0,0,1.2764624060679512,1.2959776128215417,1.2875173904076462,1.0,0.0,0.0,1.0,0.0
Kr,3.0,0.01,0.3,fall,40,3,3,0,3,0,0,3,0,0,1.156838422678216,1.1990533405037511,1.1779958275348084,1.0,0.0,0.0,1.0,0.0
Kr,3.0,0.01,0.3,fall,50,3,3,0,3,0,0,3,0,0,1.137375194032455,1.1774009165965404,1.1554191562904088,1.0,0.0,0.0,1.0,0.0
Kr,3.0,0.01,0.3,fall,60,3,3,0,3,0,0,3,0,0,1.1300308052866033,1.1589534791669434,1.1394929150448552,1.0,0.0,0.0,1.0,0.0
Kr,3.0,0.01,1.0,rise,40,3,3,0,3,0,0,3,0,0,1.387678350052331,1.4166037052176006,1.4032586824661712,1.0,0.0,0.0,1.0,0.0
Kr,3.0,0.01,1.0,rise,50,3,3,0,3,0,0,3,0,0,1.356781466491852,1.385866283904402,1.3721611677194383,1.0,0.0,0.0,1.0,0.0
Kr,3.0,0.01,1.0,rise,60,3,3,0,3,0,0,3,0,0,1.32090839054187,1.352060329151559,1.336626490501854,1.0,0.0,0.0,1.0,0.0
Kr,3.0,0.01,1.0,fall,40,3,3,0,3,0,0,3,0,0,1.8365692825000584,1.889274235482575,1.860756068715568,1.0,0.0,0.0,1.0,0.0
Kr,3.0,0.01,1.0,fall,50,3,3,0,3,0,0,3,0,0,1.6610845537446082,1.720707138337989,1.6856339085374152,1.0,0.0,0.0,1.0,0.0
Kr,3.0,0.01,1.0,fall,60,3,3,0,3,0,0,3,0,0,1.5287245790812023,1.5897534895483516,1.5507756909330044,1.0,0.0,0.0,1.0,0.0
Kr,3.0,0.01,3.0,rise,40,3,3,0,3,0,0,3,0,0,1.416819096583283,1.4463819472396977,1.431363885656161,1.0,0.0,0.0,1.0,0.0
Kr,3.0,0.01,3.0,rise,50,3,3,0,3,0,0,3,0,0,1.3905142650546751,1.4206012329848283,1.4048551505972264,1.0,0.0,0.0,1.0,0.0
Kr,3.0,0.01,3.0,rise,60,3,3,0,3,0,0,3,0,0,1.3598159482616046,1.393897774654673,1.3749424032245396,1.0,0.0,0.0,1.0,0.0
Kr,3.0,0.01,3.0,fall,40,3,3,0,3,0,0,3,0,0,3.724863745164543,3.8099371309773447,3.765296262360197,1.0,0.0,0.0,1.0,0.0
Kr,3.0,0.01,3.0,fall,50,3,3,0,3,0,0,3,0,0,3.103091935454219,3.1950828622090803,3.1438870350150125,1.0,0.0,0.0,1.0,0.0
Kr,3.0,0.01,3.0,fall,60,3,3,0,3,0,0,3,0,0,2.606088865401773,2.6994860924965054,2.644385792132343,1.0,0.0,0.0,1.0,0.0
Kr,3.0,0.03,0.01,rise,40,3,3,0,3,0,0,3,0,0,1.303975907148491,1.3056158324852112,1.304339043934544,1.0,0.0,0.0,1.0,0.0
Kr,3.0,0.03,0.01,rise,50,3,3,0,3,0,0,3,0,0,1.2620788444353597,1.2630747245634348,1.262140130559213,1.0,0.0,0.0,1.0,0.0
Kr,3.0,0.03,0.01,rise,60,3,3,0,3,0,0,3,0,0,1.211368896387022,1.2135681089621753,1.2121515076995173,1.0,0.0,0.0,1.0,0.0
Kr,3.0,0.03,0.01,fall,40,3,3,0,3,0,0,3,0,0,0.8681484170210472,0.8765469595838691,0.8720788108293784,1.0,0.0,0.0,1.0,0.0
Kr,3.0,0.03,0.01,fall,50,3,3,0,3,0,0,3,0,0,0.8702113325061016,0.8884413271491689,0.8781794575658295,1.0,0.0,0.0,1.0,0.0
Kr,3.0,0.03,0.01,fall,60,3,3,0,3,0,0,3,0,0,0.8713487236322952,0.9001901801350063,0.8843923460827305,1.0,0.0,0.0,1.0,0.0
Kr,3.0,0.03,0.03,rise,40,3,3,0,3,0,0,3,0,0,1.311906953653279,1.3138479976993416,1.3128450845752746,1.0,0.0,0.0,1.0,0.0
Kr,3.0,0.03,0.03,rise,50,3,3,0,3,0,0,3,0,0,1.2705952224347972,1.272298854102435,1.271105872144246,1.0,0.0,0.0,1.0,0.0
Kr,3.0,0.03,0.03,rise,60,3,3,0,3,0,0,3,0,0,1.2214071766476324,1.2230289324251098,1.222123532525955,1.0,0.0,0.0,1.0,0.0
Kr,3.0,0.03,0.03,fall,40,3,3,0,3,0,0,3,0,0,0.8890247806906357,0.8953591334589635,0.8920802539365869,1.0,0.0,0.0,1.0,0.0
Kr,3.0,0.03,0.03,fall,50,3,3,0,3,0,0,3,0,0,0.8910016124159617,0.9069391114641454,0.8977559758652012,1.0,0.0,0.0,1.0,0.0
Kr,3.0,0.03,0.03,fall,60,3,3,0,3,0,0,3,0,0,0.8921275809261604,0.918381094668431,0.903577788977202,1.0,0.0,0.0,1.0,0.0
Kr,3.0,0.03,0.1,rise,40,3,3,0,3,0,0,3,0,0,1.3284500817984235,1.3359934798403976,1.33410706542728,1.0,0.0,0.0,1.0,0.0
Kr,3.0,0.03,0.1,rise,50,3,3,0,3,0,0,3,0,0,1.289168906459338,1.2966383225414877,1.293508421123294,1.0,0.0,0.0,1.0,0.0
Kr,3.0,0.03,0.1,rise,60,3,3,0,3,0,0,3,0,0,1.2438955440061703,1.2488444581176936,1.2464935706143083,1.0,0.0,0.0,1.0,0.0
Kr,3.0,0.03,0.1,fall,40,3,3,0,3,0,0,3,0,0,0.959604868605552,0.9688378610392734,0.96487022350964,1.0,0.0,0.0,1.0,0.0
Kr,3.0,0.03,0.1,fall,50,3,3,0,3,0,0,3,0,0,0.966845160608643,0.9685443491284104,0.9684687116443992,1.0,0.0,0.0,1.0,0.0
Kr,3.0,0.03,0.1,fall,60,3,3,0,3,0,0,3,0,0,0.9675280241109748,0.9783698011227666,0.9694746423776914,1.0,0.0,0.0,1.0,0.0
Kr,3.0,0.03,0.3,rise,40,3,3,0,3,0,0,3,0,0,1.3521902773113788,1.3708833986017654,1.3636386665978253,1.0,0.0,0.0,1.0,0.0
Kr,3.0,0.03,0.3,rise,50,3,3,0,3,0,0,3,0,0,1.3160345933879043,1.3342269481140263,1.3266349662348875,1.0,0.0,0.0,1.0,0.0
Kr,3.0,0.03,0.3,rise,60,3,3,0,3,0,0,3,0,0,1.2742801114254896,1.2913426888440518,1.2840396487095505,1.0,0.0,0.0,1.0,0.0
Kr,3.0,0.03,0.3,fall,40,3,3,0,3,0,0,3,0,0,1.1384067760065189,1.1790522868074893,1.158659617085524,1.0,0.0,0.0,1.0,0.0
Kr,3.0,0.03,0.3,fall,50,3,3,0,3,0,0,3,0,0,1.1194918867641157,1.157642133026647,1.1366614508146309,1.0,0.0,0.0,1.0,0.0
Kr,3.0,0.03,0.3,fall,60,3,3,0,3,0,0,3,0,0,1.1127885662942711,1.139388002325616,1.1213092839791567,1.0,0.0,0.0,1.0,0.0
Kr,3.0,0.03,1.0,rise,40,3,3,0,3,0,0,3,0,0,1.3862138883420732,1.4135153956016366,1.4009394745110355,1.0,0.0,0.0,1.0,0.0
Kr,3.0,0.03,1.0,rise,50,3,3,0,3,0,0,3,0,0,1.3549628736767445,1.3820058968844464,1.3692630496376896,1.0,0.0,0.0,1.0,0.0
Kr,3.0,0.03,1.0,rise,60,3,3,0,3,0,0,3,0,0,1.3187260958994054,1.3474254051740664,1.3331487488037554,1.0,0.0,0.0,1.0,0.0
Kr,3.0,0.03,1.0,fall,40,3,3,0,3,0,0,3,0,0,1.818137635828355,1.8692731817863064,1.841419858266279,1.0,0.0,0.0,1.0,0.0
Kr,3.0,0.03,1.0,fall,50,3,3,0,3,0,0,3,0,0,1.6432012464762629,1.70094835476809,1.666876203061631,1.0,0.0,0.0,1.0,0.0
Kr,3.0,0.03,1.0,fall,60,3,3,0,3,0,0,3,0,0,1.5114823400888668,1.5701880127070194,1.5325920598673015,1.0,0.0,0.0,1.0,0.0
Kr,3.0,0.03,3.0,rise,40,3,3,0,3,0,0,3,0,0,1.4153546348730233,1.443293637623732,1.4290446777010235,1.0,0.0,0.0,1.0,0.0
Kr,3.0,0.03,3.0,rise,50,3,3,0,3,0,0,3,0,0,1.3886956722395654,1.4167408459648716,1.401957032515476,1.0,0.0,0.0,1.0,0.0
Kr,3.0,0.03,3.0,rise,60,3,3,0,3,0,0,3,0,0,1.3576336536191376,1.3892628506771785,1.3714646615264392,1.0,0.0,0.0,1.0,0.0
Kr,3.0,0.03,3.0,fall,40,3,3,0,3,0,0,3,0,0,3.7064320984928334,3.789936077281072,3.745960051910902,1.0,0.0,0.0,1.0,0.0
Kr,3.0,0.03,3.0,fall,50,3,3,0,3,0,0,3,0,0,3.0852086281858693,3.175324078639176,3.1251293295392237,1.0,0.0,0.0,1.0,0.0
Kr,3.0,0.03,3.0,fall,60,3,3,0,3,0,0,3,0,0,2.5888466264094325,2.679920615655168,2.626202161066635,1.0,0.0,0.0,1.0,0.0
Kr,3.0,0.1,0.01,rise,40,3,3,0,3,0,0,3,0,0,1.2970528669807435,1.3017775084444512,1.3010449796694867,1.0,0.0,0.0,1.0,0.0
Kr,3.0,0.1,0.01,rise,50,3,3,0,3,0,0,3,0,0,1.2544194588814033,1.2589577223792412,1.2563657157932504,1.0,0.0,0.0,1.0,0.0
Kr,3.0,0.1,0.01,rise,60,3,3,0,3,0,0,3,0,0,1.2017562620759072,1.2097488903852216,1.2045126029275777,1.0,0.0,0.0,1.0,0.0
Kr,3.0,0.1,0.01,fall,40,3,3,0,3,0,0,3,0,0,0.7955390397962372,0.8141989601829178,0.8041428560470325,1.0,0.0,0.0,1.0,0.0
Kr,3.0,0.1,0.01,fall,50,3,3,0,3,0,0,3,0,0,0.8011791300775903,0.8287184976768809,0.8145391300683693,1.0,0.0,0.0,1.0,0.0
Kr,3.0,0.1,0.01,fall,60,3,3,0,3,0,0,3,0,0,0.8060497136960665,0.8433634212231089,0.8247507488338446,1.0,0.0,0.0,1.0,0.0
Kr,3.0,0.1,0.03,rise,40,3,3,0,3,0,0,3,0,0,1.3059217105568264,1.3093454196072034,1.3092769329809182,1.0,0.0,0.0,1.0,0.0
Kr,3.0,0.1,0.03,rise,50,3,3,0,3,0,0,3,0,0,1.2636432714752146,1.2674128270849907,1.2653925377531705,1.0,0.0,0.0,1.0,0.0
Kr,3.0,0.1,0.03,rise,60,3,3,0,3,0,0,3,0,0,1.211728016166206,1.2192097392750496,1.2145506804837625,1.0,0.0,0.0,1.0,0.0
Kr,3.0,0.1,0.03,fall,40,3,3,0,3,0,0,3,0,0,0.816414778517863,0.8330108972447663,0.8241439132904578,1.0,0.0,0.0,1.0,0.0
Kr,3.0,0.1,0.03,fall,50,3,3,0,3,0,0,3,0,0,0.8219686648818976,0.8472159992405666,0.8341152606521214,1.0,0.0,0.0,1.0,0.0
Kr,3.0,0.1,0.03,fall,60,3,3,0,3,0,0,3,0,0,0.8268277326174083,0.8615540487027444,0.8439357878825784,1.0,0.0,0.0,1.0,0.0
Kr,3.0,0.1,0.1,rise,40,3,3,0,3,0,0,3,0,0,1.325888701957654,1.3295356718968503,1.3290693669504758,1.0,0.0,0.0,1.0,0.0
Kr,3.0,0.1,0.1,rise,50,3,3,0,3,0,0,3,0,0,1.2859867140930838,1.2879820758944958,1.2877948014367002,1.0,0.0,0.0,1.0,0.0
Kr,3.0,0.1,0.1,rise,60,3,3,0,3,0,0,3,0,0,1.23844836383988,1.240076607336683,1.2396368100711006,1.0,0.0,0.0,1.0,0.0
Kr,3.0,0.1,0.1,fall,40,3,3,0,3,0,0,3,0,0,0.8962253103554159,0.8972562604476022,0.8969325095819594,1.0,0.0,0.0,1.0,0.0
Kr,3.0,0.1,0.1,fall,50,3,3,0,3,0,0,3,0,0,0.8995089037519688,0.908744439248474,0.9032031321062136,1.0,0.0,0.0,1.0,0.0
Kr,3.0,0.1,0.1,fall,60,3,3,0,3,0,0,3,0,0,0.9022257887800302,0.921541434320508,0.9098313845997024,1.0,0.0,0.0,1.0,0.0
Kr,3.0,0.1,0.3,rise,40,3,3,0,3,0,0,3,0,0,1.349628964716001,1.3639582041623295,1.3590666559000504,1.0,0.0,0.0,1.0,0.0
Kr,3.0,0.1,0.3,rise,50,3,3,0,3,0,0,3,0,0,1.3128525195951222,1.3255697247384997,1.3209207363709543,1.0,0.0,0.0,1.0,0.0
Kr,3.0,0.1,0.3,rise,60,3,3,0,3,0,0,3,0,0,1.2704613499414166,1.280945702778357,1.2771822829333637,1.0,0.0,0.0,1.0,0.0
Kr,3.0,0.1,0.3,fall,40,3,3,0,3,0,0,3,0,0,1.0760610001877726,1.1064368665491706,1.090721329247026,1.0,0.0,0.0,1.0,0.0
Kr,3.0,0.1,0.3,fall,50,3,3,0,3,0,0,3,0,0,1.059768648107538,1.0886037125804462,1.073018388943261,1.0,0.0,0.0,1.0,0.0
Kr,3.0,0.1,0.3,fall,60,3,3,0,3,0,0,3,0,0,1.0559594809812531,1.0740828767194492,1.0616647075127317,1.0,0.0,0.0,1.0,0.0
Kr,3.0,0.1,1.0,rise,40,3,3,0,3,0,0,3,0,0,1.3836517587048904,1.4065885417489747,1.3963661569937362,1.0,0.0,0.0,1.0,0.0
Kr,3.0,0.1,1.0,rise,50,3,3,0,3,0,0,3,0,0,1.351779919824816,1.3733470137990378,1.3635474102099825,1.0,0.0,0.0,1.0,0.0
Kr,3.0,0.1,1.0,rise,60,3,3,0,3,0,0,3,0,0,1.3149063762375486,1.3370266522516938,1.326289850680336,1.0,0.0,0.0,1.0,0.0
Kr,3.0,0.1,1.0,fall,40,3,3,0,3,0,0,3,0,0,1.7557849008049695,1.7966511525718318,1.7734753471062543,1.0,0.0,0.0,1.0,0.0
Kr,3.0,0.1,1.0,fall,50,3,3,0,3,0,0,3,0,0,1.583474189517757,1.6319047210975857,1.60322896152985,1.0,0.0,0.0,1.0,0.0
Kr,3.0,0.1,1.0,fall,60,3,3,0,3,0,0,3,0,0,1.454651752170931,1.5048786284438551,1.4729447915897236,1.0,0.0,0.0,1.0,0.0
Kr,3.0,0.1,3.0,rise,40,3,3,0,3,0,0,3,0,0,1.4127911113887517,1.4363652977901862,1.4244699761995403,1.0,0.0,0.0,1.0,0.0
Kr,3.0,0.1,3.0,rise,50,3,3,0,3,0,0,3,0,0,1.3855111335602612,1.4080803169645597,1.396239826707912,1.0,0.0,0.0,1.0,0.0
Kr,3.0,0.1,3.0,rise,60,3,3,0,3,0,0,3,0,0,1.3538121376942496,1.3788621685516709,1.364603974708222,1.0,0.0,0.0,1.0,0.0
Kr,3.0,0.1,3.0,fall,40,3,3,0,3,0,0,3,0,0,3.64407340508412,3.717307093908824,3.678009009586008,1.0,0.0,0.0,1.0,0.0
Kr,3.0,0.1,3.0,fall,50,3,3,0,3,0,0,3,0,0,3.025475640980901,3.1062735361588967,3.061475588374618,1.0,0.0,0.0,1.0,0.0
Kr,3.0,0.1,3.0,fall,60,3,3,0,3,0,0,3,0,0,2.5320102578886603,2.6146045402042373,2.5665485588974564,1.0,0.0,0.0,1.0,0.0
Kr,3.0,0.3,0.01,rise,40,3,3,0,3,0,0,3,0,0,1.291430908952896,1.2999930889570568,1.2978626451446365,1.0,0.0,0.0,1.0,0.0
Kr,3.0,0.3,0.01,rise,50,3,3,0,3,0,0,3,0,0,1.2467572305893888,1.256574635140145,1.2520497991321125,1.0,0.0,0.0,1.0,0.0
Kr,3.0,0.3,0.01,rise,60,3,3,0,3,0,0,3,0,0,1.1921684213709869,1.2067696093362343,1.199119493778399,1.0,0.0,0.0,1.0,0.0
Kr,3.0,0.3,0.01,fall,40,3,3,0,3,0,0,3,0,0,0.6272412058172665,0.6669962042330457,0.6446206655490672,1.0,0.0,0.0,1.0,0.0
Kr,3.0,0.3,0.01,fall,50,3,3,0,3,0,0,3,0,0,0.6538519375592551,0.7007109622309446,0.6762552992412831,1.0,0.0,0.0,1.0,0.0
Kr,3.0,0.3,0.01,fall,60,3,3,0,3,0,0,3,0,0,0.6770186456336527,0.7276952132256609,0.7036152638387865,1.0,0.0,0.0,1.0,0.0
Kr,3.0,0.3,0.03,rise,40,3,3,0,3,0,0,3,0,0,1.3001641271556186,1.307570797540185,1.306023560505818,1.0,0.0,0.0,1.0,0.0
Kr,3.0,0.3,0.03,rise,50,3,3,0,3,0,0,3,0,0,1.2558568255758684,1.265045634861516,1.261010126873524,1.0,0.0,0.0,1.0,0.0
Kr,3.0,0.3,0.03,rise,60,3,3,0,3,0,0,3,0,0,1.202032253353981,1.2162521322176594,1.209094096720531,1.0,0.0,0.0,1.0,0.0
Kr,3.0,0.3,0.03,fall,40,3,3,0,3,0,0,3,0,0,0.647620643983196,0.6856195431062795,0.6643013593599578,1.0,0.0,0.0,1.0,0.0
Kr,3.0,0.3,0.03,fall,50,3,3,0,3,0,0,3,0,0,0.6741747203927089,0.7189460717449916,0.6955394126823808,1.0,0.0,0.0,1.0,0.0
Kr,3.0,0.3,0.03,fall,60,3,3,0,3,0,0,3,0,0,0.6973587283620022,0.7456329464878437,0.7225329300766625,1.0,0.0,0.0,1.0,0.0
Kr,3.0,0.3,0.1,rise,40,3,3,0,3,0,0,3,0,0,1.3230238473255451,1.3261839255096837,1.3242218377605404,1.0,0.0,0.0,1.0,0.0
Kr,3.0,0.3,0.1,rise,50,3,3,0,3,0,0,3,0,0,1.27994138560533,1.2837502327510038,1.2833305765106693,1.0,0.0,0.0,1.0,0.0
Kr,3.0,0.3,0.1,rise,60,3,3,0,3,0,0,3,0,0,1.22854390188612,1.2372756055194531,1.2341136325014843,1.0,0.0,0.0,1.0,0.0
Kr,3.0,0.3,0.1,fall,40,3,3,0,3,0,0,3,0,0,0.7264043963949947,0.7499701094132494,0.7367678088912788,1.0,0.0,0.0,1.0,0.0
Kr,3.0,0.3,0.1,fall,50,3,3,0,3,0,0,3,0,0,0.7507795471346639,0.7799468315290468,0.7642409745419658,1.0,0.0,0.0,1.0,0.0
Kr,3.0,0.3,0.1,fall,60,3,3,0,3,0,0,3,0,0,0.7719918359579045,0.8049275679135066,0.7880237621915684,1.0,0.0,0.0,1.0,0.0
Kr,3.0,0.3,0.3,rise,40,3,3,0,3,0,0,3,0,0,1.3481136185201483,1.357515522084876,1.355564490879501,1.0,0.0,0.0,1.0,0.0
Kr,3.0,0.3,0.3,rise,50,3,3,0,3,0,0,3,0,0,1.3108032838604866,1.3171824791814244,1.3163238421558263,1.0,0.0,0.0,1.0,0.0
Kr,3.0,0.3,0.3,rise,60,3,3,0,3,0,0,3,0,0,1.2678872794422302,1.2715437893481116,1.2707497872029376,1.0,0.0,0.0,1.0,0.0
Kr,3.0,0.3,0.3,fall,40,3,3,0,3,0,0,3,0,0,0.9329499533992932,0.937372412317416,0.9335492761315,1.0,0.0,0.0,1.0,0.0
Kr,3.0,0.3,0.3,fall,50,3,3,0,3,0,0,3,0,0,0.93311926925528,0.9401646585728723,0.9352648462038472,1.0,0.0,0.0,1.0,0.0
Kr,3.0,0.3,0.3,fall,60,3,3,0,3,0,0,3,0,0,0.9396991389965664,0.9440045748099916,0.940419476881321,1.0,0.0,0.0,1.0,0.0
Kr,3.0,0.3,1.0,rise,40,3,3,0,3,0,0,3,0,0,1.3820025411686103,1.3994744725764736,1.3924232203479827,1.0,0.0,0.0,1.0,0.0
Kr,3.0,0.3,1.0,rise,50,3,3,0,3,0,0,3,0,0,1.3495994378892655,1.3643009517565885,1.3584848625688892,1.0,0.0,0.0,1.0,0.0
Kr,3.0,0.3,1.0,rise,60,3,3,0,3,0,0,3,0,0,1.31220415751018,1.3261424437775664,1.3201546901033694,1.0,0.0,0.0,1.0,0.0
Kr,3.0,0.3,1.0,fall,40,3,3,0,3,0,0,3,0,0,1.6148905102525122,1.628898221870036,1.6176422667059995,1.0,0.0,0.0,1.0,0.0
Kr,3.0,0.3,1.0,fall,50,3,3,0,3,0,0,3,0,0,1.4608330484338232,1.4858238811833586,1.4689427978434768,1.0,0.0,0.0,1.0,0.0
Kr,3.0,0.3,1.0,fall,60,3,3,0,3,0,0,3,0,0,1.3429195203189503,1.3770540112913876,1.355250405212102,1.0,0.0,0.0,1.0,0.0
Kr,3.0,0.3,3.0,rise,40,3,3,0,3,0,0,3,0,0,1.4106173109904545,1.428565545501133,1.4199488921629564,1.0,0.0,0.0,1.0,0.0
Kr,3.0,0.3,3.0,rise,50,3,3,0,3,0,0,3,0,0,1.382737686694168,1.398277718838921,1.3905240251276936,1.0,0.0,0.0,1.0,0.0
Kr,3.0,0.3,3.0,rise,60,3,3,0,3,0,0,3,0,0,1.3504401822197003,1.3670908143347542,1.357726043158797,1.0,0.0,0.0,1.0,0.0
Kr,3.0,0.3,3.0,fall,40,3,3,0,3,0,0,3,0,0,3.4974482702536607,3.543035287589738,3.516107965154772,1.0,0.0,0.0,1.0,0.0
Kr,3.0,0.3,3.0,fall,50,3,3,0,3,0,0,3,0,0,2.898609823154875,2.9551941224772134,2.9226409771355377,1.0,0.0,0.0,1.0,0.0
Kr,3.0,0.3,3.0,fall,60,3,3,0,3,0,0,3,0,0,2.41797355393978,2.4837264476729137,2.446246314760873,1.0,0.0,0.0,1.0,0.0
Kr,3.0,1.0,0.01,rise,40,3,3,0,3,0,0,3,0,0,1.309178842623672,1.31365309523157,1.31216810524523,1.0,0.0,0.0,1.0,0.0
Kr,3.0,1.0,0.01,rise,50,3,3,0,3,0,0,3,0,0,1.2663720308316646,1.2686012530681987,1.266765747171015,1.0,0.0,0.0,1.0,0.0
Kr,3.0,1.0,0.01,rise,60,3,3,0,3,0,0,3,0,0,1.2130085663730692,1.217362768163378,1.217003524906937,1.0,0.0,0.0,1.0,0.0
Kr,3.0,1.0,0.01,fall,40,3,3,0,3,0,0,3,0,0,0.3622725022334472,0.3785162687119827,0.3661257150455888,1.0,0.0,0.0,1.0,0.0
Kr,3.0,1.0,0.01,fall,50,3,3,0,3,0,0,3,0,0,0.4192377025543625,0.4395314931850218,0.4291728384663398,1.0,0.0,0.0,1.0,0.0
Kr,3.0,1.0,0.01,fall,60,3,3,0,3,0,0,3,0,0,0.5167754739839694,0.5269901318426435,0.519766920132116,1.0,0.0,0.0,1.0,0.0
Kr,3.0,1.0,0.03,rise,40,3,3,0,3,0,0,3,0,0,1.3166747615502823,1.3209657744708458,1.3194780732872016,1.0,0.0,0.0,1.0,0.0
Kr,3.0,1.0,0.03,rise,50,3,3,0,3,0,0,3,0,0,1.2745463131436952,1.2767303238541023,1.274795622309773,1.0,0.0,0.0,1.0,0.0
Kr,3.0,1.0,0.03,rise,60,3,3,0,3,0,0,3,0,0,1.2216489361979126,1.2268335341992351,1.2261466014658362,1.0,0.0,0.0,1.0,0.0
Kr,3.0,1.0,0.03,fall,40,3,3,0,3,0,0,3,0,0,0.3638910066375853,0.3769151204242833,0.3707189084684978,1.0,0.0,0.0,1.0,0.0
Kr,3.0,1.0,0.03,fall,50,3,3,0,3,0,0,3,0,0,0.4326175492291613,0.4495873699682726,0.4402908387069817,1.0,0.0,0.0,1.0,0.0
Kr,3.0,1.0,0.03,fall,60,3,3,0,3,0,0,3,0,0,0.5289153751169251,0.5417038288288167,0.5330291993291243,1.0,0.0,0.0,1.0,0.0
Kr,3.0,1.0,0.1,rise,40,3,3,0,3,0,0,3,0,0,1.3341559311272515,1.339806946736411,1.3392614142171455,1.0,0.0,0.0,1.0,0.0
Kr,3.0,1.0,0.1,rise,50,3,3,0,3,0,0,3,0,0,1.2945371116435294,1.2978320887216226,1.295859781894558,1.0,0.0,0.0,1.0,0.0
Kr,3.0,1.0,0.1,rise,60,3,3,0,3,0,0,3,0,0,1.2457208598606369,1.2500316824710134,1.2491212553200062,1.0,0.0,0.0,1.0,0.0
Kr,3.0,1.0,0.1,fall,40,3,3,0,3,0,0,3,0,0,0.415486052550746,0.4240051946658858,0.4215782218815267,1.0,0.0,0.0,1.0,0.0
Kr,3.0,1.0,0.1,fall,50,3,3,0,3,0,0,3,0,0,0.4991355463570115,0.5083828550399541,0.5002281469805308,1.0,0.0,0.0,1.0,0.0
Kr,3.0,1.0,0.1,fall,60,3,3,0,3,0,0,3,0,0,0.5890409722870857,0.5983087748611742,0.5912606567434566,1.0,0.0,0.0,1.0,0.0
Kr,3.0,1.0,0.3,rise,40,3,3,0,3,0,0,3,0,0,1.3594087757279103,1.369647469745608,1.3674042307764496,1.0,0.0,0.0,1.0,0.0
Kr,3.0,1.0,0.3,rise,50,3,3,0,3,0,0,3,0,0,1.3232904132248533,1.329424295002423,1.329145948938978,1.0,0.0,0.0,1.0,0.0
Kr,3.0,1.0,0.3,rise,60,3,3,0,3,0,0,3,0,0,1.281812082490355,1.285874616870597,1.2846132960929606,1.0,0.0,0.0,1.0,0.0
Kr,3.0,1.0,0.3,fall,40,3,3,0,3,0,0,3,0,0,0.6609038979185278,0.6674420525612055,0.664850717509565,1.0,0.0,0.0,1.0,0.0
Kr,3.0,1.0,0.3,fall,50,3,3,0,3,0,0,3,0,0,0.7128225089992766,0.7195293206198956,0.7161631265750672,1.0,0.0,0.0,1.0,0.0
Kr,3.0,1.0,0.3,fall,60,3,3,0,3,0,0,3,0,0,0.7656061439444253,0.7717541847855873,0.7684498526834811,1.0,0.0,0.0,1.0,0.0
Kr,3.0,1.0,1.0,rise,40,3,3,0,3,0,0,3,0,0,1.391615851716419,1.404988669408877,1.3999056658926925,1.0,0.0,0.0,1.0,0.0
Kr,3.0,1.0,1.0,rise,50,3,3,0,3,0,0,3,0,0,1.3603582966244876,1.3698856254638858,1.366637801528023,1.0,0.0,0.0,1.0,0.0
Kr,3.0,1.0,1.0,rise,60,3,3,0,3,0,0,3,0,0,1.3243517244915646,1.332823185646328,1.329446334113042,1.0,0.0,0.0,1.0,0.0
Kr,3.0,1.0,1.0,fall,40,3,3,0,3,0,0,3,0,0,1.4384950433314092,1.4553348970296494,1.443407633132512,1.0,0.0,0.0,1.0,0.0
Kr,3.0,1.0,1.0,fall,50,3,3,0,3,0,0,3,0,0,1.3553475849184822,1.3726424993271422,1.3603676957279325,1.0,0.0,0.0,1.0,0.0
Kr,3.0,1.0,1.0,fall,60,3,3,0,3,0,0,3,0,0,1.279441694775533,1.297224002555137,1.2845748532822987,1.0,0.0,0.0,1.0,0.0
Kr,3.0,1.0,3.0,rise,40,3,3,0,3,0,0,3,0,0,1.4154251381584944,1.4275130576416553,1.4220625108965712,1.0,0.0,0.0,1.0,0.0
Kr,3.0,1.0,3.0,rise,50,3,3,0,3,0,0,3,0,0,1.3880425808504024,1.3965092985483032,1.3925731850378529,1.0,0.0,0.0,1.0,0.0
Kr,3.0,1.0,3.0,rise,60,3,3,0,3,0,0,3,0,0,1.3564066931307273,1.3650645313403995,1.3600373581410252,1.0,0.0,0.0,1.0,0.0
Kr,3.0,1.0,3.0,fall,40,3,3,0,3,0,0,3,0,0,3.328850023364886,3.366220962877142,3.34558037769626,1.0,0.0,0.0,1.0,0.0
Kr,3.0,1.0,3.0,fall,50,3,3,0,3,0,0,3,0,0,2.849253676478581,2.8874934668994188,2.8663477437091247,1.0,0.0,0.0,1.0,0.0
Kr,3.0,1.0,3.0,fall,60,3,3,0,3,0,0,3,0,0,2.44110185890723,2.480564528269371,2.4587046434466324,1.0,0.0,0.0,1.0,0.0
Kr,3.0,3.0,0.01,rise,40,3,3,0,3,0,0,3,0,0,1.3410860061156695,1.3576693690259072,1.3520695626173584,1.0,0.0,0.0,1.0,0.0
Kr,3.0,3.0,0.01,rise,50,3,3,0,3,0,0,3,0,0,1.3020232776178262,1.3153525266032169,1.311209241211591,1.0,0.0,0.0,1.0,0.0
Kr,3.0,3.0,0.01,rise,60,3,3,0,3,0,0,3,0,0,1.257323139841762,1.268482553713183,1.2649991382901702,1.0,0.0,0.0,1.0,0.0
Kr,3.0,3.0,0.01,fall,40,3,3,0,3,0,0,3,0,0,0.6879138069558044,0.7450881121309001,0.7020956053806229,1.0,0.0,0.0,1.0,0.0
Kr,3.0,3.0,0.01,fall,50,3,3,0,3,0,0,3,0,0,0.6879137945817915,0.7450881247804197,0.7020956191058865,1.0,0.0,0.0,1.0,0.0
Kr,3.0,3.0,0.01,fall,60,3,3,0,3,0,0,3,0,0,0.6879137955969883,0.7450881237426206,0.7020956179798308,1.0,0.0,0.0,1.0,0.0
Kr,3.0,3.0,0.03,rise,40,3,3,0,3,0,0,3,0,0,1.346173917320903,1.3621699947873984,1.3569103518369834,1.0,0.0,0.0,1.0,0.0
Kr,3.0,3.0,0.03,rise,50,3,3,0,3,0,0,3,0,0,1.3078174364703383,1.3203705766622875,1.316717481064845,1.0,0.0,0.0,1.0,0.0
Kr,3.0,3.0,0.03,rise,60,3,3,0,3,0,0,3,0,0,1.2639115302836632,1.274170255385885,1.271319436349781,1.0,0.0,0.0,1.0,0.0
Kr,3.0,3.0,0.03,fall,40,3,3,0,3,0,0,3,0,0,0.6681220789724938,0.7211758273731199,0.6795325936764209,1.0,0.0,0.0,1.0,0.0
Kr,3.0,3.0,0.03,fall,50,3,3,0,3,0,0,3,0,0,0.6681220964983474,0.7211758526151817,0.6795325324365109,1.0,0.0,0.0,1.0,0.0
Kr,3.0,3.0,0.03,fall,60,3,3,0,3,0,0,3,0,0,0.6681220950604825,0.7211758505442569,0.6795325320799996,1.0,0.0,0.0,1.0,0.0
Kr,3.0,3.0,0.1,rise,40,3,3,0,3,0,0,3,0,0,1.3610959720934654,1.375124286240967,1.370610498676584,1.0,0.0,0.0,1.0,0.0
Kr,3.0,3.0,0.1,rise,50,3,3,0,3,0,0,3,0,0,1.3248747002494854,1.3349756413670066,1.332386138369075,1.0,0.0,0.0,1.0,0.0
Kr,3.0,3.0,0.1,rise,60,3,3,0,3,0,0,3,0,0,1.2833705108974722,1.2911846207880964,1.289382046467236,1.0,0.0,0.0,1.0,0.0
Kr,3.0,3.0,0.1,fall,40,3,3,0,3,0,0,3,0,0,0.6257653368248723,0.6654790886850357,0.6318640809961558,1.0,0.0,0.0,1.0,0.0
Kr,3.0,3.0,0.1,fall,50,3,3,0,3,0,0,3,0,0,0.6257653492644728,0.6654791067608263,0.6318640960709434,1.0,0.0,0.0,1.0,0.0
Kr,3.0,3.0,0.1,fall,60,3,3,0,3,0,0,3,0,0,0.6257714629205813,0.6654856960273747,0.6318709149765676,1.0,0.0,0.0,1.0,0.0
Kr,3.0,3.0,0.3,rise,40,3,3,0,3,0,0,3,0,0,1.3834454420266926,1.3959895265021296,1.391590250559115,1.0,0.0,0.0,1.0,0.0
Kr,3.0,3.0,0.3,rise,50,3,3,0,3,0,0,3,0,0,1.350599988623031,1.358953193187419,1.3566082830322364,1.0,0.0,0.0,1.0,0.0
Kr,3.0,3.0,0.3,rise,60,3,3,0,3,0,0,3,0,0,1.312895919994289,1.3197215309184722,1.3175551865630817,1.0,0.0,0.0,1.0,0.0
Kr,3.0,3.0,0.3,fall,40,3,3,0,3,0,0,3,0,0,0.66048771642956,0.6949023836211525,0.668671048024482,1.0,0.0,0.0,1.0,0.0
Kr,3.0,3.0,0.3,fall,50,3,3,0,3,0,0,3,0,0,0.6622649229790794,0.6965090071673607,0.6704014901787705,1.0,0.0,0.0,1.0,0.0
Kr,3.0,3.0,0.3,fall,60,3,3,0,3,0,0,3,0,0,0.6705369673776476,0.704009588477791,0.6784627787947999,1.0,0.0,0.0,1.0,0.0
Kr,3.0,3.0,1.0,rise,40,3,3,0,3,0,0,3,0,0,1.4080068106314978,1.4187898516162272,1.4143852050107328,1.0,0.0,0.0,1.0,0.0
Kr,3.0,3.0,1.0,rise,50,3,3,0,3,0,0,3,0,0,1.3791146544683732,1.3857958116454832,1.3832364185348367,1.0,0.0,0.0,1.0,0.0
Kr,3.0,3.0,1.0,rise,60,3,3,0,3,0,0,3,0,0,1.345868215043174,1.3521302337412622,1.34889348785238,1.0,0.0,0.0,1.0,0.0
Kr,3.0,3.0,1.0,fall,40,3,3,0,3,0,0,3,0,0,1.3291059535150265,1.3593063349563046,1.3419632856126231,1.0,0.0,0.0,1.0,0.0
Kr,3.0,3.0,1.0,fall,50,3,3,0,3,0,0,3,0,0,1.3049981978012957,1.335850920500281,1.3181172083319188,1.0,0.0,0.0,1.0,0.0
Kr,3.0,3.0,1.0,fall,60,3,3,0,3,0,0,3,0,0,1.2741127221207238,1.305841491652382,1.2875834264825547,1.0,0.0,0.0,1.0,0.0
Kr,3.0,3.0,3.0,rise,40,3,3,0,3,0,0,3,0,0,1.4233452022365447,1.4316531422807683,1.4280234550071709,1.0,0.0,0.0,1.0,0.0
Kr,3.0,3.0,3.0,rise,50,3,3,0,3,0,0,3,0,0,1.397050324541219,1.4012294035275956,1.3993215483629666,1.0,0.0,0.0,1.0,0.0
Kr,3.0,3.0,3.0,rise,60,3,3,0,3,0,0,3,0,0,1.3667366241866608,1.370908768918952,1.3680212141568406,1.0,0.0,0.0,1.0,0.0
Kr,3.0,3.0,3.0,fall,40,3,3,0,3,0,0,3,0,0,3.4650548896085427,3.491938930674019,3.4790916977502206,1.0,0.0,0.0,1.0,0.0
Kr,3.0,3.0,3.0,fall,50,3,3,0,3,0,0,3,0,0,3.121952778363453,3.151024141136486,3.13697126581046,1.0,0.0,0.0,1.0,0.0
Kr,3.0,3.0,3.0,fall,60,3,3,0,3,0,0,3,0,0,2.787614312550165,2.8193892039696493,2.8038476325085933,1.0,0.0,0.0,1.0,0.0
mlpt,0.01,0.01,0.01,rise,40,3,3,0,0,0,3,3,0,0,0.0046841618883211,0.0047449759238853,0.0047336293856069,0.0,0.0,1.0,1.0,0.0
mlpt,0.01,0.01,0.01,rise,50,3,3,0,0,0,3,3,0,0,0.0047379206765198,0.0047819100043657,0.0047769503881699,0.0,0.0,1.0,1.0,0.0
mlpt,0.01,0.01,0.01,rise,60,3,3,0,0,0,3,3,0,0,0.0047344086541076,0.0048749913211294,0.0048029659452442,0.0,0.0,1.0,1.0,0.0
mlpt,0.01,0.01,0.01,fall,40,3,3,0,0,0,3,3,0,0,0.0050528857190413,0.0052098635624419,0.0050926084900236,0.0,0.0,1.0,1.0,0.0
mlpt,0.01,0.01,0.01,fall,50,3,3,0,0,0,3,3,0,0,0.0049482155586545,0.0052264333068775,0.0050606501582832,0.0,0.0,1.0,1.0,0.0
mlpt,0.01,0.01,0.01,fall,60,3,3,0,0,0,3,3,0,0,0.0048463924994029,0.0052553906151113,0.0050345563354812,0.0,0.0,1.0,1.0,0.0
mlpt,0.01,0.01,0.03,rise,40,3,3,0,3,0,0,3,0,0,0.0191484205715308,0.0206927081855341,0.0203928020241656,1.0,0.0,0.0,1.0,0.0
mlpt,0.01,0.01,0.03,rise,50,3,3,0,3,0,0,3,0,0,0.019951225858377,0.0207990056585399,0.0206959936158239,1.0,0.0,0.0,1.0,0.0
mlpt,0.01,0.01,0.03,rise,60,3,3,0,3,0,0,3,0,0,0.0207238430826115,0.0209431694702155,0.020846111671679,1.0,0.0,0.0,1.0,0.0
mlpt,0.01,0.01,0.03,fall,40,3,3,0,3,0,0,3,0,0,0.0226166799842726,0.0253589323628465,0.0236863808461135,1.0,0.0,0.0,1.0,0.0
mlpt,0.01,0.01,0.03,fall,50,3,3,0,3,0,0,3,0,0,0.0216575962441886,0.025606695853848,0.023382336755001,1.0,0.0,0.0,1.0,0.0
mlpt,0.01,0.01,0.03,fall,60,3,3,0,3,0,0,3,0,0,0.0207448224063961,0.025991494833207,0.0231349013984701,1.0,0.0,0.0,1.0,0.0
mlpt,0.01,0.01,0.1,rise,40,3,3,0,3,0,0,3,0,0,0.0552297666884516,0.0696080724608467,0.0650198476024292,1.0,0.0,0.0,1.0,0.0
mlpt,0.01,0.01,0.1,rise,50,3,3,0,3,0,0,3,0,0,0.059704665885133,0.0707915872149292,0.0674788737811276,1.0,0.0,0.0,1.0,0.0
mlpt,0.01,0.01,0.1,rise,60,3,3,0,3,0,0,3,0,0,0.0644783017224548,0.0714585857041612,0.0696040014971612,1.0,0.0,0.0,1.0,0.0
mlpt,0.01,0.01,0.1,fall,40,3,3,0,3,0,0,3,0,0,0.0846522779252501,0.1115845787741732,0.0976706680353193,1.0,0.0,0.0,1.0,0.0
mlpt,0.01,0.01,0.1,fall,50,3,3,0,3,0,0,3,0,0,0.0767585589919125,0.1119188710088808,0.0942386132547221,1.0,0.0,0.0,1.0,0.0
mlpt,0.01,0.01,0.1,fall,60,3,3,0,3,0,0,3,0,0,0.0704683833204096,0.1131126387929197,0.0915256337011947,1.0,0.0,0.0,1.0,0.0
mlpt,0.01,0.01,0.3,rise,40,3,3,0,3,0,0,3,0,0,0.1022045936289487,0.1360125471454573,0.1231700456048589,1.0,0.0,0.0,1.0,0.0
mlpt,0.01,0.01,0.3,rise,50,3,3,0,3,0,0,3,0,0,0.1145946482406315,0.1397452390168865,0.1302898485430072,1.0,0.0,0.0,1.0,0.0
mlpt,0.01,0.01,0.3,rise,60,3,3,0,3,0,0,3,0,0,0.1294857117478514,0.1418841723895449,0.1368470096727762,1.0,0.0,0.0,1.0,0.0
mlpt,0.01,0.01,0.3,fall,40,3,3,0,3,0,0,3,0,0,0.276783954465279,0.33110217396145,0.2989960819983802,1.0,0.0,0.0,1.0,0.0
mlpt,0.01,0.01,0.3,fall,50,3,3,0,3,0,0,3,0,0,0.2259847361708213,0.31148868465819,0.264135941978229,1.0,0.0,0.0,1.0,0.0
mlpt,0.01,0.01,0.3,fall,60,3,3,0,3,0,0,3,0,0,0.1874296157633753,0.2997614832708462,0.2412672645817247,1.0,0.0,0.0,1.0,0.0
mlpt,0.01,0.01,1.0,rise,40,3,3,0,3,0,0,3,0,0,0.1522469011583029,0.1897228908820041,0.1754977575135186,1.0,0.0,0.0,1.0,0.0
mlpt,0.01,0.01,1.0,rise,50,3,3,0,3,0,0,3,0,0,0.1762604361069407,0.195610637831128,0.187969347208273,1.0,0.0,0.0,1.0,0.0
mlpt,0.01,0.01,1.0,rise,60,3,3,0,3,0,0,3,0,0,0.1988371305355187,0.2031611428091974,0.1999398348092508,1.0,0.0,0.0,1.0,0.0
mlpt,0.01,0.01,1.0,fall,40,3,3,0,3,0,0,3,0,0,0.9483915129567996,1.043076900829198,0.9941476453713444,1.0,0.0,0.0,1.0,0.0
mlpt,0.01,0.01,1.0,fall,50,3,3,0,3,0,0,3,0,0,0.7413918312849097,0.8679676305964996,0.8030872848915594,1.0,0.0,0.0,1.0,0.0
mlpt,0.01,0.01,1.0,fall,60,3,3,0,3,0,0,3,0,0,0.5752117169771448,0.7336623961869012,0.6528422727114134,1.0,0.0,0.0,1.0,0.0
mlpt,0.01,0.01,3.0,rise,40,3,3,0,3,0,0,3,0,0,0.1823255599581958,0.2134625601147328,0.2020711721069424,1.0,0.0,0.0,1.0,0.0
mlpt,0.01,0.01,3.0,rise,50,3,3,0,3,0,0,3,0,0,0.2130825015836741,0.2203751248404598,0.2177557655930983,1.0,0.0,0.0,1.0,0.0
mlpt,0.01,0.01,3.0,rise,60,3,3,0,3,0,0,3,0,0,0.2241616809568282,0.2468661573908972,0.2331424156832203,1.0,0.0,0.0,1.0,0.0
mlpt,0.01,0.01,3.0,fall,40,3,3,0,3,0,0,3,0,0,2.805980588018372,2.943401954026996,2.874267297936464,1.0,0.0,0.0,1.0,0.0
mlpt,0.01,0.01,3.0,fall,50,3,3,0,3,0,0,3,0,0,2.15269372412502,2.322005521969409,2.236919831405781,1.0,0.0,0.0,1.0,0.0
mlpt,0.01,0.01,3.0,fall,60,3,3,0,3,0,0,3,0,0,1.6218704611246406,1.8230571292889264,1.7220317180334288,1.0,0.0,0.0,1.0,0.0
mlpt,0.01,0.03,0.01,rise,40,3,3,0,0,0,3,3,0,0,0.0023025299943621,0.0023397764453306,0.0023100770690473,0.0,0.0,1.0,1.0,0.0
mlpt,0.01,0.03,0.01,rise,50,3,3,0,0,0,3,3,0,0,0.0022986960220508,0.0023810499164166,0.0023622128161457,0.0,0.0,1.0,1.0,0.0
mlpt,0.01,0.03,0.01,rise,60,3,3,0,0,0,3,3,0,0,0.002287980802167,0.0024500393672173,0.0023803670511162,0.0,0.0,1.0,1.0,0.0
mlpt,0.01,0.03,0.01,fall,40,3,3,0,0,0,3,3,0,0,0.0025724676783231,0.0026150039111459,0.002582065438446,0.0,0.0,1.0,1.0,0.0
mlpt,0.01,0.03,0.01,fall,50,3,3,0,0,0,3,3,0,0,0.0025004289646025,0.0026155724182678,0.0025596890216463,0.0,0.0,1.0,1.0,0.0
mlpt,0.01,0.03,0.01,fall,60,3,3,0,0,0,3,3,0,0,0.0024327779624861,0.0026221328890311,0.0025413883475453,0.0,0.0,1.0,1.0,0.0
mlpt,0.01,0.03,0.03,rise,40,3,3,0,3,0,0,3,0,0,0.0126234055096141,0.0136741876902177,0.0135291674716062,1.0,0.0,0.0,1.0,0.0
mlpt,0.01,0.03,0.03,rise,50,3,3,0,3,0,0,3,0,0,0.0132858062221177,0.0137803685790299,0.0137356932427126,1.0,0.0,0.0,1.0,0.0
mlpt,0.01,0.03,0.03,rise,60,3,3,0,3,0,0,3,0,0,0.0137424862664141,0.0139851806957884,0.0139433046253451,1.0,0.0,0.0,1.0,0.0
mlpt,0.01,0.03,0.03,fall,40,3,3,0,3,0,0,3,0,0,0.0154534401795859,0.0172217998995835,0.0162514622912001,1.0,0.0,0.0,1.0,0.0
mlpt,0.01,0.03,0.03,fall,50,3,3,0,3,0,0,3,0,0,0.0146677531294432,0.0173299358526587,0.0159980581775061,1.0,0.0,0.0,1.0,0.0
mlpt,0.01,0.03,0.03,fall,60,3,3,0,3,0,0,3,0,0,0.0139453386119419,0.0175288617200201,0.015792574510936,1.0,0.0,0.0,1.0,0.0
mlpt,0.01,0.03,0.1,rise,40,3,3,0,3,0,0,3,0,0,0.0436167587497555,0.0565569641842125,0.0523882976033553,1.0,0.0,0.0,1.0,0.0
mlpt,0.01,0.03,0.1,rise,50,3,3,0,3,0,0,3,0,0,0.0477026466242514,0.0576339550076968,0.0546912463307391,1.0,0.0,0.0,1.0,0.0
mlpt,0.01,0.03,0.1,rise,60,3,3,0,3,0,0,3,0,0,0.0521484659399482,0.0582127367480618,0.0566923691437075,1.0,0.0,0.0,1.0,0.0
mlpt,0.01,0.03,0.1,fall,40,3,3,0,3,0,0,3,0,0,0.0718476030839467,0.0959239867238029,0.0835473452797902,1.0,0.0,0.0,1.0,0.0
mlpt,0.01,0.03,0.1,fall,50,3,3,0,3,0,0,3,0,0,0.0642236671622344,0.0959630534151055,0.080224573358282,1.0,0.0,0.0,1.0,0.0
mlpt,0.01,0.03,0.1,fall,60,3,3,0,3,0,0,3,0,0,0.0583417969771283,0.0967597553704654,0.0776087195381275,1.0,0.0,0.0,1.0,0.0
mlpt,0.01,0.03,0.3,rise,40,3,3,0,3,0,0,3,0,0,0.0876718374988411,0.1197234831812243,0.1073540605440313,1.0,0.0,0.0,1.0,0.0
mlpt,0.01,0.03,0.3,rise,50,3,3,0,3,0,0,3,0,0,0.0995157630052729,0.1233368907781581,0.11424304991313,1.0,0.0,0.0,1.0,0.0
mlpt,0.01,0.03,0.3,rise,60,3,3,0,3,0,0,3,0,0,0.1138430082968099,0.1253955716990342,0.120614737096584,1.0,0.0,0.0,1.0,0.0
mlpt,0.01,0.03,0.3,fall,40,3,3,0,3,0,0,3,0,0,0.2601333372116553,0.3114534633765321,0.281109729134479,1.0,0.0,0.0,1.0,0.0
mlpt,0.01,0.03,0.3,fall,50,3,3,0,3,0,0,3,0,0,0.2102097040366748,0.2914586044669321,0.2464754337525105,1.0,0.0,0.0,1.0,0.0
mlpt,0.01,0.03,0.3,fall,60,3,3,0,3,0,0,3,0,0,0.1724473724188474,0.2792763224496877,0.2236614355498275,1.0,0.0,0.0,1.0,0.0
mlpt,0.01,0.03,1.0,rise,40,3,3,0,3,0,0,3,0,0,0.1362468386305926,0.1720512459904176,0.1582179849608498,1.0,0.0,0.0,1.0,0.0
mlpt,0.01,0.03,1.0,rise,50,3,3,0,3,0,0,3,0,0,0.1595539801759394,0.1778280317360882,0.1704264118104173,1.0,0.0,0.0,1.0,0.0
mlpt,0.01,0.03,1.0,rise,60,3,3,0,3,0,0,3,0,0,0.1809927745906233,0.1857617318125395,0.1821837929332026,1.0,0.0,0.0,1.0,0.0
mlpt,0.01,0.03,1.0,fall,40,3,3,0,3,0,0,3,0,0,0.929693491926333,1.0213980166709948,0.9741842196536252,1.0,0.0,0.0,1.0,0.0
mlpt,0.01,0.03,1.0,fall,50,3,3,0,3,0,0,3,0,0,0.7235800546656415,0.8460415974944144,0.7834054705010862,1.0,0.0,0.0,1.0,0.0
mlpt,0.01,0.03,1.0,fall,60,3,3,0,3,0,0,3,0,0,0.5582444789160864,0.7113583088618152,0.6333895877465847,1.0,0.0,0.0,1.0,0.0
mlpt,0.01,0.03,3.0,rise,40,3,3,0,3,0,0,3,0,0,0.1658046247427732,0.1953509277735586,0.1843142743026894,1.0,0.0,0.0,1.0,0.0
mlpt,0.01,0.03,3.0,rise,50,3,3,0,3,0,0,3,0,0,0.195835458234701,0.2021540808481421,0.199724997011963,1.0,0.0,0.0,1.0,0.0
mlpt,0.01,0.03,3.0,rise,60,3,3,0,3,0,0,3,0,0,0.205882654238852,0.2289193930155464,0.2148890792250269,1.0,0.0,0.0,1.0,0.0
mlpt,0.01,0.03,3.0,fall,40,3,3,0,3,0,0,3,0,0,2.7866069162382585,2.921092765791184,2.8536535987156992,1.0,0.0,0.0,1.0,0.0
mlpt,0.01,0.03,3.0,fall,50,3,3,0,3,0,0,3,0,0,2.134206438212292,2.299449179566116,2.21658768163474,1.0,0.0,0.0,1.0,0.0
mlpt,0.01,0.03,3.0,fall,60,3,3,0,3,0,0,3,0,0,1.6042276975099825,1.8001227325768814,1.7019286604338495,1.0,0.0,0.0,1.0,0.0
mlpt,0.01,0.1,0.01,rise,40,3,3,0,0,0,3,3,0,0,0.000595031236062,0.0006430968373214,0.000636863661197,0.0,0.0,1.0,1.0,0.0
mlpt,0.01,0.1,0.01,rise,50,3,3,0,0,0,3,3,0,0,0.0005894451954174,0.0006821030251247,0.000649034207548,0.0,0.0,1.0,1.0,0.0
mlpt,0.01,0.1,0.01,rise,60,3,3,0,0,0,3,3,0,0,0.000579221061712,0.0007238114710827,0.0006592372663033,0.0,0.0,1.0,1.0,0.0
mlpt,0.01,0.1,0.01,fall,40,3,3,0,0,0,3,3,0,0,0.0007791816267682,0.0008584222197479,0.0007847024810067,0.0,0.0,1.0,1.0,0.0
mlpt,0.01,0.1,0.01,fall,50,3,3,0,0,0,3,3,0,0,0.0007687842030262,0.0007978916951144,0.0007736643548873,0.0,0.0,1.0,1.0,0.0
mlpt,0.01,0.1,0.01,fall,60,3,3,0,0,0,3,3,0,0,0.0007546244732347,0.0007706318468911,0.0007565175675522,0.0,0.0,1.0,1.0,0.0
mlpt,0.01,0.1,0.03,rise,40,3,3,0,0,0,3,3,0,0,0.0058428843456608,0.0060323203684684,0.005908416978548,0.0,0.0,1.0,1.0,0.0
mlpt,0.01,0.1,0.03,rise,50,3,3,0,0,0,3,3,0,0,0.0059064978867615,0.0062239843482032,0.006168974731776,0.0,0.0,1.0,1.0,0.0
mlpt,0.01,0.1,0.03,rise,60,3,3,0,0,0,3,3,0,0,0.0058659618896784,0.0066407606322674,0.0062840101669106,0.0,0.0,1.0,1.0,0.0
mlpt,0.01,0.1,0.03,fall,40,3,3,0,0,0,3,3,0,0,0.0077384150096869,0.008070237671344,0.0078357494003342,0.0,0.0,1.0,1.0,0.0
mlpt,0.01,0.1,0.03,fall,50,3,3,0,0,0,3,3,0,0,0.007393212895288,0.0077821490646055,0.007550207278765,0.0,0.0,1.0,1.0,0.0
mlpt,0.01,0.1,0.03,fall,60,3,3,0,0,0,3,3,0,0,0.0069137317005917,0.0077601028238837,0.0074060098458772,0.0,0.0,1.0,1.0,0.0
mlpt,0.01,0.1,0.1,rise,40,3,3,0,3,0,0,3,0,0,0.0270394346380327,0.0327328799930017,0.0310051604448609,1.0,0.0,0.0,1.0,0.0
mlpt,0.01,0.1,0.1,rise,50,3,3,0,3,0,0,3,0,0,0.0301856116452279,0.0333152276986373,0.0325956743975344,1.0,0.0,0.0,1.0,0.0
mlpt,0.01,0.1,0.1,rise,60,3,3,0,3,0,0,3,0,0,0.0335121973390831,0.0340169132808513,0.0339390693823805,1.0,0.0,0.0,1.0,0.0
mlpt,0.01,0.1,0.1,fall,40,3,3,0,3,0,0,3,0,0,0.0557882506058348,0.0619473177032191,0.0567441503484502,1.0,0.0,0.0,1.0,0.0
mlpt,0.01,0.1,0.1,fall,50,3,3,0,3,0,0,3,0,0,0.0469243585356157,0.060730984459819,0.0534388056607569,1.0,0.0,0.0,1.0,0.0
mlpt,0.01,0.1,0.1,fall,60,3,3,0,3,0,0,3,0,0,0.0408634491686211,0.060018355179044,0.0509903991109732,1.0,0.0,0.0,1.0,0.0
mlpt,0.01,0.1,0.3,rise,40,3,3,0,3,0,0,3,0,0,0.0623087826860543,0.0813244288381783,0.0737124720326011,1.0,0.0,0.0,1.0,0.0
mlpt,0.01,0.1,0.3,rise,50,3,3,0,3,0,0,3,0,0,0.0725852384627566,0.0839804008508299,0.0791931341989537,1.0,0.0,0.0,1.0,0.0
mlpt,0.01,0.1,0.3,rise,60,3,3,0,3,0,0,3,0,0,0.0843774128798709,0.0853645828618808,0.0849342564375744,1.0,0.0,0.0,1.0,0.0
mlpt,0.01,0.1,0.3,fall,40,3,3,0,3,0,0,3,0,0,0.2323804460308288,0.2561561406949553,0.2399499584963011,1.0,0.0,0.0,1.0,0.0
mlpt,0.01,0.1,0.3,fall,50,3,3,0,3,0,0,3,0,0,0.1864300450905601,0.2328071556553509,0.2052100096923079,1.0,0.0,0.0,1.0,0.0
mlpt,0.01,0.1,0.3,fall,60,3,3,0,3,0,0,3,0,0,0.150253047858534,0.2178555441778142,0.180988711194339,1.0,0.0,0.0,1.0,0.0
mlpt,0.01,0.1,1.0,rise,40,3,3,0,3,0,0,3,0,0,0.1040266226308772,0.1257893783074927,0.1168538926414893,1.0,0.0,0.0,1.0,0.0
mlpt,0.01,0.1,1.0,rise,50,3,3,0,3,0,0,3,0,0,0.1243657237732931,0.1305169050813564,0.1272159700002268,1.0,0.0,0.0,1.0,0.0
mlpt,0.01,0.1,1.0,rise,60,3,3,0,3,0,0,3,0,0,0.1330368471037391,0.1471107044451163,0.137393509844901,1.0,0.0,0.0,1.0,0.0
mlpt,0.01,0.1,1.0,fall,40,3,3,0,3,0,0,3,0,0,0.8850269110853236,0.9480478014775726,0.9147491308474276,1.0,0.0,0.0,1.0,0.0
mlpt,0.01,0.1,1.0,fall,50,3,3,0,3,0,0,3,0,0,0.6858344741374008,0.7725765075988628,0.7270827561557052,1.0,0.0,0.0,1.0,0.0
mlpt,0.01,0.1,1.0,fall,60,3,3,0,3,0,0,3,0,0,0.525780420392893,0.6369680193635618,0.5794333734016975,1.0,0.0,0.0,1.0,0.0
mlpt,0.01,0.1,3.0,rise,40,3,3,0,3,0,0,3,0,0,0.1302209103143419,0.146331317536827,0.13986215357588,1.0,0.0,0.0,1.0,0.0
mlpt,0.01,0.1,3.0,rise,50,3,3,0,3,0,0,3,0,0,0.1520749787860272,0.1567904938556127,0.1532397289436936,1.0,0.0,0.0,1.0,0.0
mlpt,0.01,0.1,3.0,rise,60,3,3,0,3,0,0,3,0,0,0.1551863559357099,0.1860342947268805,0.1666497804632428,1.0,0.0,0.0,1.0,0.0
mlpt,0.01,0.1,3.0,fall,40,3,3,0,3,0,0,3,0,0,2.735255531110727,2.8401894178796976,2.786793279495207,1.0,0.0,0.0,1.0,0.0
mlpt,0.01,0.1,3.0,fall,50,3,3,0,3,0,0,3,0,0,2.089800999210511,2.2184531163022547,2.152861684244757,1.0,0.0,0.0,1.0,0.0
mlpt,0.01,0.1,3.0,fall,60,3,3,0,3,0,0,3,0,0,1.565224021116132,1.7183078894396162,1.6406741289847724,1.0,0.0,0.0,1.0,0.0
mlpt,0.01,0.3,0.01,rise,40,3,3,0,0,0,3,1,2,0,-5.199669373601168e-05,5.048352858777472e-06,-2.1338933020365047e-05,0.0,0.0,1.0,0.3333333333333333,0.6666666666666666
mlpt,0.01,0.3,0.01,rise,50,3,3,0,0,0,3,1,2,0,-5.474559411788871e-05,3.329005828001108e-05,-1.4022034459326704e-05,0.0,0.0,1.0,0.3333333333333333,0.6666666666666666
mlpt,0.01,0.3,0.01,rise,60,3,3,0,0,0,3,1,2,0,-5.9591168854011833e-05,3.751639510302107e-05,-7.738652305300242e-06,0.0,0.0,1.0,0.3333333333333333,0.6666666666666666
mlpt,0.01,0.3,0.01,fall,40,3,3,0,0,0,3,3,0,0,8.590647869710644e-05,0.0001339519058942,9.825478983382928e-05,0.0,0.0,1.0,1.0,0.0
mlpt,0.01,0.3,0.01,fall,50,3,3,0,0,0,3,3,0,0,7.111012578142617e-05,0.0001339263537512,9.803113368467288e-05,0.0,0.0,1.0,1.0,0.0
mlpt,0.01,0.3,0.01,fall,60,3,3,0,0,0,3,3,0,0,6.085402841760068e-05,0.0001337647504036,8.177548371257615e-05,0.0,0.0,1.0,1.0,0.0
mlpt,0.01,0.3,0.03,rise,40,3,3,0,0,0,3,3,0,0,0.0020139034749609,0.0022750020663304,0.0021798487898169,0.0,0.0,1.0,1.0,0.0
mlpt,0.01,0.3,0.03,rise,50,3,3,0,0,0,3,3,0,0,0.0020021369680144,0.0024880240013293,0.0022368746217571,0.0,0.0,1.0,1.0,0.0
mlpt,0.01,0.3,0.03,rise,60,3,3,0,0,0,3,3,0,0,0.0019750267117759,0.0026311229978436,0.0022865177166589,0.0,0.0,1.0,1.0,0.0
mlpt,0.01,0.3,0.03,fall,40,3,3,0,0,0,3,3,0,0,0.0031438687220257,0.0034885754285691,0.0032781287359475,0.0,0.0,1.0,1.0,0.0
mlpt,0.01,0.3,0.03,fall,50,3,3,0,0,0,3,3,0,0,0.0029950272340396,0.0034778114664781,0.0032222589098358,0.0,0.0,1.0,1.0,0.0
mlpt,0.01,0.3,0.03,fall,60,3,3,0,0,0,3,3,0,0,0.0029078273455109,0.0034260077292045,0.0030317825689499,0.0,0.0,1.0,1.0,0.0
mlpt,0.01,0.3,0.1,rise,40,3,3,0,3,0,0,3,0,0,0.0142572464995726,0.0148880765490624,0.0146800458303466,1.0,0.0,0.0,1.0,0.0
mlpt,0.01,0.3,0.1,rise,50,3,3,0,3,0,0,3,0,0,0.0143669292861234,0.0170300244331502,0.0157029076841582,1.0,0.0,0.0,1.0,0.0
mlpt,0.01,0.3,0.1,rise,60,3,3,0,3,0,0,3,0,0,0.0142846582468104,0.0192234520588782,0.0164510865912016,1.0,0.0,0.0,1.0,0.0
mlpt,0.01,0.3,0.1,fall,40,3,3,0,3,0,0,3,0,0,0.0359260237178769,0.0395040382813809,0.0379186677316447,1.0,0.0,0.0,1.0,0.0
mlpt,0.01,0.3,0.1,fall,50,3,3,0,3,0,0,3,0,0,0.0325158229445651,0.0365207496046016,0.0346229987026818,1.0,0.0,0.0,1.0,0.0
mlpt,0.01,0.3,0.1,fall,60,3,3,0,3,0,0,3,0,0,0.0304781228624773,0.0326527442355173,0.0305537644172264,1.0,0.0,0.0,1.0,0.0
mlpt,0.01,0.3,0.3,rise,40,3,3,0,3,0,0,3,0,0,0.0397426440763487,0.041301705108407,0.0412614825410876,1.0,0.0,0.0,1.0,0.0
mlpt,0.01,0.3,0.3,rise,50,3,3,0,3,0,0,3,0,0,0.0423975607001714,0.0477746534643771,0.0446722647158884,1.0,0.0,0.0,1.0,0.0
mlpt,0.01,0.3,0.3,rise,60,3,3,0,3,0,0,3,0,0,0.0427605343880933,0.0556419553422118,0.0479906380317979,1.0,0.0,0.0,1.0,0.0
mlpt,0.01,0.3,0.3,fall,40,3,3,0,3,0,0,3,0,0,0.2103130504249546,0.2122731646670785,0.2112899261998706,1.0,0.0,0.0,1.0,0.0
mlpt,0.01,0.3,0.3,fall,50,3,3,0,3,0,0,3,0,0,0.1796926734230806,0.1811800128558991,0.1799841767137141,1.0,0.0,0.0,1.0,0.0
mlpt,0.01,0.3,0.3,fall,60,3,3,0,3,0,0,3,0,0,0.1495318579136626,0.1555363962944164,0.1518412535191375,1.0,0.0,0.0,1.0,0.0
mlpt,0.01,0.3,1.0,rise,40,3,3,0,3,0,0,3,0,0,0.0696576365306208,0.0703084384850715,0.0700495625245209,1.0,0.0,0.0,1.0,0.0
mlpt,0.01,0.3,1.0,rise,50,3,3,0,3,0,0,3,0,0,0.0721978040263475,0.0853332836407655,0.0773500257820681,1.0,0.0,0.0,1.0,0.0
mlpt,0.01,0.3,1.0,rise,60,3,3,0,3,0,0,3,0,0,0.0733966525811476,0.1007117483852794,0.0844732679910592,1.0,0.0,0.0,1.0,0.0
mlpt,0.01,0.3,1.0,fall,40,3,3,0,3,0,0,3,0,0,0.8440607507995395,0.8657958389764362,0.8573501833884756,1.0,0.0,0.0,1.0,0.0
mlpt,0.01,0.3,1.0,fall,50,3,3,0,3,0,0,3,0,0,0.6784314125410651,0.7019230517867926,0.6923277525167162,1.0,0.0,0.0,1.0,0.0
mlpt,0.01,0.3,1.0,fall,60,3,3,0,3,0,0,3,0,0,0.5376468513854591,0.5677568482502404,0.5526785619762076,1.0,0.0,0.0,1.0,0.0
mlpt,0.01,0.3,3.0,rise,40,3,3,0,3,0,0,3,0,0,0.0835273793636388,0.0887563299501206,0.0862091568638569,1.0,0.0,0.0,1.0,0.0
mlpt,0.01,0.3,3.0,rise,50,3,3,0,3,0,0,3,0,0,0.0868809994671152,0.1086722031895512,0.0955420660247636,1.0,0.0,0.0,1.0,0.0
mlpt,0.01,0.3,3.0,rise,60,3,3,0,3,0,0,3,0,0,0.0886061250174474,0.1290137965463382,0.105176099332555,1.0,0.0,0.0,1.0,0.0
mlpt,0.01,0.3,3.0,fall,40,3,3,0,3,0,0,3,0,0,2.6601803621126363,2.712369956197868,2.688595579028961,1.0,0.0,0.0,1.0,0.0
mlpt,0.01,0.3,3.0,fall,50,3,3,0,3,0,0,3,0,0,2.0575518681533955,2.110461694236934,2.0859839512788567,1.0,0.0,0.0,1.0,0.0
mlpt,0.01,0.3,3.0,fall,60,3,3,0,3,0,0,3,0,0,1.5646050983193849,1.6226986345217376,1.5933505519742792,1.0,0.0,0.0,1.0,0.0
mlpt,0.01,1.0,0.01,rise,40,3,3,0,0,0,3,0,3,0,-0.0002923111740841,-0.000248159988155,-0.0002731977203878,0.0,0.0,1.0,0.0,1.0
mlpt,0.01,1.0,0.01,rise,50,3,3,0,0,0,3,0,3,0,-0.0002923017934062,-0.000246875108896,-0.0002672956477469,0.0,0.0,1.0,0.0,1.0
mlpt,0.01,1.0,0.01,rise,60,3,3,0,0,0,3,0,3,0,-0.000293210568688,-0.0002455787427098,-0.000262138792246,0.0,0.0,1.0,0.0,1.0
mlpt,0.01,1.0,0.01,fall,40,3,3,0,0,0,3,0,3,0,-0.0001964505396567,-0.0001109802162819,-0.0001754276890417,0.0,0.0,1.0,0.0,1.0
mlpt,0.01,1.0,0.01,fall,50,3,3,0,0,0,3,0,3,0,-0.0001963551113399,-0.0001109610428431,-0.000175452873725,0.0,0.0,1.0,0.0,1.0
mlpt,0.01,1.0,0.01,fall,60,3,3,0,0,0,3,0,3,0,-0.0001964182608129,-0.0001109967288581,-0.0001755093008606,0.0,0.0,1.0,0.0,1.0
mlpt,0.01,1.0,0.03,rise,40,3,3,0,0,0,3,3,0,0,0.0003881630423668,0.0005515273677044,0.0004613452010376,0.0,0.0,1.0,1.0,0.0
mlpt,0.01,1.0,0.03,rise,50,3,3,0,0,0,3,3,0,0,0.0003874713273585,0.0005774448242084,0.000484623544624,0.0,0.0,1.0,1.0,0.0
mlpt,0.01,1.0,0.03,rise,60,3,3,0,0,0,3,3,0,0,0.0003827968993984,0.0005886530855955,0.0005055232473299,0.0,0.0,1.0,1.0,0.0
mlpt,0.01,1.0,0.03,fall,40,3,3,0,0,0,3,3,0,0,0.0008289862312123,0.001193699678182,0.0009250282049551,0.0,0.0,1.0,1.0,0.0
mlpt,0.01,1.0,0.03,fall,50,3,3,0,0,0,3,3,0,0,0.000829085309042,0.0011936190300698,0.0009250174412405,0.0,0.0,1.0,1.0,0.0
mlpt,0.01,1.0,0.03,fall,60,3,3,0,0,0,3,3,0,0,0.0008290295323538,0.0011935959989191,0.0009249930932535,0.0,0.0,1.0,1.0,0.0
mlpt,0.01,1.0,0.1,rise,40,3,3,0,0,0,3,3,0,0,0.0047660391663393,0.0060964389239205,0.0054442133409888,0.0,0.0,1.0,1.0,0.0
mlpt,0.01,1.0,0.1,rise,50,3,3,0,0,0,3,3,0,0,0.0047949966968975,0.0068585109320871,0.0057872382356196,0.0,0.0,1.0,1.0,0.0
mlpt,0.01,1.0,0.1,rise,60,3,3,0,0,0,3,3,0,0,0.0047648937866114,0.0074353580600182,0.0061142086833248,0.0,0.0,1.0,1.0,0.0
mlpt,0.01,1.0,0.1,fall,40,3,3,0,3,0,0,3,0,0,0.0155545911691623,0.0202913938582678,0.017286418645348,1.0,0.0,0.0,1.0,0.0
mlpt,0.01,1.0,0.1,fall,50,3,3,0,3,0,0,3,0,0,0.0155325593151112,0.0202663356829482,0.0172644761048155,1.0,0.0,0.0,1.0,0.0
mlpt,0.01,1.0,0.1,fall,60,3,3,0,3,0,0,3,0,0,0.0154260973830271,0.0201460943069127,0.0171595044875341,1.0,0.0,0.0,1.0,0.0
mlpt,0.01,1.0,0.3,rise,40,3,3,0,3,0,0,3,0,0,0.0157003292336157,0.0197470240979977,0.0177219931957945,1.0,0.0,0.0,1.0,0.0
mlpt,0.01,1.0,0.3,rise,50,3,3,0,3,0,0,3,0,0,0.0160882068068825,0.0233799945106039,0.0194103006547838,1.0,0.0,0.0,1.0,0.0
mlpt,0.01,1.0,0.3,rise,60,3,3,0,3,0,0,3,0,0,0.016203468035478,0.0267457403870755,0.0211190202330078,1.0,0.0,0.0,1.0,0.0
mlpt,0.01,1.0,0.3,fall,40,3,3,0,3,0,0,3,0,0,0.1535293438574914,0.1721984007306032,0.1619153320409156,1.0,0.0,0.0,1.0,0.0
mlpt,0.01,1.0,0.3,fall,50,3,3,0,3,0,0,3,0,0,0.145167439905167,0.1627696477049864,0.1530934007129378,1.0,0.0,0.0,1.0,0.0
mlpt,0.01,1.0,0.3,fall,60,3,3,0,3,0,0,3,0,0,0.1335896738554016,0.1496103286904542,0.140837036232754,1.0,0.0,0.0,1.0,0.0
mlpt,0.01,1.0,1.0,rise,40,3,3,0,3,0,0,3,0,0,0.0282978724975189,0.0365674798012946,0.0321462230500666,1.0,0.0,0.0,1.0,0.0
mlpt,0.01,1.0,1.0,rise,50,3,3,0,3,0,0,3,0,0,0.0293769255891841,0.0442701684553263,0.0358489306476735,1.0,0.0,0.0,1.0,0.0
mlpt,0.01,1.0,1.0,rise,60,3,3,0,3,0,0,3,0,0,0.029922473589934,0.0519372956147298,0.0397457532777669,1.0,0.0,0.0,1.0,0.0
mlpt,0.01,1.0,1.0,fall,40,3,3,0,3,0,0,3,0,0,0.8462701164073458,0.8752541475764457,0.8601343354005477,1.0,0.0,0.0,1.0,0.0
mlpt,0.01,1.0,1.0,fall,50,3,3,0,3,0,0,3,0,0,0.73265531722595,0.7586922704045698,0.7450733162940368,1.0,0.0,0.0,1.0,0.0
mlpt,0.01,1.0,1.0,fall,60,3,3,0,3,0,0,3,0,0,0.6221391060986832,0.644509426105941,0.6327661404298728,1.0,0.0,0.0,1.0,0.0
mlpt,0.01,1.0,3.0,rise,40,3,3,0,3,0,0,3,0,0,0.0346419341109135,0.0463499811471648,0.0399224853179202,1.0,0.0,0.0,1.0,0.0
mlpt,0.01,1.0,3.0,rise,50,3,3,0,3,0,0,3,0,0,0.0361472900228575,0.0565757109027077,0.0448530487603079,1.0,0.0,0.0,1.0,0.0
mlpt,0.01,1.0,3.0,rise,60,3,3,0,3,0,0,3,0,0,0.0369956072104177,0.0670289313112371,0.0501361209848814,1.0,0.0,0.0,1.0,0.0
mlpt,0.01,1.0,3.0,fall,40,3,3,0,3,0,0,3,0,0,2.6945459799538947,2.7223506029326803,2.707715815619575,1.0,0.0,0.0,1.0,0.0
mlpt,0.01,1.0,3.0,fall,50,3,3,0,3,0,0,3,0,0,2.2045301389260885,2.2306492447749413,2.2168402185248373,1.0,0.0,0.0,1.0,0.0
mlpt,0.01,1.0,3.0,fall,60,3,3,0,3,0,0,3,0,0,1.7814390050236424,1.80507225625502,1.792483727784697,1.0,0.0,0.0,1.0,0.0
mlpt,0.01,3.0,0.01,rise,40,3,3,0,0,0,3,0,3,0,-0.0003585009034468,-0.0003289033308102,-0.0003455374849123,0.0,0.0,1.0,0.0,1.0
mlpt,0.01,3.0,0.01,rise,50,3,3,0,0,0,3,0,3,0,-0.000356953560251,-0.0003270316939031,-0.000339867998131,0.0,0.0,1.0,0.0,1.0
mlpt,0.01,3.0,0.01,rise,60,3,3,0,0,0,3,0,3,0,-0.0003560501282694,-0.0003249985878525,-0.00033453528334,0.0,0.0,1.0,0.0,1.0
mlpt,0.01,3.0,0.01,fall,40,3,3,0,0,0,3,0,3,0,-0.000256027937747,-0.000114608627022,-0.0002187393347208,0.0,0.0,1.0,0.0,1.0
mlpt,0.01,3.0,0.01,fall,50,3,3,0,0,0,3,0,3,0,-0.0002560059783331,-0.0001146250804269,-0.0002187361103769,0.0,0.0,1.0,0.0,1.0
mlpt,0.01,3.0,0.01,fall,60,3,3,0,0,0,3,0,3,0,-0.0002560147399552,-0.0001146237305462,-0.0002187335344361,0.0,0.0,1.0,0.0,1.0
mlpt,0.01,3.0,0.03,rise,40,3,3,0,0,0,3,0,3,0,-0.0001187066357309,-5.069983637678854e-05,-8.877199947077141e-05,0.0,0.0,1.0,0.0,1.0
mlpt,0.01,3.0,0.03,rise,50,3,3,0,0,0,3,0,3,0,-0.0001163118886585,-4.38646068154358e-05,-7.641876015612725e-05,0.0,0.0,1.0,0.0,1.0
mlpt,0.01,3.0,0.03,rise,60,3,3,0,0,0,3,0,3,0,-0.0001154099799466,-3.866994281814806e-05,-6.479454410546204e-05,0.0,0.0,1.0,0.0,1.0
mlpt,0.01,3.0,0.03,fall,40,3,3,0,0,0,3,3,0,0,0.0001386713537381,0.0005139580688613,0.0002310235488227,0.0,0.0,1.0,1.0,0.0
mlpt,0.01,3.0,0.03,fall,50,3,3,0,0,0,3,3,0,0,0.0001386912616188,0.0005139838074046,0.0002309797088635,0.0,0.0,1.0,1.0,0.0
mlpt,0.01,3.0,0.03,fall,60,3,3,0,0,0,3,3,0,0,0.000138689628327,0.0005139777544909,0.0002309769887398,0.0,0.0,1.0,1.0,0.0
mlpt,0.01,3.0,0.1,rise,40,3,3,0,0,0,3,3,0,0,0.0015007142328289,0.0021299151515963,0.0018053289586212,0.0,0.0,1.0,1.0,0.0
mlpt,0.01,3.0,0.1,rise,50,3,3,0,0,0,3,3,0,0,0.0015225296271103,0.0023797357431265,0.0019506370861204,0.0,0.0,1.0,1.0,0.0
mlpt,0.01,3.0,0.1,rise,60,3,3,0,0,0,3,3,0,0,0.0015256098366913,0.0025732558411687,0.0020941510345323,0.0,0.0,1.0,1.0,0.0
mlpt,0.01,3.0,0.1,fall,40,3,3,0,1,0,2,3,0,0,0.0073106904925337,0.012926021910792,0.0091666144621074,0.3333333333333333,0.0,0.6666666666666666,1.0,0.0
mlpt,0.01,3.0,0.1,fall,50,3,3,0,1,0,2,3,0,0,0.0073107350853032,0.0129260112717486,0.0091665828318086,0.3333333333333333,0.0,0.6666666666666666,1.0,0.0
mlpt,0.01,3.0,0.1,fall,60,3,3,0,1,0,2,3,0,0,0.0073107293650487,0.0129260084720086,0.00916657833455,0.3333333333333333,0.0,0.6666666666666666,1.0,0.0
mlpt,0.01,3.0,0.3,rise,40,3,3,0,0,0,3,3,0,0,0.0057623140092661,0.0082923773336805,0.0069750142995235,0.0,0.0,1.0,1.0,0.0
mlpt,0.01,3.0,0.3,rise,50,3,3,0,0,0,3,3,0,0,0.0059403687757929,0.009814699712622,0.0077414039637356,0.0,0.0,1.0,1.0,0.0
mlpt,0.01,3.0,0.3,rise,60,3,3,0,1,0,2,3,0,0,0.0060236619815432,0.0112613805219005,0.0085449236797799,0.3333333333333333,0.0,0.6666666666666666,1.0,0.0
mlpt,0.01,3.0,0.3,fall,40,3,3,0,3,0,0,3,0,0,0.0997165889392381,0.1307226121813545,0.1129953494185906,1.0,0.0,0.0,1.0,0.0
mlpt,0.01,3.0,0.3,fall,50,3,3,0,3,0,0,3,0,0,0.0996062288510586,0.1305817775213866,0.1128712847035933,1.0,0.0,0.0,1.0,0.0
mlpt,0.01,3.0,0.3,fall,60,3,3,0,3,0,0,3,0,0,0.0990747199414134,0.1299033335584294,0.1122737726324851,1.0,0.0,0.0,1.0,0.0
mlpt,0.01,3.0,1.0,rise,40,3,3,0,3,0,0,3,0,0,0.010834027633362,0.0161883889197718,0.0132746253756491,1.0,0.0,0.0,1.0,0.0
mlpt,0.01,3.0,1.0,rise,50,3,3,0,3,0,0,3,0,0,0.0113161055736551,0.0196712891511325,0.0149919359548638,1.0,0.0,0.0,1.0,0.0
mlpt,0.01,3.0,1.0,rise,60,3,3,0,3,0,0,3,0,0,0.01160617721194,0.0232422900044975,0.0168590044144798,1.0,0.0,0.0,1.0,0.0
mlpt,0.01,3.0,1.0,fall,40,3,3,0,3,0,0,3,0,0,0.7941580738158853,0.8647544037494312,0.8275494913582144,1.0,0.0,0.0,1.0,0.0
mlpt,0.01,3.0,1.0,fall,50,3,3,0,3,0,0,3,0,0,0.7504293395721446,0.8193402076601064,0.7829610460935639,1.0,0.0,0.0,1.0,0.0
mlpt,0.01,3.0,1.0,fall,60,3,3,0,3,0,0,3,0,0,0.6919814453303306,0.7584064269724977,0.7232477405533237,1.0,0.0,0.0,1.0,0.0
mlpt,0.01,3.0,3.0,rise,40,3,3,0,3,0,0,3,0,0,0.0133815420733142,0.0205796638593616,0.0165841427996507,1.0,0.0,0.0,1.0,0.0
mlpt,0.01,3.0,3.0,rise,50,3,3,0,3,0,0,3,0,0,0.0140496463596144,0.0252293218810001,0.0188534303185147,1.0,0.0,0.0,1.0,0.0
mlpt,0.01,3.0,3.0,rise,60,3,3,0,3,0,0,3,0,0,0.0144795606959017,0.0301185147695731,0.0213569893542315,1.0,0.0,0.0,1.0,0.0
mlpt,0.01,3.0,3.0,fall,40,3,3,0,3,0,0,3,0,0,2.9168685090019872,3.006578947481028,2.9604234802078486,1.0,0.0,0.0,1.0,0.0
mlpt,0.01,3.0,3.0,fall,50,3,3,0,3,0,0,3,0,0,2.558694456094853,2.646240568371794,2.601106203739961,1.0,0.0,0.0,1.0,0.0
mlpt,0.01,3.0,3.0,fall,60,3,3,0,3,0,0,3,0,0,2.2053947405318475,2.290168672298448,2.246343840728914,1.0,0.0,0.0,1.0,0.0
mlpt,0.03,0.01,0.01,rise,40,3,3,0,0,0,3,3,0,0,0.003239865051861,0.0033102913048596,0.0032589920357613,0.0,0.0,1.0,1.0,0.0
mlpt,0.03,0.01,0.01,rise,50,3,3,0,0,0,3,3,0,0,0.0032371401074383,0.0034357899095931,0.0033659172150559,0.0,0.0,1.0,1.0,0.0
mlpt,0.03,0.01,0.01,rise,60,3,3,0,0,0,3,3,0,0,0.00321865116904,0.0036062183454408,0.0034113002883623,0.0,0.0,1.0,1.0,0.0
mlpt,0.03,0.01,0.01,fall,40,3,3,0,0,0,3,3,0,0,0.0038965644701015,0.0040424946090824,0.0039172372784073,0.0,0.0,1.0,1.0,0.0
mlpt,0.03,0.01,0.01,fall,50,3,3,0,0,0,3,3,0,0,0.0037161967786076,0.004055023525333,0.0038615635914837,0.0,0.0,1.0,1.0,0.0
mlpt,0.03,0.01,0.01,fall,60,3,3,0,0,0,3,3,0,0,0.0035415113955055,0.0040854604896922,0.0038160623802794,0.0,0.0,1.0,1.0,0.0
mlpt,0.03,0.01,0.03,rise,40,3,3,0,3,0,0,3,0,0,0.0178283779390396,0.0192574497708279,0.0190735113675643,1.0,0.0,0.0,1.0,0.0
mlpt,0.03,0.01,0.03,rise,50,3,3,0,3,0,0,3,0,0,0.0187384608109846,0.0194090929823294,0.0193460039895991,1.0,0.0,0.0,1.0,0.0
mlpt,0.03,0.01,0.03,rise,60,3,3,0,3,0,0,3,0,0,0.0193627234413608,0.0196826955499336,0.0196165689846112,1.0,0.0,0.0,1.0,0.0
mlpt,0.03,0.01,0.03,fall,40,3,3,0,3,0,0,3,0,0,0.0216975349662357,0.0244037545465726,0.0227176180265676,1.0,0.0,0.0,1.0,0.0
mlpt,0.03,0.01,0.03,fall,50,3,3,0,3,0,0,3,0,0,0.0206351904132499,0.0246463153658379,0.0223809644572708,1.0,0.0,0.0,1.0,0.0
mlpt,0.03,0.01,0.03,fall,60,3,3,0,3,0,0,3,0,0,0.019626777131152,0.0250333647048076,0.0221070895817593,1.0,0.0,0.0,1.0,0.0
mlpt,0.03,0.01,0.1,rise,40,3,3,0,3,0,0,3,0,0,0.0536236774370701,0.0677943454539865,0.0633644536702368,1.0,0.0,0.0,1.0,0.0
mlpt,0.03,0.01,0.1,rise,50,3,3,0,3,0,0,3,0,0,0.0582212136158268,0.0689555943528395,0.0658613973925774,1.0,0.0,0.0,1.0,0.0
mlpt,0.03,0.01,0.1,rise,60,3,3,0,3,0,0,3,0,0,0.0631259221008831,0.0695854445051787,0.0680181272689469,1.0,0.0,0.0,1.0,0.0
mlpt,0.03,0.01,0.1,fall,40,3,3,0,3,0,0,3,0,0,0.0837601954370471,0.1103520357398191,0.0964732025603034,1.0,0.0,0.0,1.0,0.0
mlpt,0.03,0.01,0.1,fall,50,3,3,0,3,0,0,3,0,0,0.0756690173005775,0.110666893112446,0.0929904792249584,1.0,0.0,0.0,1.0,0.0
mlpt,0.03,0.01,0.1,fall,60,3,3,0,3,0,0,3,0,0,0.0692422703637035,0.1118486245838169,0.0902389344818893,1.0,0.0,0.0,1.0,0.0
mlpt,0.03,0.01,0.3,rise,40,3,3,0,3,0,0,3,0,0,0.1004872880436027,0.1339699080326659,0.1212887952101952,1.0,0.0,0.0,1.0,0.0
mlpt,0.03,0.01,0.3,rise,50,3,3,0,3,0,0,3,0,0,0.1130141025097292,0.1376897673002048,0.1284455900548147,1.0,0.0,0.0,1.0,0.0
mlpt,0.03,0.01,0.3,rise,60,3,3,0,3,0,0,3,0,0,0.127903283137786,0.1398056673911931,0.1350347391646527,1.0,0.0,0.0,1.0,0.0
mlpt,0.03,0.01,0.3,fall,40,3,3,0,3,0,0,3,0,0,0.2757242511167322,0.3297674937323814,0.297733210573974,1.0,0.0,0.0,1.0,0.0
mlpt,0.03,0.01,0.3,fall,50,3,3,0,3,0,0,3,0,0,0.2249397980493385,0.3100748274939758,0.2628778182596291,1.0,0.0,0.0,1.0,0.0
mlpt,0.03,0.01,0.3,fall,60,3,3,0,3,0,0,3,0,0,0.1863990490694851,0.2982886894706918,0.2399312588758519,1.0,0.0,0.0,1.0,0.0
mlpt,0.03,0.01,1.0,rise,40,3,3,0,3,0,0,3,0,0,0.150491675044218,0.1876528901341136,0.173552794511784,1.0,0.0,0.0,1.0,0.0
mlpt,0.03,0.01,1.0,rise,50,3,3,0,3,0,0,3,0,0,0.1744971611531707,0.1935444086009708,0.1860634534129688,1.0,0.0,0.0,1.0,0.0
mlpt,0.03,0.01,1.0,rise,60,3,3,0,3,0,0,3,0,0,0.1967692697310207,0.2013916023712841,0.1980694718528721,1.0,0.0,0.0,1.0,0.0
mlpt,0.03,0.01,1.0,fall,40,3,3,0,3,0,0,3,0,0,0.9476133666083676,1.041659462136464,0.9928937028887684,1.0,0.0,0.0,1.0,0.0
mlpt,0.03,0.01,1.0,fall,50,3,3,0,3,0,0,3,0,0,0.7406284964539595,0.8665508005859219,0.8018382971926089,1.0,0.0,0.0,1.0,0.0
mlpt,0.03,0.01,1.0,fall,60,3,3,0,3,0,0,3,0,0,0.5744627080918487,0.7322449643328629,0.6515973421387818,1.0,0.0,0.0,1.0,0.0
mlpt,0.03,0.01,3.0,rise,40,3,3,0,3,0,0,3,0,0,0.1805267080090742,0.211435481429332,0.2001326962943208,1.0,0.0,0.0,1.0,0.0
mlpt,0.03,0.01,3.0,rise,50,3,3,0,3,0,0,3,0,0,0.2112831165732505,0.2183637673825651,0.2158608379161924,1.0,0.0,0.0,1.0,0.0
mlpt,0.03,0.01,3.0,rise,60,3,3,0,3,0,0,3,0,0,0.222162519915829,0.2450686335999685,0.2312886361312717,1.0,0.0,0.0,1.0,0.0
mlpt,0.03,0.01,3.0,fall,40,3,3,0,3,0,0,3,0,0,2.8059392189302303,2.9421730492932605,2.873339963141913,1.0,0.0,0.0,1.0,0.0
mlpt,0.03,0.01,3.0,fall,50,3,3,0,3,0,0,3,0,0,2.1526672723272964,2.320777213985876,2.235997370171723,1.0,0.0,0.0,1.0,0.0
mlpt,0.03,0.01,3.0,fall,60,3,3,0,3,0,0,3,0,0,1.6218584167548653,1.821828199492221,1.7211132389537651,1.0,0.0,0.0,1.0,0.0
mlpt,0.03,0.03,0.01,rise,40,3,3,0,0,0,3,3,0,0,0.0010268540359636,0.001173213537946,0.0011476913531495,0.0,0.0,1.0,1.0,0.0
mlpt,0.03,0.03,0.01,rise,50,3,3,0,0,0,3,3,0,0,0.0010062462496537,0.0013154846058306,0.0012248830232194,0.0,0.0,1.0,1.0,0.0
mlpt,0.03,0.03,0.01,rise,60,3,3,0,0,0,3,3,0,0,0.0009671504046553,0.0014793902429033,0.0012666828582066,0.0,0.0,1.0,1.0,0.0
mlpt,0.03,0.03,0.01,fall,40,3,3,0,0,0,3,3,0,0,0.0017305522543258,0.001773211177428,0.0017686081855169,0.0,0.0,1.0,1.0,0.0
mlpt,0.03,0.03,0.01,fall,50,3,3,0,0,0,3,3,0,0,0.0016044079086274,0.001768652420253,0.0016788778447819,0.0,0.0,1.0,1.0,0.0
mlpt,0.03,0.03,0.01,fall,60,3,3,0,0,0,3,3,0,0,0.0014511363347868,0.0017767577236929,0.0016368361406103,0.0,0.0,1.0,1.0,0.0
mlpt,0.03,0.03,0.03,rise,40,3,3,0,3,0,0,3,0,0,0.0119872967035888,0.0129257229719432,0.0129069552204995,1.0,0.0,0.0,1.0,0.0
mlpt,0.03,0.03,0.03,rise,50,3,3,0,3,0,0,3,0,0,0.0127804964053298,0.0131987662685582,0.0129689075291316,1.0,0.0,0.0,1.0,0.0
mlpt,0.03,0.03,0.03,rise,60,3,3,0,3,0,0,3,0,0,0.0129423102057214,0.0135671080702706,0.0134365130379585,1.0,0.0,0.0,1.0,0.0
mlpt,0.03,0.03,0.03,fall,40,3,3,0,3,0,0,3,0,0,0.0153296889181897,0.0170667504213858,0.0160677156993372,1.0,0.0,0.0,1.0,0.0
mlpt,0.03,0.03,0.03,fall,50,3,3,0,3,0,0,3,0,0,0.014412232074579,0.0171702884733738,0.0157731437042899,1.0,0.0,0.0,1.0,0.0
mlpt,0.03,0.03,0.03,fall,60,3,3,0,3,0,0,3,0,0,0.0135709774481072,0.0173743804658512,0.0155344893908194,1.0,0.0,0.0,1.0,0.0
mlpt,0.03,0.03,0.1,rise,40,3,3,0,3,0,0,3,0,0,0.0429173900695083,0.0556552411253146,0.0516475193075181,1.0,0.0,0.0,1.0,0.0
mlpt,0.03,0.03,0.1,rise,50,3,3,0,3,0,0,3,0,0,0.0471566408125488,0.0567119110226577,0.0539992606343285,1.0,0.0,0.0,1.0,0.0
mlpt,0.03,0.03,0.1,rise,60,3,3,0,3,0,0,3,0,0,0.0517677694557673,0.0572529088449862,0.0560409087276646,1.0,0.0,0.0,1.0,0.0
mlpt,0.03,0.03,0.1,fall,40,3,3,0,3,0,0,3,0,0,0.0720525858948041,0.0957429690988886,0.0833965219918554,1.0,0.0,0.0,1.0,0.0
mlpt,0.03,0.03,0.1,fall,50,3,3,0,3,0,0,3,0,0,0.0641705899033062,0.0957583720645591,0.0800081718383364,1.0,0.0,0.0,1.0,0.0
mlpt,0.03,0.03,0.1,fall,60,3,3,0,3,0,0,3,0,0,0.0581098842962384,0.0965411848015272,0.0773424051316987,1.0,0.0,0.0,1.0,0.0
mlpt,0.03,0.03,0.3,rise,40,3,3,0,3,0,0,3,0,0,0.0867495020575049,0.1184510217734324,0.1062557618661248,1.0,0.0,0.0,1.0,0.0
mlpt,0.03,0.03,0.3,rise,50,3,3,0,3,0,0,3,0,0,0.0987451652733429,0.1220514474276311,0.1131879754828444,1.0,0.0,0.0,1.0,0.0
mlpt,0.03,0.03,0.3,rise,60,3,3,0,3,0,0,3,0,0,0.1130855355249799,0.1240855682157381,0.1195969490197705,1.0,0.0,0.0,1.0,0.0
mlpt,0.03,0.03,0.3,fall,40,3,3,0,3,0,0,3,0,0,0.2599890957285437,0.3110025183319241,0.28074591399598,1.0,0.0,0.0,1.0,0.0
mlpt,0.03,0.03,0.3,fall,50,3,3,0,3,0,0,3,0,0,0.2100796077583113,0.2909164132215612,0.2461076836032084,1.0,0.0,0.0,1.0,0.0
mlpt,0.03,0.03,0.3,fall,60,3,3,0,3,0,0,3,0,0,0.1723241018489923,0.2786656104976297,0.2232012737879458,1.0,0.0,0.0,1.0,0.0
mlpt,0.03,0.03,1.0,rise,40,3,3,0,3,0,0,3,0,0,0.1351534337506123,0.170630428688736,0.1569266000206139,1.0,0.0,0.0,1.0,0.0
mlpt,0.03,0.03,1.0,rise,50,3,3,0,3,0,0,3,0,0,0.1584568929719559,0.1764115342584205,0.1691765743164824,1.0,0.0,0.0,1.0,0.0
mlpt,0.03,0.03,1.0,rise,60,3,3,0,3,0,0,3,0,0,0.1795748580431703,0.1846595720343337,0.1809717753614535,1.0,0.0,0.0,1.0,0.0
mlpt,0.03,0.03,1.0,fall,40,3,3,0,3,0,0,3,0,0,0.9296405197343242,1.0206745961320576,0.9736336533282958,1.0,0.0,0.0,1.0,0.0
mlpt,0.03,0.03,1.0,fall,50,3,3,0,3,0,0,3,0,0,0.7235428496659555,0.8453188319874251,0.7828599607373368,1.0,0.0,0.0,1.0,0.0
mlpt,0.03,0.03,1.0,fall,60,3,3,0,3,0,0,3,0,0,0.5582219227175503,0.7106351379472842,0.6328482870094796,1.0,0.0,0.0,1.0,0.0
mlpt,0.03,0.03,3.0,rise,40,3,3,0,3,0,0,3,0,0,0.1646108167086802,0.1939252517710716,0.1829771823129291,1.0,0.0,0.0,1.0,0.0
mlpt,0.03,0.03,3.0,rise,50,3,3,0,3,0,0,3,0,0,0.1946416663934705,0.200745054844828,0.1984323519477048,1.0,0.0,0.0,1.0,0.0
mlpt,0.03,0.03,3.0,rise,60,3,3,0,3,0,0,3,0,0,0.2044867414140858,0.2277272305736157,0.2136385206370816,1.0,0.0,0.0,1.0,0.0
mlpt,0.03,0.03,3.0,fall,40,3,3,0,3,0,0,3,0,0,2.7872065356961437,2.920484520677565,2.8533532765656577,1.0,0.0,0.0,1.0,0.0
mlpt,0.03,0.03,3.0,fall,50,3,3,0,3,0,0,3,0,0,2.134821801026043,2.2988417495812614,2.216292564057324,1.0,0.0,0.0,1.0,0.0
mlpt,0.03,0.03,3.0,fall,60,3,3,0,3,0,0,3,0,0,1.604857661468829,1.7995148496616675,1.7016377392182898,1.0,0.0,0.0,1.0,0.0
mlpt,0.03,0.1,0.01,rise,40,3,3,0,0,0,3,0,3,0,-0.0005594402833848,-0.0003192716151359,-0.0003686572260367,0.0,0.0,1.0,0.0,1.0
mlpt,0.03,0.1,0.01,rise,50,3,3,0,0,0,3,0,3,0,-0.0005864706547054,-0.0001646721754726,-0.0003204844327531,0.0,0.0,1.0,0.0,1.0
mlpt,0.03,0.1,0.01,rise,60,3,3,0,0,0,3,0,3,0,-0.0006321621003539,-1.3256971130026771e-06,-0.000280714417668,0.0,0.0,1.0,0.0,1.0
mlpt,0.03,0.1,0.01,fall,40,3,3,0,0,0,3,3,0,0,0.000169734595676,0.0005373221123632,0.0002023841828878,0.0,0.0,1.0,1.0,0.0
mlpt,0.03,0.1,0.01,fall,50,3,3,0,0,0,3,3,0,0,0.0001402660595828,0.0003002823456464,0.0001474742795481,0.0,0.0,1.0,1.0,0.0
mlpt,0.03,0.1,0.01,fall,60,3,3,0,0,0,3,3,0,0,9.281849301312484e-05,0.0001349198037605,0.0001318960101136,0.0,0.0,1.0,1.0,0.0
mlpt,0.03,0.1,0.03,rise,40,3,3,0,0,0,3,3,0,0,0.0052604251613309,0.0055431689134934,0.0053908194327162,0.0,0.0,1.0,1.0,0.0
mlpt,0.03,0.1,0.03,rise,50,3,3,0,0,0,3,3,0,0,0.005237762520075,0.0059207208869672,0.0057269959867012,0.0,0.0,1.0,1.0,0.0
mlpt,0.03,0.1,0.03,rise,60,3,3,0,0,0,3,3,0,0,0.0051594595207805,0.00649574811095,0.0058809860520456,0.0,0.0,1.0,1.0,0.0
mlpt,0.03,0.1,0.03,fall,40,3,3,0,0,0,3,3,0,0,0.0078121782572956,0.0084650943111823,0.0078841710201591,0.0,0.0,1.0,1.0,0.0
mlpt,0.03,0.1,0.03,fall,50,3,3,0,0,0,3,3,0,0,0.0075480284147412,0.0078091745396643,0.0075619104144352,0.0,0.0,1.0,1.0,0.0
mlpt,0.03,0.1,0.03,fall,60,3,3,0,0,0,3,3,0,0,0.0068991351011471,0.0077753805494936,0.0073706613206344,0.0,0.0,1.0,1.0,0.0
mlpt,0.03,0.1,0.1,rise,40,3,3,0,3,0,0,3,0,0,0.0268950787800294,0.0323993822645736,0.0308180918674595,1.0,0.0,0.0,1.0,0.0
mlpt,0.03,0.1,0.1,rise,50,3,3,0,3,0,0,3,0,0,0.030252373222114,0.0329713931530767,0.0324797067378051,1.0,0.0,0.0,1.0,0.0
mlpt,0.03,0.1,0.1,rise,60,3,3,0,3,0,0,3,0,0,0.0331365627477653,0.0342391112214112,0.0339616046400703,1.0,0.0,0.0,1.0,0.0
mlpt,0.03,0.1,0.1,fall,40,3,3,0,3,0,0,3,0,0,0.0569259769187875,0.0627276622632785,0.0575674147321517,1.0,0.0,0.0,1.0,0.0
mlpt,0.03,0.1,0.1,fall,50,3,3,0,3,0,0,3,0,0,0.0478954462198647,0.0614605768644984,0.0541281041489369,1.0,0.0,0.0,1.0,0.0
mlpt,0.03,0.1,0.1,fall,60,3,3,0,3,0,0,3,0,0,0.0415383078246864,0.0607159757023967,0.0515842787731241,1.0,0.0,0.0,1.0,0.0
mlpt,0.03,0.1,0.3,rise,40,3,3,0,3,0,0,3,0,0,0.0620491996979818,0.0806985488858298,0.0732641750907083,1.0,0.0,0.0,1.0,0.0
mlpt,0.03,0.1,0.3,rise,50,3,3,0,3,0,0,3,0,0,0.0724839758948272,0.0833492740396226,0.0788131466715895,1.0,0.0,0.0,1.0,0.0
mlpt,0.03,0.1,0.3,rise,60,3,3,0,3,0,0,3,0,0,0.0840577151303481,0.0849040818615403,0.0847118512770533,1.0,0.0,0.0,1.0,0.0
mlpt,0.03,0.1,0.3,fall,40,3,3,0,3,0,0,3,0,0,0.2335508373774286,0.2569674887472948,0.2408955682077375,1.0,0.0,0.0,1.0,0.0
mlpt,0.03,0.1,0.3,fall,50,3,3,0,3,0,0,3,0,0,0.1875428373139646,0.2334756085726983,0.2060644550627821,1.0,0.0,0.0,1.0,0.0
mlpt,0.03,0.1,0.3,fall,60,3,3,0,3,0,0,3,0,0,0.151269810327045,0.2183832283275096,0.1817077077076671,1.0,0.0,0.0,1.0,0.0
mlpt,0.03,0.1,1.0,rise,40,3,3,0,3,0,0,3,0,0,0.1034548638800388,0.1248680425529092,0.1160809168599515,1.0,0.0,0.0,1.0,0.0
mlpt,0.03,0.1,1.0,rise,50,3,3,0,3,0,0,3,0,0,0.1238272409610265,0.1296026542474485,0.1264990664178697,1.0,0.0,0.0,1.0,0.0
mlpt,0.03,0.1,1.0,rise,60,3,3,0,3,0,0,3,0,0,0.1321217916710062,0.146594853288926,0.1367280246817996,1.0,0.0,0.0,1.0,0.0
mlpt,0.03,0.1,1.0,fall,40,3,3,0,3,0,0,3,0,0,0.8860354248692375,0.9482701026853076,0.9152037091121874,1.0,0.0,0.0,1.0,0.0
mlpt,0.03,0.1,1.0,fall,50,3,3,0,3,0,0,3,0,0,0.6868666546768828,0.7728000256248182,0.727542717830719,1.0,0.0,0.0,1.0,0.0
mlpt,0.03,0.1,1.0,fall,60,3,3,0,3,0,0,3,0,0,0.526825649015055,0.6371881975785708,0.5798939912446489,1.0,0.0,0.0,1.0,0.0
mlpt,0.03,0.1,3.0,rise,40,3,3,0,3,0,0,3,0,0,0.1294527536939794,0.1453191419039883,0.1389476145015237,1.0,0.0,0.0,1.0,0.0
mlpt,0.03,0.1,3.0,rise,50,3,3,0,3,0,0,3,0,0,0.1510805946641092,0.1560366503540926,0.1523764560176031,1.0,0.0,0.0,1.0,0.0
mlpt,0.03,0.1,3.0,rise,60,3,3,0,3,0,0,3,0,0,0.1542053319489028,0.1852914296285047,0.1658352091663046,1.0,0.0,0.0,1.0,0.0
mlpt,0.03,0.1,3.0,fall,40,3,3,0,3,0,0,3,0,0,2.7366932112404267,2.840262080480768,2.7872438507654915,1.0,0.0,0.0,1.0,0.0
mlpt,0.03,0.1,3.0,fall,50,3,3,0,3,0,0,3,0,0,2.0912631583693138,2.218527954381877,2.1533185410305977,1.0,0.0,0.0,1.0,0.0
mlpt,0.03,0.1,3.0,fall,60,3,3,0,3,0,0,3,0,0,1.5667036148271687,1.7183840662483558,1.6411360755781126,1.0,0.0,0.0,1.0,0.0
mlpt,0.03,0.3,0.01,rise,40,3,3,0,0,0,3,0,3,0,-0.0011614293159009,-0.0008052978658728,-0.000974270164689,0.0,0.0,1.0,0.0,1.0
mlpt,0.03,0.3,0.01,rise,50,3,3,0,0,0,3,0,3,0,-0.0011779112099782,-0.0006453635147299,-0.0009305889333422,0.0,0.0,1.0,0.0,1.0
mlpt,0.03,0.3,0.01,rise,60,3,3,0,0,0,3,0,3,0,-0.0012072374804479,-0.0006290931827543,-0.0008931930884911,0.0,0.0,1.0,0.0,1.0
mlpt,0.03,0.3,0.01,fall,40,3,3,0,0,0,3,0,3,0,-0.0003463848838225,-5.940827043304786e-05,-0.0002744005405852,0.0,0.0,1.0,0.0,1.0
mlpt,0.03,0.3,0.01,fall,50,3,3,0,0,0,3,0,3,0,-0.0004295509129892,-5.939715109470889e-05,-0.0002747359116204,0.0,0.0,1.0,0.0,1.0
mlpt,0.03,0.3,0.01,fall,60,3,3,0,0,0,3,0,3,0,-0.0004899558181614,-5.950003761046041e-05,-0.000361403965562,0.0,0.0,1.0,0.0,1.0
mlpt,0.03,0.3,0.03,rise,40,3,3,0,0,0,3,3,0,0,0.001157291559117,0.0017456061317779,0.0014957957556502,0.0,0.0,1.0,1.0,0.0
mlpt,0.03,0.3,0.03,rise,50,3,3,0,0,0,3,3,0,0,0.0011309141942004,0.0021049206570587,0.0015951039375554,0.0,0.0,1.0,1.0,0.0
mlpt,0.03,0.3,0.03,rise,60,3,3,0,0,0,3,3,0,0,0.001077074022481,0.0022740838014759,0.001681097448924,0.0,0.0,1.0,1.0,0.0
mlpt,0.03,0.3,0.03,fall,40,3,3,0,0,0,3,3,0,0,0.0030765658102105,0.0036950547891181,0.0032850429325064,0.0,0.0,1.0,1.0,0.0
mlpt,0.03,0.3,0.03,fall,50,3,3,0,0,0,3,3,0,0,0.0028478930628536,0.0036830094476683,0.0032212379551666,0.0,0.0,1.0,1.0,0.0
mlpt,0.03,0.3,0.03,fall,60,3,3,0,0,0,3,3,0,0,0.0027011478679426,0.0036249688160236,0.0029470220954705,0.0,0.0,1.0,1.0,0.0
mlpt,0.03,0.3,0.1,rise,40,3,3,0,3,0,0,3,0,0,0.0137358473533621,0.0145447936848863,0.0145120739531884,1.0,0.0,0.0,1.0,0.0
mlpt,0.03,0.3,0.1,rise,50,3,3,0,3,0,0,3,0,0,0.013838945982793,0.0170160817684079,0.0154271774080995,1.0,0.0,0.0,1.0,0.0
mlpt,0.03,0.3,0.1,rise,60,3,3,0,3,0,0,3,0,0,0.0137331298715754,0.0192956368775529,0.0162350431299302,1.0,0.0,0.0,1.0,0.0
mlpt,0.03,0.3,0.1,fall,40,3,3,0,3,0,0,3,0,0,0.0368109714547641,0.0407523008543462,0.0389317883411626,1.0,0.0,0.0,1.0,0.0
mlpt,0.03,0.3,0.1,fall,50,3,3,0,3,0,0,3,0,0,0.033267768887129,0.0376891343037966,0.0355409509668891,1.0,0.0,0.0,1.0,0.0
mlpt,0.03,0.3,0.1,fall,60,3,3,0,3,0,0,3,0,0,0.0310966853183151,0.0337109819650891,0.0313435414639216,1.0,0.0,0.0,1.0,0.0
mlpt,0.03,0.3,0.3,rise,40,3,3,0,3,0,0,3,0,0,0.0395744710361852,0.0408841989422706,0.0407568519941242,1.0,0.0,0.0,1.0,0.0
mlpt,0.03,0.3,0.3,rise,50,3,3,0,3,0,0,3,0,0,0.0418595971531383,0.0477010842763828,0.0443749850295104,1.0,0.0,0.0,1.0,0.0
mlpt,0.03,0.3,0.3,rise,60,3,3,0,3,0,0,3,0,0,0.0422134916942636,0.0556663440071946,0.0477673134949158,1.0,0.0,0.0,1.0,0.0
mlpt,0.03,0.3,0.3,fall,40,3,3,0,3,0,0,3,0,0,0.2120259844656242,0.2141267389413894,0.2134281065042818,1.0,0.0,0.0,1.0,0.0
mlpt,0.03,0.3,0.3,fall,50,3,3,0,3,0,0,3,0,0,0.1815393104650613,0.1828731952067841,0.1816814501734256,1.0,0.0,0.0,1.0,0.0
mlpt,0.03,0.3,0.3,fall,60,3,3,0,3,0,0,3,0,0,0.1513446661457709,0.1569038826868072,0.1533566028643849,1.0,0.0,0.0,1.0,0.0
mlpt,0.03,0.3,1.0,rise,40,3,3,0,3,0,0,3,0,0,0.0689013205222972,0.0696920622536546,0.0696070800085859,1.0,0.0,0.0,1.0,0.0
mlpt,0.03,0.3,1.0,rise,50,3,3,0,3,0,0,3,0,0,0.0714572728011352,0.0849467851763724,0.0768031241708105,1.0,0.0,0.0,1.0,0.0
mlpt,0.03,0.3,1.0,rise,60,3,3,0,3,0,0,3,0,0,0.0726623804615086,0.1003939460566,0.0839927767936178,1.0,0.0,0.0,1.0,0.0
mlpt,0.03,0.3,1.0,fall,40,3,3,0,3,0,0,3,0,0,0.8466246584918882,0.8675349009655069,0.8593624271587088,1.0,0.0,0.0,1.0,0.0
mlpt,0.03,0.3,1.0,fall,50,3,3,0,3,0,0,3,0,0,0.68093519413576,0.7036004519904562,0.69427110131287,1.0,0.0,0.0,1.0,0.0
mlpt,0.03,0.3,1.0,fall,60,3,3,0,3,0,0,3,0,0,0.5400609548366995,0.5693366171589236,0.5545289429372467,1.0,0.0,0.0,1.0,0.0
mlpt,0.03,0.3,3.0,rise,40,3,3,0,3,0,0,3,0,0,0.0826683563883851,0.0881249737395427,0.0854456735988843,1.0,0.0,0.0,1.0,0.0
mlpt,0.03,0.3,3.0,rise,50,3,3,0,3,0,0,3,0,0,0.0860436524492415,0.108069177529552,0.0948378070082883,1.0,0.0,0.0,1.0,0.0
mlpt,0.03,0.3,3.0,rise,60,3,3,0,3,0,0,3,0,0,0.0877850141863642,0.1284568108869592,0.1045295590878754,1.0,0.0,0.0,1.0,0.0
mlpt,0.03,0.3,3.0,fall,40,3,3,0,3,0,0,3,0,0,2.66307312084806,2.713815551540661,2.690509702683414,1.0,0.0,0.0,1.0,0.0
mlpt,0.03,0.3,3.0,fall,50,3,3,0,3,0,0,3,0,0,2.0604437837653378,2.1119152369703578,2.087896756535636,1.0,0.0,0.0,1.0,0.0
mlpt,0.03,0.3,3.0,fall,60,3,3,0,3,0,0,3,0,0,1.5674928638120558,1.6241529298340889,1.5952666681354883,1.0,0.0,0.0,1.0,0.0
mlpt,0.03,1.0,0.01,rise,40,3,3,0,0,0,3,0,3,0,-0.0013176618778925,-0.0009785891899198,-0.0011712924261735,0.0,0.0,1.0,0.0,1.0
mlpt,0.03,1.0,0.01,rise,50,3,3,0,0,0,3,0,3,0,-0.0013170520924267,-0.0009698989869416,-0.0011266436588649,0.0,0.0,1.0,0.0,1.0
mlpt,0.03,1.0,0.01,rise,60,3,3,0,0,0,3,0,3,0,-0.0013240402718799,-0.00096018390238,-0.0010865489132003,0.0,0.0,1.0,0.0,1.0
mlpt,0.03,1.0,0.01,fall,40,3,3,0,0,0,3,1,2,0,-0.0005796603774999,6.858273301824092e-05,-0.0004176323224887,0.0,0.0,1.0,0.3333333333333333,0.6666666666666666
mlpt,0.03,1.0,0.01,fall,50,3,3,0,0,0,3,1,2,0,-0.0005796000328632,6.859257886659975e-05,-0.0004175487168431,0.0,0.0,1.0,0.3333333333333333,0.6666666666666666
mlpt,0.03,1.0,0.01,fall,60,3,3,0,0,0,3,1,2,0,-0.0005794648286607,6.861463882290586e-05,-0.000417441605909,0.0,0.0,1.0,0.3333333333333333,0.6666666666666666
mlpt,0.03,1.0,0.03,rise,40,3,3,0,0,0,3,0,3,0,-0.0005448280002939,-7.320839254637557e-05,-0.0003381580327124,0.0,0.0,1.0,0.0,1.0
mlpt,0.03,1.0,0.03,rise,50,3,3,0,0,0,3,0,3,0,-0.000544917861696,-3.572376577914982e-05,-0.000273810001662,0.0,0.0,1.0,0.0,1.0
mlpt,0.03,1.0,0.03,rise,60,3,3,0,0,0,3,0,3,0,-0.000556008438746,-1.4486866348306648e-05,-0.000215733024846,0.0,0.0,1.0,0.0,1.0
mlpt,0.03,1.0,0.03,fall,40,3,3,0,0,0,3,3,0,0,0.0005820487978482,0.0015419034460686,0.0008286392453216,0.0,0.0,1.0,1.0,0.0
mlpt,0.03,1.0,0.03,fall,50,3,3,0,0,0,3,3,0,0,0.0005819980375081,0.001541902375908,0.0008286146437503,0.0,0.0,1.0,1.0,0.0
mlpt,0.03,1.0,0.03,fall,60,3,3,0,0,0,3,3,0,0,0.0005821842717548,0.0015420765443487,0.0008287306100436,0.0,0.0,1.0,1.0,0.0
mlpt,0.03,1.0,0.1,rise,40,3,3,0,0,0,3,3,0,0,0.0039939350895117,0.0056618015175686,0.0048247523181709,0.0,0.0,1.0,1.0,0.0
mlpt,0.03,1.0,0.1,rise,50,3,3,0,0,0,3,3,0,0,0.0040267931816733,0.0064711959523979,0.0052230882884927,0.0,0.0,1.0,1.0,0.0
mlpt,0.03,1.0,0.1,rise,60,3,3,0,0,0,3,3,0,0,0.0039914713763545,0.0070862280711641,0.0056007846995818,0.0,0.0,1.0,1.0,0.0
mlpt,0.03,1.0,0.1,fall,40,3,3,0,3,0,0,3,0,0,0.0159055257062514,0.0213869386857463,0.0178522188835104,1.0,0.0,0.0,1.0,0.0
mlpt,0.03,1.0,0.1,fall,50,3,3,0,3,0,0,3,0,0,0.0158824721094186,0.0213611418579704,0.0178294727483403,1.0,0.0,0.0,1.0,0.0
mlpt,0.03,1.0,0.1,fall,60,3,3,0,3,0,0,3,0,0,0.0157716928266655,0.0212368194608971,0.0177203319555043,1.0,0.0,0.0,1.0,0.0
mlpt,0.03,1.0,0.3,rise,40,3,3,0,3,0,0,3,0,0,0.0149788563791092,0.0193405265993317,0.017144082421264,1.0,0.0,0.0,1.0,0.0
mlpt,0.03,1.0,0.3,rise,50,3,3,0,3,0,0,3,0,0,0.0153805943608752,0.0230461782663132,0.0189013702116971,1.0,0.0,0.0,1.0,0.0
mlpt,0.03,1.0,0.3,rise,60,3,3,0,3,0,0,3,0,0,0.0154996974321999,0.0264796166602412,0.0206759719912013,1.0,0.0,0.0,1.0,0.0
mlpt,0.03,1.0,0.3,fall,40,3,3,0,3,0,0,3,0,0,0.1552947991150592,0.1747441417157222,0.1639425624417294,1.0,0.0,0.0,1.0,0.0
mlpt,0.03,1.0,0.3,fall,50,3,3,0,3,0,0,3,0,0,0.1468625977808155,0.1652558023675592,0.1550524589260211,1.0,0.0,0.0,1.0,0.0
mlpt,0.03,1.0,0.3,fall,60,3,3,0,3,0,0,3,0,0,0.1351815275213741,0.1520074667983255,0.1426950375535343,1.0,0.0,0.0,1.0,0.0
mlpt,0.03,1.0,1.0,rise,40,3,3,0,3,0,0,3,0,0,0.0275055231459853,0.0360251459682053,0.0314631165272235,1.0,0.0,0.0,1.0,0.0
mlpt,0.03,1.0,1.0,rise,50,3,3,0,3,0,0,3,0,0,0.0286053815242794,0.0437864766164753,0.0352308074839975,1.0,0.0,0.0,1.0,0.0
mlpt,0.03,1.0,1.0,rise,60,3,3,0,3,0,0,3,0,0,0.0291646907498869,0.0515127236649762,0.0391912966224515,1.0,0.0,0.0,1.0,0.0
mlpt,0.03,1.0,1.0,fall,40,3,3,0,3,0,0,3,0,0,0.8492321180200961,0.8790172920129407,0.8633790962901868,1.0,0.0,0.0,1.0,0.0
mlpt,0.03,1.0,1.0,fall,50,3,3,0,3,0,0,3,0,0,0.7354848229496767,0.7623709291110701,0.7482006600668085,1.0,0.0,0.0,1.0,0.0
mlpt,0.03,1.0,1.0,fall,60,3,3,0,3,0,0,3,0,0,0.6248054336710285,0.6480821571260715,0.6357473496261483,1.0,0.0,0.0,1.0,0.0
mlpt,0.03,1.0,3.0,rise,40,3,3,0,3,0,0,3,0,0,0.0338048939880718,0.0457009921789557,0.0391606981371553,1.0,0.0,0.0,1.0,0.0
mlpt,0.03,1.0,3.0,rise,50,3,3,0,3,0,0,3,0,0,0.0353349081052459,0.0559675670079767,0.0441492946547599,1.0,0.0,0.0,1.0,0.0
mlpt,0.03,1.0,3.0,rise,60,3,3,0,3,0,0,3,0,0,0.0362029007710021,0.0664644001092351,0.0494898651118279,1.0,0.0,0.0,1.0,0.0
mlpt,0.03,1.0,3.0,fall,40,3,3,0,3,0,0,3,0,0,2.697909638263938,2.7267261349877425,2.7114393570468707,1.0,0.0,0.0,1.0,0.0
mlpt,0.03,1.0,3.0,fall,50,3,3,0,3,0,0,3,0,0,2.2078341557418426,2.23499959766718,2.220515550092349,1.0,0.0,0.0,1.0,0.0
mlpt,0.03,1.0,3.0,fall,60,3,3,0,3,0,0,3,0,0,1.7846556786373975,1.809385420762729,1.796087914847519,1.0,0.0,0.0,1.0,0.0
mlpt,0.03,3.0,0.01,rise,40,3,3,0,0,0,3,0,3,0,-0.0013120560277823,-0.0010622695758249,-0.0012032544428219,0.0,0.0,1.0,0.0,1.0
mlpt,0.03,3.0,0.01,rise,50,3,3,0,0,0,3,0,3,0,-0.0012993780439612,-0.0010460970645,-0.001154401722363,0.0,0.0,1.0,0.0,1.0
mlpt,0.03,3.0,0.01,rise,60,3,3,0,0,0,3,0,3,0,-0.0012924001303252,-0.0010284026684181,-0.0011089878227383,0.0,0.0,1.0,0.0,1.0
mlpt,0.03,3.0,0.01,fall,40,3,3,0,0,0,3,1,2,0,-0.0004330522992721,0.0007604287399942,-0.0001325617200822,0.0,0.0,1.0,0.3333333333333333,0.6666666666666666
mlpt,0.03,3.0,0.01,fall,50,3,3,0,0,0,3,1,2,0,-0.0004331144689615,0.0007604617696523,-0.0001325807508569,0.0,0.0,1.0,0.3333333333333333,0.6666666666666666
mlpt,0.03,3.0,0.01,fall,60,3,3,0,0,0,3,1,2,0,-0.0004331093683993,0.0007604645905687,-0.0001325791895228,0.0,0.0,1.0,0.3333333333333333,0.6666666666666666
mlpt,0.03,3.0,0.03,rise,40,3,3,0,0,0,3,0,3,0,-0.0010386124976097,-0.0007458050172446,-0.0009108128026344,0.0,0.0,1.0,0.0,1.0
mlpt,0.03,3.0,0.03,rise,50,3,3,0,0,0,3,0,3,0,-0.0010247500821786,-0.0007238955433468,-0.0008544926989029,0.0,0.0,1.0,0.0,1.0
mlpt,0.03,3.0,0.03,rise,60,3,3,0,0,0,3,0,3,0,-0.001017466141392,-0.0007027013597128,-0.0008018113199627,0.0,0.0,1.0,0.0,1.0
mlpt,0.03,3.0,0.03,fall,40,3,3,0,0,0,3,3,0,0,1.526748426972091e-05,0.0014639655019288,0.0003775300234813,0.0,0.0,1.0,1.0,0.0
mlpt,0.03,3.0,0.03,fall,50,3,3,0,0,0,3,3,0,0,1.5269676090223783e-05,0.0014639559708422,0.0003775842222992,0.0,0.0,1.0,1.0,0.0
mlpt,0.03,3.0,0.03,fall,60,3,3,0,0,0,3,3,0,0,1.526949626917684e-05,0.0014639622835495,0.0003775797756908,0.0,0.0,1.0,1.0,0.0
mlpt,0.03,3.0,0.1,rise,40,3,3,0,0,0,3,3,0,0,0.0006478211177509,0.0015199532815136,0.001059149842931,0.0,0.0,1.0,1.0,0.0
mlpt,0.03,3.0,0.1,rise,50,3,3,0,0,0,3,3,0,0,0.0006828425540499,0.0017981483871605,0.0012549874141518,0.0,0.0,1.0,1.0,0.0
mlpt,0.03,3.0,0.1,rise,60,3,3,0,0,0,3,3,0,0,0.0006932016710345,0.0020178696527992,0.0014461464275487,0.0,0.0,1.0,1.0,0.0
mlpt,0.03,3.0,0.1,fall,40,3,3,0,1,0,2,3,0,0,0.0075139660978731,0.014389780366991,0.0097136247868712,0.3333333333333333,0.0,0.6666666666666666,1.0,0.0
mlpt,0.03,3.0,0.1,fall,50,3,3,0,1,0,2,3,0,0,0.0075138963111029,0.014389760166519,0.0097136305032279,0.3333333333333333,0.0,0.6666666666666666,1.0,0.0
mlpt,0.03,3.0,0.1,fall,60,3,3,0,1,0,2,3,0,0,0.0075138998770376,0.0143897635597105,0.0097136194533984,0.3333333333333333,0.0,0.6666666666666666,1.0,0.0
mlpt,0.03,3.0,0.3,rise,40,3,3,0,0,0,3,3,0,0,0.00494379909778,0.0077127754869899,0.0062599992320895,0.0,0.0,1.0,1.0,0.0
mlpt,0.03,3.0,0.3,rise,50,3,3,0,0,0,3,3,0,0,0.0051402060618495,0.00927954763182,0.0070849191200223,0.0,0.0,1.0,1.0,0.0
mlpt,0.03,3.0,0.3,rise,60,3,3,0,1,0,2,3,0,0,0.0052356941039265,0.0107705081445892,0.0079450661876163,0.3333333333333333,0.0,0.6666666666666666,1.0,0.0
mlpt,0.03,3.0,0.3,fall,40,3,3,0,3,0,0,3,0,0,0.1011787901694094,0.1335243148356419,0.1148971863337839,1.0,0.0,0.0,1.0,0.0
mlpt,0.03,3.0,0.3,fall,50,3,3,0,3,0,0,3,0,0,0.1010671630020838,0.1333825361633747,0.1147719152287685,1.0,0.0,0.0,1.0,0.0
mlpt,0.03,3.0,0.3,fall,60,3,3,0,3,0,0,3,0,0,0.1005297599308887,0.1326996471883097,0.1141687053591842,1.0,0.0,0.0,1.0,0.0
mlpt,0.03,3.0,1.0,rise,40,3,3,0,3,0,0,3,0,0,0.0100014275174226,0.0155536966755361,0.0125214849701255,1.0,0.0,0.0,1.0,0.0
mlpt,0.03,3.0,1.0,rise,50,3,3,0,3,0,0,3,0,0,0.0105067406018726,0.0190766238049967,0.0142965180739594,1.0,0.0,0.0,1.0,0.0
mlpt,0.03,3.0,1.0,rise,60,3,3,0,3,0,0,3,0,0,0.0108148625151839,0.0226902691606856,0.0162204136915824,1.0,0.0,0.0,1.0,0.0
mlpt,0.03,3.0,1.0,fall,40,3,3,0,3,0,0,3,0,0,0.7975035501588987,0.8690505704789171,0.8312381632342776,1.0,0.0,0.0,1.0,0.0
mlpt,0.03,3.0,1.0,fall,50,3,3,0,3,0,0,3,0,0,0.7537153059742763,0.8236112700414382,0.7866016105333067,1.0,0.0,0.0,1.0,0.0
mlpt,0.03,3.0,1.0,fall,60,3,3,0,3,0,0,3,0,0,0.6951801163795226,0.7626403336225516,0.7268172633312235,1.0,0.0,0.0,1.0,0.0
mlpt,0.03,3.0,3.0,rise,40,3,3,0,3,0,0,3,0,0,0.012540998589052,0.0198982594810986,0.0158002629670326,1.0,0.0,0.0,1.0,0.0
mlpt,0.03,3.0,3.0,rise,50,3,3,0,3,0,0,3,0,0,0.0132349592108054,0.0245801263393313,0.0181245261126332,1.0,0.0,0.0,1.0,0.0
mlpt,0.03,3.0,3.0,rise,60,3,3,0,3,0,0,3,0,0,0.0136868916007433,0.0295043461281683,0.0206825592624477,1.0,0.0,0.0,1.0,0.0
mlpt,0.03,3.0,3.0,fall,40,3,3,0,3,0,0,3,0,0,2.921097971020731,3.011507887809114,2.964916407498716,1.0,0.0,0.0,1.0,0.0
mlpt,0.03,3.0,3.0,fall,50,3,3,0,3,0,0,3,0,0,2.5628609540665805,2.651161568027855,2.605555648732872,1.0,0.0,0.0,1.0,0.0
mlpt,0.03,3.0,3.0,fall,60,3,3,0,3,0,0,3,0,0,2.2094808157944965,2.295079529652904,2.2507375181665674,1.0,0.0,0.0,1.0,0.0
mlpt,0.1,0.01,0.01,rise,40,3,3,0,0,0,3,0,3,0,-0.0021813518898068,-0.0017380936886619,-0.0017881219752022,0.0,0.0,1.0,0.0,1.0
mlpt,0.1,0.01,0.01,rise,50,3,3,0,0,0,3,0,3,0,-0.0021989708053998,-0.0008282033609355,-0.0015214887819511,0.0,0.0,1.0,0.0,1.0
mlpt,0.1,0.01,0.01,rise,60,3,3,0,0,0,3,1,2,0,-0.0022920820790975,5.319361315125892e-05,-0.0013045984342678,0.0,0.0,1.0,0.3333333333333333,0.6666666666666666
mlpt,0.1,0.01,0.01,fall,40,3,3,0,0,0,3,3,0,0,0.0010982941421386,0.0013104685693164,0.0012403043658075,0.0,0.0,1.0,1.0,0.0
mlpt,0.1,0.01,0.01,fall,50,3,3,0,0,0,3,3,0,0,0.0004174995257024,0.0012091905335229,0.0008316579447346,0.0,0.0,1.0,1.0,0.0
mlpt,0.1,0.01,0.01,fall,60,3,3,0,0,0,3,2,1,0,-0.0004428247146019,0.0012427630475726,0.0006149021252315,0.0,0.0,1.0,0.6666666666666666,0.3333333333333333
mlpt,0.1,0.01,0.03,rise,40,3,3,0,3,0,0,3,0,0,0.0122200249541528,0.0134443911281742,0.013092074743045,1.0,0.0,0.0,1.0,0.0
mlpt,0.1,0.01,0.03,rise,50,3,3,0,3,0,0,3,0,0,0.0131343596407091,0.0141089437158856,0.0140623475537956,1.0,0.0,0.0,1.0,0.0
mlpt,0.1,0.01,0.03,rise,60,3,3,0,3,0,0,3,0,0,0.0130199749742195,0.0159435639934474,0.0145644343128629,1.0,0.0,0.0,1.0,0.0
mlpt,0.1,0.01,0.03,fall,40,3,3,0,3,0,0,3,0,0,0.0195759304615941,0.0218434976266891,0.0201145168405515,1.0,0.0,0.0,1.0,0.0
mlpt,0.1,0.01,0.03,fall,50,3,3,0,3,0,0,3,0,0,0.0175348038243229,0.0220309846063815,0.0194946089366573,1.0,0.0,0.0,1.0,0.0
mlpt,0.1,0.01,0.03,fall,60,3,3,0,3,0,0,3,0,0,0.0156169208122185,0.0224250084715533,0.0189920029250281,1.0,0.0,0.0,1.0,0.0
mlpt,0.1,0.01,0.1,rise,40,3,3,0,3,0,0,3,0,0,0.0463087328760769,0.0587481912848754,0.0555879168534168,1.0,0.0,0.0,1.0,0.0
mlpt,0.1,0.01,0.1,rise,50,3,3,0,3,0,0,3,0,0,0.0521718099694364,0.0597549267725955,0.0584624031504235,1.0,0.0,0.0,1.0,0.0
mlpt,0.1,0.01,0.1,rise,60,3,3,0,3,0,0,3,0,0,0.0584233430988874,0.0609314608842061,0.0600982500336579,1.0,0.0,0.0,1.0,0.0
mlpt,0.1,0.01,0.1,fall,40,3,3,0,3,0,0,3,0,0,0.083402029764971,0.1067177008644327,0.0932200605644563,1.0,0.0,0.0,1.0,0.0
mlpt,0.1,0.01,0.1,fall,50,3,3,0,3,0,0,3,0,0,0.0736094742617946,0.1068403751120413,0.0892311941446467,1.0,0.0,0.0,1.0,0.0
mlpt,0.1,0.01,0.1,fall,60,3,3,0,3,0,0,3,0,0,0.0657218212008218,0.1079032087864164,0.086096736246525,1.0,0.0,0.0,1.0,0.0
mlpt,0.1,0.01,0.3,rise,40,3,3,0,3,0,0,3,0,0,0.0928344566397346,0.1229064022485965,0.1119245898141754,1.0,0.0,0.0,1.0,0.0
mlpt,0.1,0.01,0.3,rise,50,3,3,0,3,0,0,3,0,0,0.1065675769910068,0.1264950200387916,0.1194858001186525,1.0,0.0,0.0,1.0,0.0
mlpt,0.1,0.01,0.3,rise,60,3,3,0,3,0,0,3,0,0,0.1217389836784286,0.1283699317638601,0.1264233219162331,1.0,0.0,0.0,1.0,0.0
mlpt,0.1,0.01,0.3,fall,40,3,3,0,3,0,0,3,0,0,0.2750654901953554,0.3262612222801935,0.2949965491541789,1.0,0.0,0.0,1.0,0.0
mlpt,0.1,0.01,0.3,fall,50,3,3,0,3,0,0,3,0,0,0.2244428557393337,0.3058040616205744,0.2601833541663205,1.0,0.0,0.0,1.0,0.0
mlpt,0.1,0.01,0.3,fall,60,3,3,0,3,0,0,3,0,0,0.1860564833088694,0.2933784693086623,0.2365146157454788,1.0,0.0,0.0,1.0,0.0
mlpt,0.1,0.01,1.0,rise,40,3,3,0,3,0,0,3,0,0,0.1428157711368477,0.1765060648726384,0.1638078177722907,1.0,0.0,0.0,1.0,0.0
mlpt,0.1,0.01,1.0,rise,50,3,3,0,3,0,0,3,0,0,0.1668009031106507,0.182435406714616,0.1767649442094697,1.0,0.0,0.0,1.0,0.0
mlpt,0.1,0.01,1.0,rise,60,3,3,0,3,0,0,3,0,0,0.1856345921228825,0.1936360810248159,0.1891752308523605,1.0,0.0,0.0,1.0,0.0
mlpt,0.1,0.01,1.0,fall,40,3,3,0,3,0,0,3,0,0,0.950717426889004,1.0378828171497338,0.9909003803785724,1.0,0.0,0.0,1.0,0.0
mlpt,0.1,0.01,1.0,fall,50,3,3,0,3,0,0,3,0,0,0.7438942954181983,0.8627830503253895,0.7998965804919825,1.0,0.0,0.0,1.0,0.0
mlpt,0.1,0.01,1.0,fall,60,3,3,0,3,0,0,3,0,0,0.5778833368463722,0.7284740905434567,0.6496976369857914,1.0,0.0,0.0,1.0,0.0
mlpt,0.1,0.01,3.0,rise,40,3,3,0,3,0,0,3,0,0,0.1725392417589802,0.2009126892991283,0.190569960964176,1.0,0.0,0.0,1.0,0.0
mlpt,0.1,0.01,3.0,rise,50,3,3,0,3,0,0,3,0,0,0.2033072912057756,0.2080234741784921,0.2068021707784104,1.0,0.0,0.0,1.0,0.0
mlpt,0.1,0.01,3.0,rise,60,3,3,0,3,0,0,3,0,0,0.2119612897140788,0.2371270816348621,0.2227068262294605,1.0,0.0,0.0,1.0,0.0
mlpt,0.1,0.01,3.0,fall,40,3,3,0,3,0,0,3,0,0,2.816375779797834,2.940687983742164,2.8751243739071453,1.0,0.0,0.0,1.0,0.0
mlpt,0.1,0.01,3.0,fall,50,3,3,0,3,0,0,3,0,0,2.163265619612827,2.31930106571881,2.2378334829490187,1.0,0.0,0.0,1.0,0.0
mlpt,0.1,0.01,3.0,fall,60,3,3,0,3,0,0,3,0,0,1.6326115314130971,1.8203490219996303,1.7229915293647773,1.0,0.0,0.0,1.0,0.0
mlpt,0.1,0.03,0.01,rise,40,3,3,0,0,0,3,0,3,0,-0.0069248651366166,-0.0062590271957337,-0.0063796913615365,0.0,0.0,1.0,0.0,1.0
mlpt,0.1,0.03,0.01,rise,50,3,3,0,0,0,3,0,3,0,-0.0069765486230286,-0.0053538165302606,-0.0061201080534417,0.0,0.0,1.0,0.0,1.0
mlpt,0.1,0.03,0.01,rise,60,3,3,0,0,0,3,0,3,0,-0.0071085733302953,-0.0044696301542252,-0.0059099627696025,0.0,0.0,1.0,0.0,1.0
mlpt,0.1,0.03,0.01,fall,40,3,3,0,0,0,3,0,3,0,-0.0036347639525496,-0.0031303857862794,-0.0035920953040694,0.0,0.0,1.0,0.0,1.0
mlpt,0.1,0.03,0.01,fall,50,3,3,0,0,0,3,0,3,0,-0.0040175812400118,-0.0037012239017211,-0.0038520283635314,0.0,0.0,1.0,0.0,1.0
mlpt,0.1,0.03,0.01,fall,60,3,3,0,0,0,3,0,3,0,-0.0048492066991049,-0.0037136960326829,-0.0040623354549562,0.0,0.0,1.0,0.0,1.0
mlpt,0.1,0.03,0.03,rise,40,3,3,0,0,0,3,3,0,0,0.0059855527720751,0.0067936100995342,0.0062153447987809,0.0,0.0,1.0,1.0,0.0
mlpt,0.1,0.03,0.03,rise,50,3,3,0,0,0,3,3,0,0,0.0062023155210686,0.0077672539641481,0.0073681835828979,0.0,0.0,1.0,1.0,0.0
mlpt,0.1,0.03,0.03,rise,60,3,3,0,0,0,3,3,0,0,0.0060329900620269,0.0095287389759189,0.0078342451145383,0.0,0.0,1.0,1.0,0.0
mlpt,0.1,0.03,0.03,fall,40,3,3,0,3,0,0,3,0,0,0.0129655746732163,0.0139357539336875,0.012971789823438,1.0,0.0,0.0,1.0,0.0
mlpt,0.1,0.03,0.03,fall,50,3,3,0,3,0,0,3,0,0,0.0110380347305786,0.0139725677957567,0.0123923721807148,1.0,0.0,0.0,1.0,0.0
mlpt,0.1,0.03,0.03,fall,60,3,3,0,2,0,1,3,0,0,0.00928069128818,0.0141689877771208,0.0119247902851624,0.6666666666666666,0.0,0.3333333333333333,1.0,0.0
mlpt,0.1,0.03,0.1,rise,40,3,3,0,3,0,0,3,0,0,0.0371660686479154,0.0481225782557845,0.0453532903341639,1.0,0.0,0.0,1.0,0.0
mlpt,0.1,0.03,0.1,rise,50,3,3,0,3,0,0,3,0,0,0.0427146783766013,0.0490392741560978,0.0480932779481413,1.0,0.0,0.0,1.0,0.0
mlpt,0.1,0.03,0.1,rise,60,3,3,0,3,0,0,3,0,0,0.0487058202245611,0.0504563144983165,0.0493090511763475,1.0,0.0,0.0,1.0,0.0
mlpt,0.1,0.03,0.1,fall,40,3,3,0,3,0,0,3,0,0,0.0733647012354445,0.0936931562961929,0.0817745346704683,1.0,0.0,0.0,1.0,0.0
mlpt,0.1,0.03,0.1,fall,50,3,3,0,3,0,0,3,0,0,0.0639122718521336,0.0935075194621476,0.0778582121310512,1.0,0.0,0.0,1.0,0.0
mlpt,0.1,0.03,0.1,fall,60,3,3,0,3,0,0,3,0,0,0.0563243810768354,0.0941652112874054,0.0747950333765534,1.0,0.0,0.0,1.0,0.0
mlpt,0.1,0.03,0.3,rise,40,3,3,0,3,0,0,3,0,0,0.0811707742301432,0.1094330927037127,0.0988926274426878,1.0,0.0,0.0,1.0,0.0
mlpt,0.1,0.03,0.3,rise,50,3,3,0,3,0,0,3,0,0,0.0943347674654138,0.1129190780631843,0.106236407749379,1.0,0.0,0.0,1.0,0.0
mlpt,0.1,0.03,0.3,rise,60,3,3,0,3,0,0,3,0,0,0.1089287214896866,0.114731241936678,0.1130005666773199,1.0,0.0,0.0,1.0,0.0
mlpt,0.1,0.03,0.3,fall,40,3,3,0,3,0,0,3,0,0,0.2614441211382434,0.3095891736310363,0.2801398693571982,1.0,0.0,0.0,1.0,0.0
mlpt,0.1,0.03,0.3,fall,50,3,3,0,3,0,0,3,0,0,0.2117112839041679,0.2887522012857013,0.2455219243976514,1.0,0.0,0.0,1.0,0.0
mlpt,0.1,0.03,0.3,fall,60,3,3,0,3,0,0,3,0,0,0.1740991954152499,0.2758393540480892,0.2219341521539976,1.0,0.0,0.0,1.0,0.0
mlpt,0.1,0.03,1.0,rise,40,3,3,0,3,0,0,3,0,0,0.1294929677784713,0.1615353504387072,0.1491756158777967,1.0,0.0,0.0,1.0,0.0
mlpt,0.1,0.03,1.0,rise,50,3,3,0,3,0,0,3,0,0,0.1527712617821961,0.1673703550519383,0.1618719589052221,1.0,0.0,0.0,1.0,0.0
mlpt,0.1,0.03,1.0,rise,60,3,3,0,3,0,0,3,0,0,0.1705279210126384,0.1789018916296451,0.1740720711949419,1.0,0.0,0.0,1.0,0.0
mlpt,0.1,0.03,1.0,fall,40,3,3,0,3,0,0,3,0,0,0.934751837168672,1.018902450234878,0.9736678115581394,1.0,0.0,0.0,1.0,0.0
mlpt,0.1,0.03,1.0,fall,50,3,3,0,3,0,0,3,0,0,0.7288362501498902,0.8435564750944351,0.7829523152293406,1.0,0.0,0.0,1.0,0.0
mlpt,0.1,0.03,1.0,fall,60,3,3,0,3,0,0,3,0,0,0.5636844528265832,0.7088692989352601,0.6329879293827725,1.0,0.0,0.0,1.0,0.0
mlpt,0.1,0.03,3.0,rise,40,3,3,0,3,0,0,3,0,0,0.1585896052005096,0.185414243895122,0.1753591877701771,1.0,0.0,0.0,1.0,0.0
mlpt,0.1,0.03,3.0,rise,50,3,3,0,3,0,0,3,0,0,0.1886153927766248,0.1924319522785822,0.1913148172809459,1.0,0.0,0.0,1.0,0.0
mlpt,0.1,0.03,3.0,rise,60,3,3,0,3,0,0,3,0,0,0.1963324126955393,0.2217159764243622,0.2069951374415874,1.0,0.0,0.0,1.0,0.0
mlpt,0.1,0.03,3.0,fall,40,3,3,0,3,0,0,3,0,0,2.799511694241652,2.9209126200768454,2.85706847799952,1.0,0.0,0.0,1.0,0.0
mlpt,0.1,0.03,3.0,fall,50,3,3,0,3,0,0,3,0,0,2.147308949519572,2.2992795486259765,2.220065812290312,1.0,0.0,0.0,1.0,0.0
mlpt,0.1,0.03,3.0,fall,60,3,3,0,3,0,0,3,0,0,1.6175139935386558,1.799949181991091,1.705458274509439,1.0,0.0,0.0,1.0,0.0
mlpt,0.1,0.1,0.01,rise,40,3,3,0,0,0,3,0,3,0,-0.0089039718309232,-0.0072963804591404,-0.0077079426583017,0.0,0.0,1.0,0.0,1.0
mlpt,0.1,0.1,0.01,rise,50,3,3,0,0,0,3,0,3,0,-0.0090534072189782,-0.0061154640396593,-0.0073565003504735,0.0,0.0,1.0,0.0,1.0
mlpt,0.1,0.1,0.01,rise,60,3,3,0,0,0,3,0,3,0,-0.009327575417898,-0.0048683942163443,-0.0070663326590116,0.0,0.0,1.0,0.0,1.0
mlpt,0.1,0.1,0.01,fall,40,3,3,0,0,0,3,0,3,0,-0.0038557876984874,-0.0010555658955102,-0.0035482168904633,0.0,0.0,1.0,0.0,1.0
mlpt,0.1,0.1,0.01,fall,50,3,3,0,0,0,3,0,3,0,-0.0040209454614911,-0.0026426965614745,-0.0040035469471394,0.0,0.0,1.0,0.0,1.0
mlpt,0.1,0.1,0.01,fall,60,3,3,0,0,0,3,0,3,0,-0.0043508014599572,-0.0039670106758528,-0.0041165592667348,0.0,0.0,1.0,0.0,1.0
mlpt,0.1,0.1,0.03,rise,40,3,3,0,0,0,3,2,1,0,-0.0014261697198573,0.0003619039196957,1.80993510951466e-05,0.0,0.0,1.0,0.6666666666666666,0.3333333333333333
mlpt,0.1,0.1,0.03,rise,50,3,3,0,0,0,3,2,1,0,-0.001586099330967,0.002087227756758,0.0005504363974935,0.0,0.0,1.0,0.6666666666666666,0.3333333333333333
mlpt,0.1,0.1,0.03,rise,60,3,3,0,0,0,3,2,1,0,-0.0019219119441726,0.0039098223793085,0.0009917608594443,0.0,0.0,1.0,0.6666666666666666,0.3333333333333333
mlpt,0.1,0.1,0.03,fall,40,3,3,0,0,0,3,3,0,0,0.0061135517129878,0.0095363489822466,0.0064072817759885,0.0,0.0,1.0,1.0,0.0
mlpt,0.1,0.1,0.03,fall,50,3,3,0,0,0,3,3,0,0,0.0057014275886687,0.0072870569037595,0.0058717504697297,0.0,0.0,1.0,1.0,0.0
mlpt,0.1,0.1,0.03,fall,60,3,3,0,0,0,3,3,0,0,0.0051643843586366,0.0057397227273463,0.0052890648860016,0.0,0.0,1.0,1.0,0.0
mlpt,0.1,0.1,0.1,rise,40,3,3,0,3,0,0,3,0,0,0.0237184563175671,0.0269877265766821,0.0267627518642222,1.0,0.0,0.0,1.0,0.0
mlpt,0.1,0.1,0.1,rise,50,3,3,0,3,0,0,3,0,0,0.0274417126137229,0.0288867931658879,0.0286172795609064,1.0,0.0,0.0,1.0,0.0
mlpt,0.1,0.1,0.1,rise,60,3,3,0,3,0,0,3,0,0,0.0273455015564156,0.0338551818672461,0.0307581763077902,1.0,0.0,0.0,1.0,0.0
mlpt,0.1,0.1,0.1,fall,40,3,3,0,3,0,0,3,0,0,0.0597907364970022,0.0641653266584014,0.0612272381518514,1.0,0.0,0.0,1.0,0.0
mlpt,0.1,0.1,0.1,fall,50,3,3,0,3,0,0,3,0,0,0.0518596916423999,0.0625772356323722,0.0555125796638054,1.0,0.0,0.0,1.0,0.0
mlpt,0.1,0.1,0.1,fall,60,3,3,0,3,0,0,3,0,0,0.0442524952610173,0.0616240902569524,0.0523773047184166,1.0,0.0,0.0,1.0,0.0
mlpt,0.1,0.1,0.3,rise,40,3,3,0,3,0,0,3,0,0,0.059547676809068,0.074681297726646,0.0688378413485253,1.0,0.0,0.0,1.0,0.0
mlpt,0.1,0.1,0.3,rise,50,3,3,0,3,0,0,3,0,0,0.0709481514852821,0.0772696108872968,0.0748782248522128,1.0,0.0,0.0,1.0,0.0
mlpt,0.1,0.1,0.3,rise,60,3,3,0,3,0,0,3,0,0,0.0784547644706423,0.0835679726942018,0.0805518894478949,1.0,0.0,0.0,1.0,0.0
mlpt,0.1,0.1,0.3,fall,40,3,3,0,3,0,0,3,0,0,0.2393394560006412,0.2600834602253535,0.2448909979030793,1.0,0.0,0.0,1.0,0.0
mlpt,0.1,0.1,0.3,fall,50,3,3,0,3,0,0,3,0,0,0.1934114606797703,0.2360221657859823,0.2098399911620572,1.0,0.0,0.0,1.0,0.0
mlpt,0.1,0.1,0.3,fall,60,3,3,0,3,0,0,3,0,0,0.1570528546403437,0.2200277977924666,0.1850272063517277,1.0,0.0,0.0,1.0,0.0
mlpt,0.1,0.1,1.0,rise,40,3,3,0,3,0,0,3,0,0,0.1003836634049051,0.1185068396735887,0.1110330232212762,1.0,0.0,0.0,1.0,0.0
mlpt,0.1,0.1,1.0,rise,50,3,3,0,3,0,0,3,0,0,0.1208397350183703,0.1233240499477269,0.1219451486352827,1.0,0.0,0.0,1.0,0.0
mlpt,0.1,0.1,1.0,rise,60,3,3,0,3,0,0,3,0,0,0.1258618698881196,0.1436322430438097,0.1326248872953401,1.0,0.0,0.0,1.0,0.0
mlpt,0.1,0.1,1.0,fall,40,3,3,0,3,0,0,3,0,0,0.8947962519010046,0.9504289240010982,0.9192435806006276,1.0,0.0,0.0,1.0,0.0
mlpt,0.1,0.1,1.0,fall,50,3,3,0,3,0,0,3,0,0,0.6959181033421971,0.7749837968628234,0.7316573008301068,1.0,0.0,0.0,1.0,0.0
mlpt,0.1,0.1,1.0,fall,60,3,3,0,3,0,0,3,0,0,0.5360781782111058,0.6393733166226891,0.584054889129702,1.0,0.0,0.0,1.0,0.0
mlpt,0.1,0.1,3.0,rise,40,3,3,0,3,0,0,3,0,0,0.1257934042475819,0.1392866264769219,0.133761810443792,1.0,0.0,0.0,1.0,0.0
mlpt,0.1,0.1,3.0,rise,50,3,3,0,3,0,0,3,0,0,0.145263741745651,0.1524243080760943,0.1477132000860386,1.0,0.0,0.0,1.0,0.0
mlpt,0.1,0.1,3.0,rise,60,3,3,0,3,0,0,3,0,0,0.1485641375456365,0.181718996995104,0.1616681323067707,1.0,0.0,0.0,1.0,0.0
mlpt,0.1,0.1,3.0,fall,40,3,3,0,3,0,0,3,0,0,2.75165391173822,2.843838216566345,2.7941776581106117,1.0,0.0,0.0,1.0,0.0
mlpt,0.1,0.1,3.0,fall,50,3,3,0,3,0,0,3,0,0,2.10651614687087,2.222132116126541,2.1603295730038456,1.0,0.0,0.0,1.0,0.0
mlpt,0.1,0.1,3.0,fall,60,3,3,0,3,0,0,3,0,0,1.5821656739139731,1.7220041967295685,1.6482059575502968,1.0,0.0,0.0,1.0,0.0
mlpt,0.1,0.3,0.01,rise,40,3,3,0,0,0,3,0,3,0,-0.0086771478316123,-0.0054241615673955,-0.0069924695119769,0.0,0.0,1.0,0.0,1.0
mlpt,0.1,0.3,0.01,rise,50,3,3,0,0,0,3,0,3,0,-0.008815777106539,-0.0041461689536142,-0.0065787003168429,0.0,0.0,1.0,0.0,1.0
mlpt,0.1,0.3,0.01,rise,60,3,3,0,0,0,3,0,3,0,-0.0090712172063167,-0.0037337432105787,-0.0062243849373703,0.0,0.0,1.0,0.0,1.0
mlpt,0.1,0.3,0.01,fall,40,3,3,0,0,0,3,1,2,0,-0.0011354214886003,0.0014852708874197,-0.0004576312222441,0.0,0.0,1.0,0.3333333333333333,0.6666666666666666
mlpt,0.1,0.3,0.01,fall,50,3,3,0,0,0,3,1,2,0,-0.0018497309135201,0.0014853784567538,-0.0004564447615806,0.0,0.0,1.0,0.3333333333333333,0.6666666666666666
mlpt,0.1,0.3,0.01,fall,60,3,3,0,0,0,3,1,2,0,-0.002427199960431,0.0014878480318794,-0.0011677675823817,0.0,0.0,1.0,0.3333333333333333,0.6666666666666666
mlpt,0.1,0.3,0.03,rise,40,3,3,0,0,0,3,0,3,0,-0.0054218776587723,-0.0017453734879644,-0.0035147403600881,0.0,0.0,1.0,0.0,1.0
mlpt,0.1,0.3,0.03,rise,50,3,3,0,0,0,3,0,3,0,-0.0055727036179911,-0.0002829453852044,-0.0030265854411241,0.0,0.0,1.0,0.0,1.0
mlpt,0.1,0.3,0.03,rise,60,3,3,0,0,0,3,1,2,0,-0.0058591533293448,0.0002552561446536,-0.0026077720388449,0.0,0.0,1.0,0.3333333333333333,0.6666666666666666
mlpt,0.1,0.3,0.03,fall,40,3,3,0,0,0,3,3,0,0,0.0034732051280934,0.0065266927895943,0.0043168011915826,0.0,0.0,1.0,1.0,0.0
mlpt,0.1,0.3,0.03,fall,50,3,3,0,0,0,3,3,0,0,0.0026329262674089,0.0065151464163777,0.004246596021785,0.0,0.0,1.0,1.0,0.0
mlpt,0.1,0.3,0.03,fall,60,3,3,0,0,0,3,3,0,0,0.0019432228333412,0.0064596550108069,0.003400571455947,0.0,0.0,1.0,1.0,0.0
mlpt,0.1,0.3,0.1,rise,40,3,3,0,2,0,1,3,0,0,0.0085690417103858,0.0127085605758959,0.0109685587525675,0.6666666666666666,0.0,0.3333333333333333,1.0,0.0
mlpt,0.1,0.3,0.1,rise,50,3,3,0,2,0,1,3,0,0,0.0085931486168264,0.0161501038803383,0.012334248422522,0.6666666666666666,0.0,0.3333333333333333,1.0,0.0
mlpt,0.1,0.3,0.1,rise,60,3,3,0,2,0,1,3,0,0,0.0082884318548327,0.0187822059991177,0.0135616299228661,0.6666666666666666,0.0,0.3333333333333333,1.0,0.0
mlpt,0.1,0.3,0.1,fall,40,3,3,0,3,0,0,3,0,0,0.0403648898528252,0.0470448660270894,0.0432935303231418,1.0,0.0,0.0,1.0,0.0
mlpt,0.1,0.3,0.1,fall,50,3,3,0,3,0,0,3,0,0,0.0363632064740717,0.0437984599642133,0.0396395703045839,1.0,0.0,0.0,1.0,0.0
mlpt,0.1,0.3,0.1,fall,60,3,3,0,3,0,0,3,0,0,0.0333803136055873,0.0395659227280467,0.035075390432703,1.0,0.0,0.0,1.0,0.0
mlpt,0.1,0.3,0.3,rise,40,3,3,0,3,0,0,3,0,0,0.0359635237830947,0.0382223635610256,0.0375742485640634,1.0,0.0,0.0,1.0,0.0
mlpt,0.1,0.3,0.3,rise,50,3,3,0,3,0,0,3,0,0,0.0370884448162387,0.0467378975263367,0.0416165795664896,1.0,0.0,0.0,1.0,0.0
mlpt,0.1,0.3,0.3,rise,60,3,3,0,3,0,0,3,0,0,0.0373595833989077,0.0550765623174527,0.0455049654995985,1.0,0.0,0.0,1.0,0.0
mlpt,0.1,0.3,0.3,fall,40,3,3,0,3,0,0,3,0,0,0.2186008488894895,0.2233867173203878,0.2216789397026102,1.0,0.0,0.0,1.0,0.0
mlpt,0.1,0.3,0.3,fall,50,3,3,0,3,0,0,3,0,0,0.1877183117130525,0.1913205143627494,0.1899790859985577,1.0,0.0,0.0,1.0,0.0
mlpt,0.1,0.3,0.3,fall,60,3,3,0,3,0,0,3,0,0,0.1600441377147412,0.1625742770300335,0.1606062147304592,1.0,0.0,0.0,1.0,0.0
mlpt,0.1,0.3,1.0,rise,40,3,3,0,3,0,0,3,0,0,0.064028687756761,0.0675281148606269,0.0659815905501971,1.0,0.0,0.0,1.0,0.0
mlpt,0.1,0.3,1.0,rise,50,3,3,0,3,0,0,3,0,0,0.0667279613291412,0.0830350453311382,0.0736504556378257,1.0,0.0,0.0,1.0,0.0
mlpt,0.1,0.3,1.0,rise,60,3,3,0,3,0,0,3,0,0,0.0680086938896217,0.0988083380217239,0.0813604727447016,1.0,0.0,0.0,1.0,0.0
mlpt,0.1,0.3,1.0,fall,40,3,3,0,3,0,0,3,0,0,0.8602323141522312,0.8750895548929569,0.8687339372121505,1.0,0.0,0.0,1.0,0.0
mlpt,0.1,0.3,1.0,fall,50,3,3,0,3,0,0,3,0,0,0.6944708296714903,0.7110580932272548,0.7034739929510234,1.0,0.0,0.0,1.0,0.0
mlpt,0.1,0.3,1.0,fall,60,3,3,0,3,0,0,3,0,0,0.5534889952241766,0.576575383706122,0.5635869765057289,1.0,0.0,0.0,1.0,0.0
mlpt,0.1,0.3,3.0,rise,40,3,3,0,3,0,0,3,0,0,0.0780323398737172,0.0855130603582959,0.0815317638259622,1.0,0.0,0.0,1.0,0.0
mlpt,0.1,0.3,3.0,rise,50,3,3,0,3,0,0,3,0,0,0.0816570486959867,0.1055706610194729,0.0914890510465595,1.0,0.0,0.0,1.0,0.0
mlpt,0.1,0.3,3.0,rise,60,3,3,0,3,0,0,3,0,0,0.08360174081684,0.12625484869406,0.1017239173605731,1.0,0.0,0.0,1.0,0.0
mlpt,0.1,0.3,3.0,fall,40,3,3,0,3,0,0,3,0,0,2.6809924266038125,2.722155005344419,2.702057104163828,1.0,0.0,0.0,1.0,0.0
mlpt,0.1,0.3,3.0,fall,50,3,3,0,3,0,0,3,0,0,2.078363525638573,2.1203550612865807,2.099442146373695,1.0,0.0,0.0,1.0,0.0
mlpt,0.1,0.3,3.0,fall,60,3,3,0,3,0,0,3,0,0,1.5854149783852112,1.632654785509685,1.6069074389337548,1.0,0.0,0.0,1.0,0.0
mlpt,0.1,1.0,0.01,rise,40,3,3,0,0,0,3,0,3,0,-0.0074388478232331,-0.0039497349045088,-0.0059558684384644,0.0,0.0,1.0,0.0,1.0
mlpt,0.1,1.0,0.01,rise,50,3,3,0,0,0,3,0,3,0,-0.0074224714197685,-0.0038094711119891,-0.0054808983578698,0.0,0.0,1.0,0.0,1.0
mlpt,0.1,1.0,0.01,rise,60,3,3,0,0,0,3,0,3,0,-0.0074843844057956,-0.0037075565762622,-0.0050551083845853,0.0,0.0,1.0,0.0,1.0
mlpt,0.1,1.0,0.01,fall,40,3,3,0,0,0,3,3,0,0,0.0002940825495842,0.0069114997520136,0.0019829776063855,0.0,0.0,1.0,1.0,0.0
mlpt,0.1,1.0,0.01,fall,50,3,3,0,0,0,3,3,0,0,0.0002941247685503,0.0069114870467745,0.0019829751626228,0.0,0.0,1.0,1.0,0.0
mlpt,0.1,1.0,0.01,fall,60,3,3,0,0,0,3,3,0,0,0.000294219361576,0.0069115470774205,0.0019829696872908,0.0,0.0,1.0,1.0,0.0
mlpt,0.1,1.0,0.03,rise,40,3,3,0,0,0,3,0,3,0,-0.0063027433387358,-0.0026581819598839,-0.0047476383252947,0.0,0.0,1.0,0.0,1.0
mlpt,0.1,1.0,0.03,rise,50,3,3,0,0,0,3,0,3,0,-0.0062844122469523,-0.0024830629266417,-0.0042464631656161,0.0,0.0,1.0,0.0,1.0
mlpt,0.1,1.0,0.03,rise,60,3,3,0,0,0,3,0,3,0,-0.0063485585451448,-0.0023665132506332,-0.0037969501997102,0.0,0.0,1.0,0.0,1.0
mlpt,0.1,1.0,0.03,fall,40,3,3,0,0,0,3,3,0,0,0.0018830066785857,0.0088411728277146,0.0036680080249853,0.0,0.0,1.0,1.0,0.0
mlpt,0.1,1.0,0.03,fall,50,3,3,0,0,0,3,3,0,0,0.0018829898802164,0.0088411500259786,0.003667960362971,0.0,0.0,1.0,1.0,0.0
mlpt,0.1,1.0,0.03,fall,60,3,3,0,0,0,3,3,0,0,0.0018829541342226,0.0088412576695653,0.0036680334645997,0.0,0.0,1.0,1.0,0.0
mlpt,0.1,1.0,0.1,rise,40,3,3,0,0,0,3,2,1,0,-0.0010457721830962,0.0037814774547494,0.001149816891371,0.0,0.0,1.0,0.6666666666666666,0.3333333333333333
mlpt,0.1,1.0,0.1,rise,50,3,3,0,0,0,3,2,1,0,-0.0009687121918834,0.0048377912255749,0.0020364752576378,0.0,0.0,1.0,0.6666666666666666,0.3333333333333333
mlpt,0.1,1.0,0.1,rise,60,3,3,0,0,0,3,2,1,0,-0.0010365584258347,0.0056544774278765,0.0028551289833963,0.0,0.0,1.0,0.6666666666666666,0.3333333333333333
mlpt,0.1,1.0,0.1,fall,40,3,3,0,3,0,0,3,0,0,0.0191133440657038,0.03075871524709,0.0227420877884467,1.0,0.0,0.0,1.0,0.0
mlpt,0.1,1.0,0.1,fall,50,3,3,0,3,0,0,3,0,0,0.0190877223921122,0.0307316705615081,0.0227171865668831,1.0,0.0,0.0,1.0,0.0
mlpt,0.1,1.0,0.1,fall,60,3,3,0,3,0,0,3,0,0,0.0189643471413103,0.0306017700027372,0.0225976709330044,1.0,0.0,0.0,1.0,0.0
mlpt,0.1,1.0,0.3,rise,40,3,3,0,3,0,0,3,0,0,0.010445146517813,0.017623392259237,0.0138229850742424,1.0,0.0,0.0,1.0,0.0
mlpt,0.1,1.0,0.3,rise,50,3,3,0,3,0,0,3,0,0,0.0109672011602176,0.0216726569717261,0.0161336939288988,1.0,0.0,0.0,1.0,0.0
mlpt,0.1,1.0,0.3,rise,60,3,3,0,3,0,0,3,0,0,0.0111327556672955,0.0254359523477883,0.0184222569792091,1.0,0.0,0.0,1.0,0.0
mlpt,0.1,1.0,0.3,fall,40,3,3,0,3,0,0,3,0,0,0.1630920409424465,0.1881106634459795,0.173427260878642,1.0,0.0,0.0,1.0,0.0
mlpt,0.1,1.0,0.3,fall,50,3,3,0,3,0,0,3,0,0,0.1544663594513631,0.1785572902757417,0.1643754951348732,1.0,0.0,0.0,1.0,0.0
mlpt,0.1,1.0,0.3,fall,60,3,3,0,3,0,0,3,0,0,0.1425002714533998,0.1652116448957628,0.151778099953235,1.0,0.0,0.0,1.0,0.0
mlpt,0.1,1.0,1.0,rise,40,3,3,0,3,0,0,3,0,0,0.0232466235790202,0.0339481864023343,0.0280566442097476,1.0,0.0,0.0,1.0,0.0
mlpt,0.1,1.0,1.0,rise,50,3,3,0,3,0,0,3,0,0,0.0245646818974983,0.04204104038219,0.0323999311850536,1.0,0.0,0.0,1.0,0.0
mlpt,0.1,1.0,1.0,rise,60,3,3,0,3,0,0,3,0,0,0.0252849346713518,0.0501096712057583,0.036911293706706,1.0,0.0,0.0,1.0,0.0
mlpt,0.1,1.0,1.0,fall,40,3,3,0,3,0,0,3,0,0,0.8612401448068634,0.8959613454025992,0.8770974651921803,1.0,0.0,0.0,1.0,0.0
mlpt,0.1,1.0,1.0,fall,50,3,3,0,3,0,0,3,0,0,0.7471666626049145,0.7793349583827893,0.7617024041233575,1.0,0.0,0.0,1.0,0.0
mlpt,0.1,1.0,1.0,fall,60,3,3,0,3,0,0,3,0,0,0.6360842613193576,0.6650711560857019,0.6489793414175273,1.0,0.0,0.0,1.0,0.0
mlpt,0.1,1.0,3.0,rise,40,3,3,0,3,0,0,3,0,0,0.0298509543643257,0.0433617340630421,0.0356938047215782,1.0,0.0,0.0,1.0,0.0
mlpt,0.1,1.0,3.0,rise,50,3,3,0,3,0,0,3,0,0,0.0316781194650606,0.0539321868620339,0.0412692196353059,1.0,0.0,0.0,1.0,0.0
mlpt,0.1,1.0,3.0,rise,60,3,3,0,3,0,0,3,0,0,0.0327987522588207,0.0647565464607494,0.0471833732896278,1.0,0.0,0.0,1.0,0.0
mlpt,0.1,1.0,3.0,fall,40,3,3,0,3,0,0,3,0,0,2.712125240577963,2.7452880874685723,2.727730026362998,1.0,0.0,0.0,1.0,0.0
mlpt,0.1,1.0,3.0,fall,50,3,3,0,3,0,0,3,0,0,2.221939469580885,2.2536222957128764,2.2367696728038258,1.0,0.0,0.0,1.0,0.0
mlpt,0.1,1.0,3.0,fall,60,3,3,0,3,0,0,3,0,0,1.798598867067929,1.828098025185334,1.8122882078385745,1.0,0.0,0.0,1.0,0.0
mlpt,0.1,3.0,0.01,rise,40,3,3,0,0,0,3,0,3,0,-0.0063542283182773,-0.0037242096309039,-0.0052788257721323,0.0,0.0,1.0,0.0,1.0
mlpt,0.1,3.0,0.01,rise,50,3,3,0,0,0,3,0,3,0,-0.0061970384780282,-0.0035474906782408,-0.0047404027999397,0.0,0.0,1.0,0.0,1.0
mlpt,0.1,3.0,0.01,rise,60,3,3,0,0,0,3,0,3,0,-0.0060997371925427,-0.0033529853680195,-0.0042377774282003,0.0,0.0,1.0,0.0,1.0
mlpt,0.1,3.0,0.01,fall,40,3,3,0,1,0,2,3,0,0,0.0031122331750057,0.0147158685513861,0.0062713951891764,0.3333333333333333,0.0,0.6666666666666666,1.0,0.0
mlpt,0.1,3.0,0.01,fall,50,3,3,0,1,0,2,3,0,0,0.0031122118771937,0.0147158277610173,0.0062713436881387,0.3333333333333333,0.0,0.6666666666666666,1.0,0.0
mlpt,0.1,3.0,0.01,fall,60,3,3,0,1,0,2,3,0,0,0.003112210555733,0.014715831107563,0.0062713404926681,0.3333333333333333,0.0,0.6666666666666666,1.0,0.0
mlpt,0.1,3.0,0.03,rise,40,3,3,0,0,0,3,0,3,0,-0.0059451818766426,-0.0032704093620452,-0.0048518506294271,0.0,0.0,1.0,0.0,1.0
mlpt,0.1,3.0,0.03,rise,50,3,3,0,0,0,3,0,3,0,-0.0057847889439645,-0.003086284640433,-0.0043033938726917,0.0,0.0,1.0,0.0,1.0
mlpt,0.1,3.0,0.03,rise,60,3,3,0,0,0,3,0,3,0,-0.0056854857027068,-0.0028871226065538,-0.0037912916265386,0.0,0.0,1.0,0.0,1.0
mlpt,0.1,3.0,0.03,fall,40,3,3,0,1,0,2,3,0,0,0.0037122130995768,0.01552161100384,0.0069342649842529,0.3333333333333333,0.0,0.6666666666666666,1.0,0.0
mlpt,0.1,3.0,0.03,fall,50,3,3,0,1,0,2,3,0,0,0.0037122065518455,0.0155215643241777,0.0069342774583955,0.3333333333333333,0.0,0.6666666666666666,1.0,0.0
mlpt,0.1,3.0,0.03,fall,60,3,3,0,1,0,2,3,0,0,0.0037122099410367,0.0155215581819923,0.0069342782323751,0.3333333333333333,0.0,0.6666666666666666,1.0,0.0
mlpt,0.1,3.0,0.1,rise,40,3,3,0,0,0,3,0,3,0,-0.0039390156043987,-0.0006964184371617,-0.0025734791145212,0.0,0.0,1.0,0.0,1.0
mlpt,0.1,3.0,0.1,rise,50,3,3,0,0,0,3,0,3,0,-0.0037418047079227,-0.0002060680399161,-0.0018613913981504,0.0,0.0,1.0,0.0,1.0
mlpt,0.1,3.0,0.1,rise,60,3,3,0,0,0,3,1,2,0,-0.0036253467329293,0.0002292499567738,-0.0011865742436887,0.0,0.0,1.0,0.3333333333333333,0.6666666666666666
mlpt,0.1,3.0,0.1,fall,40,3,3,0,3,0,0,3,0,0,0.0121814756367988,0.0293067201441821,0.0173620486871666,1.0,0.0,0.0,1.0,0.0
mlpt,0.1,3.0,0.1,fall,50,3,3,0,3,0,0,3,0,0,0.0121814411871601,0.0293067142240959,0.0173619925496346,1.0,0.0,0.0,1.0,0.0
mlpt,0.1,3.0,0.1,fall,60,3,3,0,3,0,0,3,0,0,0.0121814366666641,0.0293067068721297,0.017361997233134,1.0,0.0,0.0,1.0,0.0
mlpt,0.1,3.0,0.3,rise,40,3,3,0,0,0,3,3,0,0,0.0007087018153336,0.005640648263871,0.0028464133238441,0.0,0.0,1.0,1.0,0.0
mlpt,0.1,3.0,0.3,rise,50,3,3,0,0,0,3,3,0,0,0.0011163432924796,0.0074900668892485,0.0042280993765956,0.0,0.0,1.0,1.0,0.0
mlpt,0.1,3.0,0.3,rise,60,3,3,0,0,0,3,3,0,0,0.0013681740488967,0.0092733908489301,0.0056190835747585,0.0,0.0,1.0,1.0,0.0
mlpt,0.1,3.0,0.3,fall,40,3,3,0,3,0,0,3,0,0,0.1096365008660433,0.150378026949324,0.1262499523046738,1.0,0.0,0.0,1.0,0.0
mlpt,0.1,3.0,0.3,fall,50,3,3,0,3,0,0,3,0,0,0.1095220388803905,0.1502369189140937,0.1261227476331763,1.0,0.0,0.0,1.0,0.0
mlpt,0.1,3.0,0.3,fall,60,3,3,0,3,0,0,3,0,0,0.1089710701724846,0.1495571861511657,0.1255102989302847,1.0,0.0,0.0,1.0,0.0
mlpt,0.1,3.0,1.0,rise,40,3,3,0,1,0,2,3,0,0,0.0060941477581165,0.0133742317987692,0.0091486435301528,0.3333333333333333,0.0,0.6666666666666666,1.0,0.0
mlpt,0.1,3.0,1.0,rise,50,3,3,0,2,0,1,3,0,0,0.0068810988301246,0.0171907846745915,0.0115050708574232,0.6666666666666666,0.0,0.3333333333333333,1.0,0.0
mlpt,0.1,3.0,1.0,rise,60,3,3,0,2,0,1,3,0,0,0.0074239684458159,0.0211212838283355,0.0139953196962988,0.6666666666666666,0.0,0.3333333333333333,1.0,0.0
mlpt,0.1,3.0,1.0,fall,40,3,3,0,3,0,0,3,0,0,0.8114959837705036,0.8867083906454565,0.8471306781137056,1.0,0.0,0.0,1.0,0.0
mlpt,0.1,3.0,1.0,fall,50,3,3,0,3,0,0,3,0,0,0.7675991935419346,0.8413312561648052,0.8024591661761815,1.0,0.0,0.0,1.0,0.0
mlpt,0.1,3.0,1.0,fall,60,3,3,0,3,0,0,3,0,0,0.7089044459891527,0.7804524097360512,0.7426233526268158,1.0,0.0,0.0,1.0,0.0
mlpt,0.1,3.0,3.0,rise,40,3,3,0,2,0,1,3,0,0,0.0088393149896195,0.0176359084503527,0.0124653607376512,0.6666666666666666,0.0,0.3333333333333333,1.0,0.0
mlpt,0.1,3.0,3.0,rise,50,3,3,0,2,0,1,3,0,0,0.009858758114066,0.0226072088203137,0.0153889068083871,0.6666666666666666,0.0,0.3333333333333333,1.0,0.0
mlpt,0.1,3.0,3.0,rise,60,3,3,0,3,0,0,3,0,0,0.0105951002276841,0.0278521782020165,0.0185399250277691,1.0,0.0,0.0,1.0,0.0
mlpt,0.1,3.0,3.0,fall,40,3,3,0,3,0,0,3,0,0,2.93780063242219,3.028873503182498,2.98261298351808,1.0,0.0,0.0,1.0,0.0
mlpt,0.1,3.0,3.0,fall,50,3,3,0,3,0,0,3,0,0,2.579513396981296,2.668620253100201,2.623292800480708,1.0,0.0,0.0,1.0,0.0
mlpt,0.1,3.0,3.0,fall,60,3,3,0,3,0,0,3,0,0,2.226069081948624,2.3126577087410807,2.268526736616096,1.0,0.0,0.0,1.0,0.0
mlpt,0.3,0.01,0.01,rise,40,3,3,0,0,3,0,0,3,0,-0.0201785240023469,-0.0170156232404712,-0.0192159261287064,0.0,1.0,0.0,0.0,1.0
mlpt,0.3,0.01,0.01,rise,50,3,3,0,0,2,1,0,3,0,-0.0191223478294589,-0.0096583040495381,-0.0146075502758167,0.0,0.6666666666666666,0.3333333333333333,0.0,1.0
mlpt,0.3,0.01,0.01,rise,60,3,3,0,0,2,1,0,3,0,-0.0196018860147036,-0.0004846103698276,-0.0127000605871375,0.0,0.6666666666666666,0.3333333333333333,0.0,1.0
mlpt,0.3,0.01,0.01,fall,40,3,3,0,1,0,2,3,0,0,0.0078834084105656,0.0150491743752398,0.0079352991406064,0.3333333333333333,0.0,0.6666666666666666,1.0,0.0
mlpt,0.3,0.01,0.01,fall,50,3,3,0,0,0,3,3,0,0,0.0054752525029508,0.0075830580684164,0.0066768246973225,0.0,0.0,1.0,1.0,0.0
mlpt,0.3,0.01,0.01,fall,60,3,3,0,0,0,3,2,1,0,-0.0024881561800966,0.0077523518588207,0.003567665167392,0.0,0.0,1.0,0.6666666666666666,0.3333333333333333
mlpt,0.3,0.01,0.03,rise,40,3,3,0,0,0,3,0,3,0,-0.008509872112324,-0.004427322633937,-0.0068470318580502,0.0,0.0,1.0,0.0,1.0
mlpt,0.3,0.01,0.03,rise,50,3,3,0,0,0,3,1,2,0,-0.0066680938592642,0.0040270303885533,-0.0012634533711321,0.0,0.0,1.0,0.3333333333333333,0.6666666666666666
mlpt,0.3,0.01,0.03,rise,60,3,3,0,1,0,2,2,1,0,-0.0072251235459462,0.0149867377416879,0.001238165179463,0.3333333333333333,0.0,0.6666666666666666,0.6666666666666666,0.3333333333333333
mlpt,0.3,0.01,0.03,fall,40,3,3,0,3,0,0,3,0,0,0.0281285600799453,0.0362303559897176,0.0288035584210158,1.0,0.0,0.0,1.0,0.0
mlpt,0.3,0.01,0.03,fall,50,3,3,0,3,0,0,3,0,0,0.0249390757474046,0.0284436246145279,0.0264158554099218,1.0,0.0,0.0,1.0,0.0
mlpt,0.3,0.01,0.03,fall,60,3,3,0,3,0,0,3,0,0,0.0156295790028322,0.0287852252504757,0.0224302335404568,1.0,0.0,0.0,1.0,0.0
mlpt,0.3,0.01,0.1,rise,40,3,3,0,3,0,0,3,0,0,0.0210447892835132,0.0289255958009105,0.0283608064148206,1.0,0.0,0.0,1.0,0.0
mlpt,0.3,0.01,0.1,rise,50,3,3,0,3,0,0,3,0,0,0.0295486313465733,0.0381549470522734,0.0350660447932695,1.0,0.0,0.0,1.0,0.0
mlpt,0.3,0.01,0.1,rise,60,3,3,0,3,0,0,3,0,0,0.0293258295389292,0.0531323281495091,0.040200463547317,1.0,0.0,0.0,1.0,0.0
mlpt,0.3,0.01,0.1,fall,40,3,3,0,3,0,0,3,0,0,0.1050293184318915,0.1130092113811099,0.1067624140128673,1.0,0.0,0.0,1.0,0.0
mlpt,0.3,0.01,0.1,fall,50,3,3,0,3,0,0,3,0,0,0.0919438667682639,0.1114102165642613,0.0966456737841711,1.0,0.0,0.0,1.0,0.0
mlpt,0.3,0.01,0.1,fall,60,3,3,0,3,0,0,3,0,0,0.076875126696887,0.111382895803523,0.090059110837426,1.0,0.0,0.0,1.0,0.0
mlpt,0.3,0.01,0.3,rise,40,3,3,0,3,0,0,3,0,0,0.0658324994089543,0.0785149548167269,0.0761316465697743,1.0,0.0,0.0,1.0,0.0
mlpt,0.3,0.01,0.3,rise,50,3,3,0,3,0,0,3,0,0,0.0821582660478922,0.0885337800774785,0.087369528487018,1.0,0.0,0.0,1.0,0.0
mlpt,0.3,0.01,0.3,rise,60,3,3,0,3,0,0,3,0,0,0.0833694273070508,0.1088926940504793,0.097470405473687,1.0,0.0,0.0,1.0,0.0
mlpt,0.3,0.01,0.3,fall,40,3,3,0,3,0,0,3,0,0,0.3027138571066758,0.3373666647309291,0.3124091227751285,1.0,0.0,0.0,1.0,0.0
mlpt,0.3,0.01,0.3,fall,50,3,3,0,3,0,0,3,0,0,0.2534617472267511,0.3136726905590921,0.2773599433860937,1.0,0.0,0.0,1.0,0.0
mlpt,0.3,0.01,0.3,fall,60,3,3,0,3,0,0,3,0,0,0.2163184095501324,0.2968253152908355,0.2508693261871979,1.0,0.0,0.0,1.0,0.0
mlpt,0.3,0.01,1.0,rise,40,3,3,0,3,0,0,3,0,0,0.1166170673180463,0.1313226920479403,0.1251386481340322,1.0,0.0,0.0,1.0,0.0
mlpt,0.3,0.01,1.0,rise,50,3,3,0,3,0,0,3,0,0,0.1385553262349494,0.145349639085089,0.1423749931794544,1.0,0.0,0.0,1.0,0.0
mlpt,0.3,0.01,1.0,rise,60,3,3,0,3,0,0,3,0,0,0.1425915705093993,0.1731964873703591,0.1586912036905734,1.0,0.0,0.0,1.0,0.0
mlpt,0.3,0.01,1.0,fall,40,3,3,0,3,0,0,3,0,0,0.9983357080220714,1.0506562174851433,1.0167619566298445,1.0,0.0,0.0,1.0,0.0
mlpt,0.3,0.01,1.0,fall,50,3,3,0,3,0,0,3,0,0,0.7928830739131207,0.8756356329608526,0.8261751662657896,1.0,0.0,0.0,1.0,0.0
mlpt,0.3,0.01,1.0,fall,60,3,3,0,3,0,0,3,0,0,0.628177577935148,0.7413117331997591,0.676314993009181,1.0,0.0,0.0,1.0,0.0
mlpt,0.3,0.01,3.0,rise,40,3,3,0,3,0,0,3,0,0,0.1476004672558473,0.161734483282776,0.1541288486447163,1.0,0.0,0.0,1.0,0.0
mlpt,0.3,0.01,3.0,rise,50,3,3,0,3,0,0,3,0,0,0.1714667201165016,0.1809623159345114,0.1754251628178812,1.0,0.0,0.0,1.0,0.0
mlpt,0.3,0.01,3.0,rise,60,3,3,0,3,0,0,3,0,0,0.1777569416445831,0.2154785683495584,0.1962079669029561,1.0,0.0,0.0,1.0,0.0
mlpt,0.3,0.01,3.0,fall,40,3,3,0,3,0,0,3,0,0,2.871314907557112,2.9703494105899297,2.919696324327405,1.0,0.0,0.0,1.0,0.0
mlpt,0.3,0.01,3.0,fall,50,3,3,0,3,0,0,3,0,0,2.2195752369759,2.349041658791536,2.2828224013126626,1.0,0.0,0.0,1.0,0.0
mlpt,0.3,0.01,3.0,fall,60,3,3,0,3,0,0,3,0,0,1.6902265416278492,1.850074616922444,1.7683191386581745,1.0,0.0,0.0,1.0,0.0
mlpt,0.3,0.03,0.01,rise,40,3,3,0,0,3,0,0,3,0,-0.030013689313949,-0.027769257348358,-0.0298937598404852,0.0,1.0,0.0,0.0,1.0
mlpt,0.3,0.03,0.01,rise,50,3,3,0,0,3,0,0,3,0,-0.0299595153978896,-0.0200047814579542,-0.0255577856838306,0.0,1.0,0.0,0.0,1.0
mlpt,0.3,0.03,0.01,rise,60,3,3,0,0,3,0,0,3,0,-0.0304318786299614,-0.011452092936357,-0.0238118230198183,0.0,1.0,0.0,0.0,1.0
mlpt,0.3,0.03,0.01,fall,40,3,3,0,0,0,3,1,2,0,-0.0063175072218953,0.0028276941506131,-0.0050438545069311,0.0,0.0,1.0,0.3333333333333333,0.6666666666666666
mlpt,0.3,0.03,0.01,fall,50,3,3,0,0,0,3,0,3,0,-0.0072594662525394,-0.0047188415325043,-0.0068744085266286,0.0,0.0,1.0,0.0,1.0
mlpt,0.3,0.03,0.01,fall,60,3,3,0,0,1,2,0,3,0,-0.0131479846845525,-0.0070097600996394,-0.0090065468140484,0.0,0.3333333333333333,0.6666666666666666,0.0,1.0
mlpt,0.3,0.03,0.03,rise,40,3,3,0,0,3,0,0,3,0,-0.018278890559548,-0.0153615024620339,-0.017856464030087,0.0,1.0,0.0,0.0,1.0
mlpt,0.3,0.03,0.03,rise,50,3,3,0,0,2,1,0,3,0,-0.0177207000513648,-0.0063996360639333,-0.0124054281975162,0.0,0.6666666666666666,0.3333333333333333,0.0,1.0
mlpt,0.3,0.03,0.03,rise,60,3,3,0,0,2,1,1,2,0,-0.0182728980003251,0.0038867452669632,-0.010072747125001,0.0,0.6666666666666666,0.3333333333333333,0.3333333333333333,0.6666666666666666
mlpt,0.3,0.03,0.03,fall,40,3,3,0,3,0,0,3,0,0,0.0141810993089926,0.0237744442174794,0.0149364919534505,1.0,0.0,0.0,1.0,0.0
mlpt,0.3,0.03,0.03,fall,50,3,3,0,3,0,0,3,0,0,0.0119432480534719,0.0148837025688801,0.0136007014081199,1.0,0.0,0.0,1.0,0.0
mlpt,0.3,0.03,0.03,fall,60,3,3,0,1,0,2,3,0,0,0.0049001074620957,0.0136161809407527,0.0095994409439652,0.3333333333333333,0.0,0.6666666666666666,1.0,0.0
mlpt,0.3,0.03,0.1,rise,40,3,3,0,3,0,0,3,0,0,0.011087616906414,0.0175523382669389,0.0168218796789435,1.0,0.0,0.0,1.0,0.0
mlpt,0.3,0.03,0.1,rise,50,3,3,0,3,0,0,3,0,0,0.0179566084287036,0.027447645333642,0.0234480342119251,1.0,0.0,0.0,1.0,0.0
mlpt,0.3,0.03,0.1,rise,60,3,3,0,3,0,0,3,0,0,0.0177359680765289,0.041637336503049,0.0283870685410785,1.0,0.0,0.0,1.0,0.0
mlpt,0.3,0.03,0.1,fall,40,3,3,0,3,0,0,3,0,0,0.0911848213378315,0.0974712259482006,0.0936249524372399,1.0,0.0,0.0,1.0,0.0
mlpt,0.3,0.03,0.1,fall,50,3,3,0,3,0,0,3,0,0,0.0798800423653851,0.0955964428906646,0.0830307955018897,1.0,0.0,0.0,1.0,0.0
mlpt,0.3,0.03,0.1,fall,60,3,3,0,3,0,0,3,0,0,0.0657864348156802,0.0951763001570551,0.0766097250956654,1.0,0.0,0.0,1.0,0.0
mlpt,0.3,0.03,0.3,rise,40,3,3,0,3,0,0,3,0,0,0.0553551079678507,0.066371844919492,0.0641830942673651,1.0,0.0,0.0,1.0,0.0
mlpt,0.3,0.03,0.3,rise,50,3,3,0,3,0,0,3,0,0,0.0699564703716923,0.0771727590992936,0.0751341976881053,1.0,0.0,0.0,1.0,0.0
mlpt,0.3,0.03,0.3,rise,60,3,3,0,3,0,0,3,0,0,0.0711759042499643,0.0966430923505582,0.0850059524657658,1.0,0.0,0.0,1.0,0.0
mlpt,0.3,0.03,0.3,fall,40,3,3,0,3,0,0,3,0,0,0.2886704122656349,0.3207830077899578,0.2975198373583247,1.0,0.0,0.0,1.0,0.0
mlpt,0.3,0.03,0.3,fall,50,3,3,0,3,0,0,3,0,0,0.2405487946450639,0.2968438717316977,0.2627760759626402,1.0,0.0,0.0,1.0,0.0
mlpt,0.3,0.03,0.3,fall,60,3,3,0,3,0,0,3,0,0,0.2043781863035345,0.2795969510195637,0.2365467115565902,1.0,0.0,0.0,1.0,0.0
mlpt,0.3,0.03,1.0,rise,40,3,3,0,3,0,0,3,0,0,0.1055209291057598,0.1187585204586726,0.1126570524775326,1.0,0.0,0.0,1.0,0.0
mlpt,0.3,0.03,1.0,rise,50,3,3,0,3,0,0,3,0,0,0.1259396961990672,0.1333109427410388,0.1295738007546358,1.0,0.0,0.0,1.0,0.0
mlpt,0.3,0.03,1.0,rise,60,3,3,0,3,0,0,3,0,0,0.1299997921853442,0.160239903175514,0.1456340227658207,1.0,0.0,0.0,1.0,0.0
mlpt,0.3,0.03,1.0,fall,40,3,3,0,3,0,0,3,0,0,0.9830952308624248,1.0331195254749967,1.0008744272213197,1.0,0.0,0.0,1.0,0.0
mlpt,0.3,0.03,1.0,fall,50,3,3,0,3,0,0,3,0,0,0.7787913156715489,0.8578753491690267,0.8106370044771826,1.0,0.0,0.0,1.0,0.0
mlpt,0.3,0.03,1.0,fall,60,3,3,0,3,0,0,3,0,0,0.6151304281169176,0.7231865941508567,0.6610585205979485,1.0,0.0,0.0,1.0,0.0
mlpt,0.3,0.03,3.0,rise,40,3,3,0,3,0,0,3,0,0,0.1362044920166937,0.1489044159470162,0.1413843544944329,1.0,0.0,0.0,1.0,0.0
mlpt,0.3,0.03,3.0,rise,50,3,3,0,3,0,0,3,0,0,0.1585764962260345,0.1686130837691565,0.1623455031807821,1.0,0.0,0.0,1.0,0.0
mlpt,0.3,0.03,3.0,rise,60,3,3,0,3,0,0,3,0,0,0.1648847292145725,0.2022003831410924,0.1828586109019312,1.0,0.0,0.0,1.0,0.0
mlpt,0.3,0.03,3.0,fall,40,3,3,0,3,0,0,3,0,0,2.855654075453941,2.952382253912833,2.9033287762433715,1.0,0.0,0.0,1.0,0.0
mlpt,0.3,0.03,3.0,fall,50,3,3,0,3,0,0,3,0,0,2.20506297370191,2.330850992103996,2.266804295499296,1.0,0.0,0.0,1.0,0.0
mlpt,0.3,0.03,3.0,fall,60,3,3,0,3,0,0,3,0,0,1.6767589507665652,1.8315191861071785,1.752582797566615,1.0,0.0,0.0,1.0,0.0
mlpt,0.3,0.1,0.01,rise,40,3,3,0,0,3,0,0,3,0,-0.0435548157090499,-0.039429473736729,-0.0402592364682828,0.0,1.0,0.0,0.0,1.0
mlpt,0.3,0.1,0.01,rise,50,3,3,0,0,3,0,0,3,0,-0.0435602022264017,-0.0299748004511815,-0.0378692369999841,0.0,1.0,0.0,0.0,1.0
mlpt,0.3,0.1,0.01,rise,60,3,3,0,0,3,0,0,3,0,-0.0441446039877322,-0.0222315953592129,-0.035932488565647,0.0,1.0,0.0,0.0,1.0
mlpt,0.3,0.1,0.01,fall,40,3,3,0,0,2,1,0,3,0,-0.0170005194273334,-0.00182126349817,-0.0128314140720084,0.0,0.6666666666666666,0.3333333333333333,0.0,1.0
mlpt,0.3,0.1,0.01,fall,50,3,3,0,0,2,1,0,3,0,-0.0181837403588964,-0.0071252050335628,-0.0159847258077403,0.0,0.6666666666666666,0.3333333333333333,0.0,1.0
mlpt,0.3,0.1,0.01,fall,60,3,3,0,0,3,0,0,3,0,-0.0189284481595515,-0.0141485324510601,-0.0183483927109461,0.0,1.0,0.0,0.0,1.0
mlpt,0.3,0.1,0.03,rise,40,3,3,0,0,3,0,0,3,0,-0.0339938678299511,-0.028517951950279,-0.0299231291510549,0.0,1.0,0.0,0.0,1.0
mlpt,0.3,0.1,0.03,rise,50,3,3,0,0,3,0,0,3,0,-0.0339888913626639,-0.0174220068214907,-0.0269784327669734,0.0,1.0,0.0,0.0,1.0
mlpt,0.3,0.1,0.03,rise,60,3,3,0,0,2,1,0,3,0,-0.0346888992254389,-0.0085247663080867,-0.0245970377235468,0.0,0.6666666666666666,0.3333333333333333,0.0,1.0
mlpt,0.3,0.1,0.03,fall,40,3,3,0,1,0,2,2,1,0,-0.0014998477006376,0.0157283088170891,0.0036668118209164,0.3333333333333333,0.0,0.6666666666666666,0.6666666666666666,0.3333333333333333
mlpt,0.3,0.1,0.03,fall,50,3,3,0,1,0,2,1,2,0,-0.0029367701859333,0.0101399096806282,-0.0001379066199369,0.3333333333333333,0.0,0.6666666666666666,0.3333333333333333,0.6666666666666666
mlpt,0.3,0.1,0.03,fall,60,3,3,0,0,0,3,1,2,0,-0.0038288855044307,0.0025686463837812,-0.0030562447363704,0.0,0.0,1.0,0.3333333333333333,0.6666666666666666
mlpt,0.3,0.1,0.1,rise,40,3,3,0,0,0,3,0,3,0,-0.005801063927326,-0.0007310452686945,-0.0017694782249743,0.0,0.0,1.0,0.0,1.0
mlpt,0.3,0.1,0.1,rise,50,3,3,0,1,0,2,2,1,0,-0.0050715986574828,0.0140181740333907,0.0035790789646752,0.3333333333333333,0.0,0.6666666666666666,0.6666666666666666,0.3333333333333333
mlpt,0.3,0.1,0.1,rise,60,3,3,0,1,0,2,2,1,0,-0.0055775799358578,0.0259318970235897,0.0081157442677634,0.3333333333333333,0.0,0.6666666666666666,0.6666666666666666,0.3333333333333333
mlpt,0.3,0.1,0.1,fall,40,3,3,0,3,0,0,3,0,0,0.0682772610503805,0.0788660676143899,0.0711597570054949,1.0,0.0,0.0,1.0,0.0
mlpt,0.3,0.1,0.1,fall,50,3,3,0,3,0,0,3,0,0,0.0630167054045234,0.0690285721736452,0.0644736115919573,1.0,0.0,0.0,1.0,0.0
mlpt,0.3,0.1,0.1,fall,60,3,3,0,3,0,0,3,0,0,0.0561225084883982,0.0620736498867967,0.0584772578182359,1.0,0.0,0.0,1.0,0.0
mlpt,0.3,0.1,0.3,rise,40,3,3,0,3,0,0,3,0,0,0.0364452190897209,0.0388967132632289,0.0387262028105612,1.0,0.0,0.0,1.0,0.0
mlpt,0.3,0.1,0.3,rise,50,3,3,0,3,0,0,3,0,0,0.039360880232364,0.0580984543315661,0.0485292124562479,1.0,0.0,0.0,1.0,0.0
mlpt,0.3,0.1,0.3,rise,60,3,3,0,3,0,0,3,0,0,0.0402126259457747,0.0745612833593045,0.0574640357401812,1.0,0.0,0.0,1.0,0.0
mlpt,0.3,0.1,0.3,fall,40,3,3,0,3,0,0,3,0,0,0.2663404163572964,0.2762228389391832,0.2691533612128829,1.0,0.0,0.0,1.0,0.0
mlpt,0.3,0.1,0.3,fall,50,3,3,0,3,0,0,3,0,0,0.2251920483520935,0.2503473108713102,0.231636940616839,1.0,0.0,0.0,1.0,0.0
mlpt,0.3,0.1,0.3,fall,60,3,3,0,3,0,0,3,0,0,0.1907355026803296,0.2307484153658887,0.2056861336361723,1.0,0.0,0.0,1.0,0.0
mlpt,0.3,0.1,1.0,rise,40,3,3,0,3,0,0,3,0,0,0.081086840848125,0.0835071981684242,0.0825058143983667,1.0,0.0,0.0,1.0,0.0
mlpt,0.3,0.1,1.0,rise,50,3,3,0,3,0,0,3,0,0,0.0899689001826735,0.1070478340756591,0.0963295781467712,1.0,0.0,0.0,1.0,0.0
mlpt,0.3,0.1,1.0,rise,60,3,3,0,3,0,0,3,0,0,0.093742601484994,0.1305319680712647,0.1109833697614733,1.0,0.0,0.0,1.0,0.0
mlpt,0.3,0.1,1.0,fall,40,3,3,0,3,0,0,3,0,0,0.9436968192482628,0.9716900398395734,0.9524968121249916,1.0,0.0,0.0,1.0,0.0
mlpt,0.3,0.1,1.0,fall,50,3,3,0,3,0,0,3,0,0,0.7467634196852193,0.7964961490048736,0.7656086452913278,1.0,0.0,0.0,1.0,0.0
mlpt,0.3,0.1,1.0,fall,60,3,3,0,3,0,0,3,0,0,0.5888082348247614,0.6610154941133298,0.6185345369025457,1.0,0.0,0.0,1.0,0.0
mlpt,0.3,0.1,3.0,rise,40,3,3,0,3,0,0,3,0,0,0.1064886862838153,0.1101416483335554,0.109487699966876,1.0,0.0,0.0,1.0,0.0
mlpt,0.3,0.1,3.0,rise,50,3,3,0,3,0,0,3,0,0,0.1189286244592252,0.1383548439139855,0.1254827871052802,1.0,0.0,0.0,1.0,0.0
mlpt,0.3,0.1,3.0,rise,60,3,3,0,3,0,0,3,0,0,0.1248357927936294,0.1681185460159721,0.144317296688515,1.0,0.0,0.0,1.0,0.0
mlpt,0.3,0.1,3.0,fall,40,3,3,0,3,0,0,3,0,0,2.8080499010473874,2.881483092574065,2.8449384631249988,1.0,0.0,0.0,1.0,0.0
mlpt,0.3,0.1,3.0,fall,50,3,3,0,3,0,0,3,0,0,2.1648532876657187,2.2600322354698856,2.2117893077856743,1.0,0.0,0.0,1.0,0.0
mlpt,0.3,0.1,3.0,fall,60,3,3,0,3,0,0,3,0,0,1.64236966348453,1.7600532406056129,1.7001974506196067,1.0,0.0,0.0,1.0,0.0
mlpt,0.3,0.3,0.01,rise,40,3,3,0,0,3,0,0,3,0,-0.0486946108823245,-0.0344749448507756,-0.041192138212964,0.0,1.0,0.0,0.0,1.0
mlpt,0.3,0.3,0.01,rise,50,3,3,0,0,3,0,0,3,0,-0.0487962435665694,-0.0253249069082269,-0.0379971739428361,0.0,1.0,0.0,0.0,1.0
mlpt,0.3,0.3,0.01,rise,60,3,3,0,0,3,0,0,3,0,-0.0495801295293263,-0.0194641919084075,-0.0352592871026524,0.0,1.0,0.0,0.0,1.0
mlpt,0.3,0.3,0.01,fall,40,3,3,0,1,0,2,3,0,0,0.0005839997780783,0.0142632609340975,0.0056520425090678,0.3333333333333333,0.0,0.6666666666666666,1.0,0.0
mlpt,0.3,0.3,0.01,fall,50,3,3,0,1,0,2,2,1,0,-0.0025264300358396,0.0143092049477329,0.0053154458220525,0.3333333333333333,0.0,0.6666666666666666,0.6666666666666666,0.3333333333333333
mlpt,0.3,0.3,0.01,fall,60,3,3,0,1,0,2,2,1,0,-0.0063670125981096,0.0149275539692992,0.0022503907869784,0.3333333333333333,0.0,0.6666666666666666,0.6666666666666666,0.3333333333333333
mlpt,0.3,0.3,0.03,rise,40,3,3,0,0,3,0,0,3,0,-0.043333006494774,-0.0269882319517618,-0.0348661660611012,0.0,1.0,0.0,0.0,1.0
mlpt,0.3,0.3,0.03,rise,50,3,3,0,0,3,0,0,3,0,-0.0434640553806612,-0.0174089987685318,-0.0314096222463869,0.0,1.0,0.0,0.0,1.0
mlpt,0.3,0.3,0.03,rise,60,3,3,0,0,3,0,0,3,0,-0.0443292530847423,-0.0114896955699327,-0.0284606390572654,0.0,1.0,0.0,0.0,1.0
mlpt,0.3,0.3,0.03,fall,40,3,3,0,2,0,1,3,0,0,0.0084045783387516,0.0231111959262571,0.0136883923145396,0.6666666666666666,0.0,0.3333333333333333,1.0,0.0
mlpt,0.3,0.3,0.03,fall,50,3,3,0,2,0,1,3,0,0,0.005441117482871,0.0234309943456605,0.0136208334112331,0.6666666666666666,0.0,0.3333333333333333,1.0,0.0
mlpt,0.3,0.3,0.03,fall,60,3,3,0,2,0,1,3,0,0,0.0015629696250893,0.0243926985461424,0.0108280338666135,0.6666666666666666,0.0,0.3333333333333333,1.0,0.0
mlpt,0.3,0.3,0.1,rise,40,3,3,0,0,2,1,0,3,0,-0.0262008558618067,-0.0062661464007436,-0.0160642756767001,0.0,0.6666666666666666,0.3333333333333333,0.0,1.0
mlpt,0.3,0.3,0.1,rise,50,3,3,0,0,2,1,1,2,0,-0.0259785609641772,0.0051779710503518,-0.011121144446362,0.0,0.6666666666666666,0.3333333333333333,0.3333333333333333,0.6666666666666666
mlpt,0.3,0.3,0.1,rise,60,3,3,0,1,1,1,1,2,0,-0.0267574982117524,0.012665866069564,-0.0068217573055896,0.3333333333333333,0.3333333333333333,0.3333333333333333,0.3333333333333333,0.6666666666666666
mlpt,0.3,0.3,0.1,fall,40,3,3,0,3,0,0,3,0,0,0.0543561107694354,0.074765183034269,0.0619312846240709,1.0,0.0,0.0,1.0,0.0
mlpt,0.3,0.3,0.1,fall,50,3,3,0,3,0,0,3,0,0,0.049369698093806,0.0719640982493909,0.0584533928984116,1.0,0.0,0.0,1.0,0.0
mlpt,0.3,0.3,0.1,fall,60,3,3,0,3,0,0,3,0,0,0.0435858407626672,0.0683459368603438,0.0533698458852112,1.0,0.0,0.0,1.0,0.0
mlpt,0.3,0.3,0.3,rise,40,3,3,0,2,0,1,3,0,0,0.0036717803467695,0.0236386618562916,0.0126683584807458,0.6666666666666666,0.0,0.3333333333333333,1.0,0.0
mlpt,0.3,0.3,0.3,rise,50,3,3,0,2,0,1,3,0,0,0.005664498347488,0.0383254708505676,0.0208899965908041,0.6666666666666666,0.0,0.3333333333333333,1.0,0.0
mlpt,0.3,0.3,0.3,rise,60,3,3,0,2,0,1,3,0,0,0.0061979366610087,0.0497100252433425,0.0284959418305628,0.6666666666666666,0.0,0.3333333333333333,1.0,0.0
mlpt,0.3,0.3,0.3,fall,40,3,3,0,3,0,0,3,0,0,0.2425467769728888,0.2650831654570138,0.2516201271118279,1.0,0.0,0.0,1.0,0.0
mlpt,0.3,0.3,0.3,fall,50,3,3,0,3,0,0,3,0,0,0.2118297503843411,0.2334839173079415,0.2196905306170267,1.0,0.0,0.0,1.0,0.0
mlpt,0.3,0.3,0.3,fall,60,3,3,0,3,0,0,3,0,0,0.1865653048725568,0.2033205961118098,0.190234482041155,1.0,0.0,0.0,1.0,0.0
mlpt,0.3,0.3,1.0,rise,40,3,3,0,3,0,0,3,0,0,0.03791365033617,0.0551557273758851,0.0429325707114299,1.0,0.0,0.0,1.0,0.0
mlpt,0.3,0.3,1.0,rise,50,3,3,0,3,0,0,3,0,0,0.0428197734967826,0.0742465934420208,0.0553560501426354,1.0,0.0,0.0,1.0,0.0
mlpt,0.3,0.3,1.0,rise,60,3,3,0,3,0,0,3,0,0,0.0459136344078139,0.0918845834278819,0.0675096669608243,1.0,0.0,0.0,1.0,0.0
mlpt,0.3,0.3,1.0,fall,40,3,3,0,3,0,0,3,0,0,0.9082985155855968,0.911191904308803,0.910892377788368,1.0,0.0,0.0,1.0,0.0
mlpt,0.3,0.3,1.0,fall,50,3,3,0,3,0,0,3,0,0,0.7448896575380215,0.7460193348246447,0.7454353890861276,1.0,0.0,0.0,1.0,0.0
mlpt,0.3,0.3,1.0,fall,60,3,3,0,3,0,0,3,0,0,0.6049081596879569,0.6108672056830087,0.6070018718109031,1.0,0.0,0.0,1.0,0.0
mlpt,0.3,0.3,3.0,rise,40,3,3,0,3,0,0,3,0,0,0.0560881988340736,0.0742835830405407,0.0609814647074247,1.0,0.0,0.0,1.0,0.0
mlpt,0.3,0.3,3.0,rise,50,3,3,0,3,0,0,3,0,0,0.062716844030677,0.0968553942704549,0.0762932041196728,1.0,0.0,0.0,1.0,0.0
mlpt,0.3,0.3,3.0,rise,60,3,3,0,3,0,0,3,0,0,0.0674850199980714,0.1195272722603206,0.0917594360405357,1.0,0.0,0.0,1.0,0.0
mlpt,0.3,0.3,3.0,fall,40,3,3,0,3,0,0,3,0,0,2.736082212064758,2.767970509871703,2.7555631473471904,1.0,0.0,0.0,1.0,0.0
mlpt,0.3,0.3,3.0,fall,50,3,3,0,3,0,0,3,0,0,2.133459941331429,2.166962433434592,2.152986392407682,1.0,0.0,0.0,1.0,0.0
mlpt,0.3,0.3,3.0,fall,60,3,3,0,3,0,0,3,0,0,1.640543235635587,1.679976892088521,1.6612635297586091,1.0,0.0,0.0,1.0,0.0
mlpt,0.3,1.0,0.01,rise,40,3,3,0,0,3,0,0,3,0,-0.0411725975344797,-0.0216393460342109,-0.0336649724218661,0.0,1.0,0.0,0.0,1.0
mlpt,0.3,1.0,0.01,rise,50,3,3,0,0,3,0,0,3,0,-0.0402125698247558,-0.0156318027126887,-0.0293680593956903,0.0,1.0,0.0,0.0,1.0
mlpt,0.3,1.0,0.01,rise,60,3,3,0,0,3,0,0,3,0,-0.0398198128180117,-0.0133477138708403,-0.025477644947513,0.0,1.0,0.0,0.0,1.0
mlpt,0.3,1.0,0.01,fall,40,3,3,0,3,0,0,3,0,0,0.0191489446969455,0.0553418008367732,0.0316979471010181,1.0,0.0,0.0,1.0,0.0
mlpt,0.3,1.0,0.01,fall,50,3,3,0,3,0,0,3,0,0,0.0191489660796866,0.0553418499062539,0.0316979037378146,1.0,0.0,0.0,1.0,0.0
mlpt,0.3,1.0,0.01,fall,60,3,3,0,3,0,0,3,0,0,0.0191490139884469,0.0553419598480882,0.0316979206726408,1.0,0.0,0.0,1.0,0.0
mlpt,0.3,1.0,0.03,rise,40,3,3,0,0,3,0,0,3,0,-0.0385775636170866,-0.0186654798967785,-0.0310610472945781,0.0,1.0,0.0,0.0,1.0
mlpt,0.3,1.0,0.03,rise,50,3,3,0,0,3,0,0,3,0,-0.0375570311789895,-0.0127551016845444,-0.0266803952826544,0.0,1.0,0.0,0.0,1.0
mlpt,0.3,1.0,0.03,rise,60,3,3,0,0,3,0,0,3,0,-0.0371096430336511,-0.0105831952255561,-0.0227214952941732,0.0,1.0,0.0,0.0,1.0
mlpt,0.3,1.0,0.03,fall,40,3,3,0,3,0,0,3,0,0,0.021568291127979,0.057150697622704,0.0340780809390697,1.0,0.0,0.0,1.0,0.0
mlpt,0.3,1.0,0.03,fall,50,3,3,0,3,0,0,3,0,0,0.0215682292567696,0.0571507192602978,0.0340780921675627,1.0,0.0,0.0,1.0,0.0
mlpt,0.3,1.0,0.03,fall,60,3,3,0,3,0,0,3,0,0,0.0215681985968851,0.0571507688927948,0.0340781241967027,1.0,0.0,0.0,1.0,0.0
mlpt,0.3,1.0,0.1,rise,40,3,3,0,0,2,1,0,3,0,-0.0297402284791499,-0.0088850684411046,-0.0221846231223135,0.0,0.6666666666666666,0.3333333333333333,0.0,1.0
mlpt,0.3,1.0,0.1,rise,50,3,3,0,0,2,1,0,3,0,-0.028357528405027,-0.0023193722931366,-0.0171033820584375,0.0,0.6666666666666666,0.3333333333333333,0.0,1.0
mlpt,0.3,1.0,0.1,rise,60,3,3,0,0,2,1,1,2,0,-0.0276181683615966,0.0006327898539437,-0.0124823063005434,0.0,0.6666666666666666,0.3333333333333333,0.3333333333333333,0.6666666666666666
mlpt,0.3,1.0,0.1,fall,40,3,3,0,3,0,0,3,0,0,0.0428429423910683,0.07910499445885,0.0568582543556492,1.0,0.0,0.0,1.0,0.0
mlpt,0.3,1.0,0.1,fall,50,3,3,0,3,0,0,3,0,0,0.0428203267863465,0.0790870676801029,0.0568386007337589,1.0,0.0,0.0,1.0,0.0
mlpt,0.3,1.0,0.1,fall,60,3,3,0,3,0,0,3,0,0,0.0427115408325478,0.0790007747835612,0.056744148490736,1.0,0.0,0.0,1.0,0.0
mlpt,0.3,1.0,0.3,rise,40,3,3,0,0,1,2,1,2,0,-0.0137108932204911,0.0075825401120843,-0.0067753615445647,0.0,0.3333333333333333,0.6666666666666666,0.3333333333333333,0.6666666666666666
mlpt,0.3,1.0,0.3,rise,50,3,3,0,1,1,1,2,1,0,-0.0111946912283104,0.0163274773259836,0.0002433760952766,0.3333333333333333,0.3333333333333333,0.3333333333333333,0.6666666666666666,0.3333333333333333
mlpt,0.3,1.0,0.3,rise,60,3,3,0,1,0,2,2,1,0,-0.0094841441282159,0.0223223270542571,0.0069070802274114,0.3333333333333333,0.0,0.6666666666666666,0.6666666666666666,0.3333333333333333
mlpt,0.3,1.0,0.3,fall,40,3,3,0,3,0,0,3,0,0,0.1971607426905062,0.235895974508848,0.2157362960432916,1.0,0.0,0.0,1.0,0.0
mlpt,0.3,1.0,0.3,fall,50,3,3,0,3,0,0,3,0,0,0.1884364944022638,0.2267184646622217,0.2068073163360668,1.0,0.0,0.0,1.0,0.0
mlpt,0.3,1.0,0.3,fall,60,3,3,0,3,0,0,3,0,0,0.1763245938581605,0.2139342344703516,0.1943923078046905,1.0,0.0,0.0,1.0,0.0
mlpt,0.3,1.0,1.0,rise,40,3,3,0,2,0,1,3,0,0,0.0032436376975244,0.0253389863348771,0.0100306336645719,0.6666666666666666,0.0,0.3333333333333333,1.0,0.0
mlpt,0.3,1.0,1.0,rise,50,3,3,0,2,0,1,3,0,0,0.0073051198724928,0.0372138225286923,0.0196631627413659,0.6666666666666666,0.0,0.3333333333333333,1.0,0.0
mlpt,0.3,1.0,1.0,rise,60,3,3,0,3,0,0,3,0,0,0.0104960242510558,0.047707901876752,0.0292920284718988,1.0,0.0,0.0,1.0,0.0
mlpt,0.3,1.0,1.0,fall,40,3,3,0,3,0,0,3,0,0,0.9063524020720995,0.9427481892327608,0.9261140161299524,1.0,0.0,0.0,1.0,0.0
mlpt,0.3,1.0,1.0,fall,50,3,3,0,3,0,0,3,0,0,0.7923428978110139,0.8267237075254188,0.8111340486997864,1.0,0.0,0.0,1.0,0.0
mlpt,0.3,1.0,1.0,fall,60,3,3,0,3,0,0,3,0,0,0.6813396691919482,0.7132146332680851,0.698927679227145,1.0,0.0,0.0,1.0,0.0
mlpt,0.3,1.0,3.0,rise,40,3,3,0,3,0,0,3,0,0,0.0118511230652422,0.0357639153607319,0.0194905596383739,1.0,0.0,0.0,1.0,0.0
mlpt,0.3,1.0,3.0,rise,50,3,3,0,3,0,0,3,0,0,0.0167882853583078,0.0498488202715597,0.030773236151103,1.0,0.0,0.0,1.0,0.0
mlpt,0.3,1.0,3.0,rise,60,3,3,0,3,0,0,3,0,0,0.0209172745607177,0.0634625136568226,0.04236451866412,1.0,0.0,0.0,1.0,0.0
mlpt,0.3,1.0,3.0,fall,40,3,3,0,3,0,0,3,0,0,2.7635791625754047,2.7922248345323006,2.779366744429959,1.0,0.0,0.0,1.0,0.0
mlpt,0.3,1.0,3.0,fall,50,3,3,0,3,0,0,3,0,0,2.273591850246197,2.300844191274691,2.2886742172754704,1.0,0.0,0.0,1.0,0.0
mlpt,0.3,1.0,3.0,fall,60,3,3,0,3,0,0,3,0,0,1.8505428552795025,1.8757419152347743,1.8645876691528664,1.0,0.0,0.0,1.0,0.0
mlpt,0.3,3.0,0.01,rise,40,3,3,0,0,3,0,0,3,0,-0.0300074651399053,-0.0144995573621214,-0.0262623105958278,0.0,1.0,0.0,0.0,1.0
mlpt,0.3,3.0,0.01,rise,50,3,3,0,0,3,0,0,3,0,-0.0276043240095498,-0.0105053639404649,-0.0209461010345441,0.0,1.0,0.0,0.0,1.0
mlpt,0.3,3.0,0.01,rise,60,3,3,0,0,2,1,0,3,0,-0.0256100637713184,-0.0084855401088409,-0.0158820207149116,0.0,0.6666666666666666,0.3333333333333333,0.0,1.0
mlpt,0.3,3.0,0.01,fall,40,3,3,0,3,0,0,3,0,0,0.0434430324829944,0.0707099626086353,0.0586747666255562,1.0,0.0,0.0,1.0,0.0
mlpt,0.3,3.0,0.01,fall,50,3,3,0,3,0,0,3,0,0,0.0434430960854577,0.0707100176472996,0.0586747605265824,1.0,0.0,0.0,1.0,0.0
mlpt,0.3,3.0,0.01,fall,60,3,3,0,3,0,0,3,0,0,0.0434430908673526,0.0707100153555657,0.0586747525802868,1.0,0.0,0.0,1.0,0.0
mlpt,0.3,3.0,0.03,rise,40,3,3,0,0,3,0,0,3,0,-0.0290651588850476,-0.0134679344206151,-0.0252982487133404,0.0,1.0,0.0,0.0,1.0
mlpt,0.3,3.0,0.03,rise,50,3,3,0,0,2,1,0,3,0,-0.026641762802071,-0.0095256216192126,-0.0199550539256019,0.0,0.6666666666666666,0.3333333333333333,0.0,1.0
mlpt,0.3,3.0,0.03,rise,60,3,3,0,0,2,1,0,3,0,-0.024624614114017,-0.0075404853320084,-0.0148689453540107,0.0,0.6666666666666666,0.3333333333333333,0.0,1.0
mlpt,0.3,3.0,0.03,fall,40,3,3,0,3,0,0,3,0,0,0.0440832224286213,0.070677973961541,0.0590637958140574,1.0,0.0,0.0,1.0,0.0
mlpt,0.3,3.0,0.03,fall,50,3,3,0,3,0,0,3,0,0,0.0440832343761705,0.0706780350704985,0.0590638049726925,1.0,0.0,0.0,1.0,0.0
mlpt,0.3,3.0,0.03,fall,60,3,3,0,3,0,0,3,0,0,0.0440832333959644,0.070678033155406,0.0590638042212954,1.0,0.0,0.0,1.0,0.0
mlpt,0.3,3.0,0.1,rise,40,3,3,0,0,2,1,0,3,0,-0.0255851735840666,-0.0095583906982926,-0.0216151822181019,0.0,0.6666666666666666,0.3333333333333333,0.0,1.0
mlpt,0.3,3.0,0.1,rise,50,3,3,0,0,2,1,0,3,0,-0.0230127869489698,-0.0053175602012521,-0.0159604405400299,0.0,0.6666666666666666,0.3333333333333333,0.0,1.0
mlpt,0.3,3.0,0.1,rise,60,3,3,0,0,2,1,0,3,0,-0.0208512331040007,-0.0029670406215059,-0.0105648903050136,0.0,0.6666666666666666,0.3333333333333333,0.0,1.0
mlpt,0.3,3.0,0.1,fall,40,3,3,0,3,0,0,3,0,0,0.05346799709225,0.0815765525719767,0.0689421667910501,1.0,0.0,0.0,1.0,0.0
mlpt,0.3,3.0,0.1,fall,50,3,3,0,3,0,0,3,0,0,0.0534680642699747,0.081576629261947,0.068942158479357,1.0,0.0,0.0,1.0,0.0
mlpt,0.3,3.0,0.1,fall,60,3,3,0,3,0,0,3,0,0,0.0534680570424215,0.0815766263691077,0.0689421573724602,1.0,0.0,0.0,1.0,0.0
mlpt,0.3,3.0,0.3,rise,40,3,3,0,0,2,1,0,3,0,-0.018878864430993,-0.0018739645484405,-0.0143844260809605,0.0,0.6666666666666666,0.3333333333333333,0.0,1.0
mlpt,0.3,3.0,0.3,rise,50,3,3,0,0,1,2,1,2,0,-0.0158122966017713,0.0036379826725164,-0.0077215220103057,0.0,0.3333333333333333,0.6666666666666666,0.3333333333333333,0.6666666666666666
mlpt,0.3,3.0,0.3,rise,60,3,3,0,0,1,2,1,2,0,-0.0131632498045337,0.0077054849289843,-0.0012116166765518,0.0,0.3333333333333333,0.6666666666666666,0.3333333333333333,0.6666666666666666
mlpt,0.3,3.0,0.3,fall,40,3,3,0,3,0,0,3,0,0,0.1553243503228585,0.1970015685676482,0.1771945751942651,1.0,0.0,0.0,1.0,0.0
mlpt,0.3,3.0,0.3,fall,50,3,3,0,3,0,0,3,0,0,0.1552127806476293,0.1968688913469019,0.1770736546763638,1.0,0.0,0.0,1.0,0.0
mlpt,0.3,3.0,0.3,fall,60,3,3,0,3,0,0,3,0,0,0.1546754254011331,0.196229785809082,0.1764912715231181,1.0,0.0,0.0,1.0,0.0
mlpt,0.3,3.0,1.0,rise,40,3,3,0,0,1,2,1,2,0,-0.0116979333715651,0.0069736784508614,-0.0063589135146341,0.0,0.3333333333333333,0.6666666666666666,0.3333333333333333,0.6666666666666666
mlpt,0.3,3.0,1.0,rise,50,3,3,0,1,0,2,2,1,0,-0.0079454252385247,0.0143251517992017,0.0016597431545901,0.3333333333333333,0.0,0.6666666666666666,0.6666666666666666,0.3333333333333333
mlpt,0.3,3.0,1.0,rise,60,3,3,0,1,0,2,2,1,0,-0.0045613059309543,0.0209485170691419,0.0097651670353281,0.3333333333333333,0.0,0.6666666666666666,0.6666666666666666,0.3333333333333333
mlpt,0.3,3.0,1.0,fall,40,3,3,0,3,0,0,3,0,0,0.8609515227716367,0.9272462062826836,0.8953749672361613,1.0,0.0,0.0,1.0,0.0
mlpt,0.3,3.0,1.0,fall,50,3,3,0,3,0,0,3,0,0,0.8172692838506155,0.8821684039113404,0.8509865234392064,1.0,0.0,0.0,1.0,0.0
mlpt,0.3,3.0,1.0,fall,60,3,3,0,3,0,0,3,0,0,0.758889684556622,0.8217323860717549,0.791568021637151,1.0,0.0,0.0,1.0,0.0
mlpt,0.3,3.0,3.0,rise,40,3,3,0,1,0,2,1,2,0,-0.008131958998103,0.0119531702625982,-0.0021097906237934,0.3333333333333333,0.0,0.6666666666666666,0.3333333333333333,0.6666666666666666
mlpt,0.3,3.0,3.0,rise,50,3,3,0,1,0,2,2,1,0,-0.0040004754809341,0.0204607770348714,0.0066894517084269,0.3333333333333333,0.0,0.6666666666666666,0.6666666666666666,0.3333333333333333
mlpt,0.3,3.0,3.0,rise,60,3,3,0,2,0,1,2,1,0,-0.0001820736592258,0.028691693185356,0.0157458172100727,0.6666666666666666,0.0,0.3333333333333333,0.6666666666666666,0.3333333333333333
mlpt,0.3,3.0,3.0,fall,40,3,3,0,3,0,0,3,0,0,2.987278824792025,3.067180404898262,3.0288927719445886,1.0,0.0,0.0,1.0,0.0
mlpt,0.3,3.0,3.0,fall,50,3,3,0,3,0,0,3,0,0,2.6293384298813542,2.707279326566606,2.669918274289624,1.0,0.0,0.0,1.0,0.0
mlpt,0.3,3.0,3.0,fall,60,3,3,0,3,0,0,3,0,0,2.2763372130812125,2.3517685629752187,2.3155948234967765,1.0,0.0,0.0,1.0,0.0
mlpt,1.0,0.01,0.01,rise,40,3,3,0,0,3,0,0,3,0,-0.2304976291940754,-0.2170063164703385,-0.2284847026775466,0.0,1.0,0.0,0.0,1.0
mlpt,1.0,0.01,0.01,rise,50,3,3,0,0,3,0,0,3,0,-0.2104347960858444,-0.2043720442240075,-0.206041500247193,0.0,1.0,0.0,0.0,1.0
mlpt,1.0,0.01,0.01,rise,60,3,3,0,0,3,0,0,3,0,-0.1967689800742328,-0.1686000751122923,-0.1897388210794045,0.0,1.0,0.0,0.0,1.0
mlpt,1.0,0.01,0.01,fall,40,3,3,0,3,0,0,3,0,0,0.1628458331492328,0.1875378872514093,0.1775554659783973,1.0,0.0,0.0,1.0,0.0
mlpt,1.0,0.01,0.01,fall,50,3,3,0,3,0,0,3,0,0,0.1571486765055876,0.1756221663039776,0.1698437314606333,1.0,0.0,0.0,1.0,0.0
mlpt,1.0,0.01,0.01,fall,60,3,3,0,3,0,0,3,0,0,0.1529763968899791,0.1614097961001099,0.159526346180683,1.0,0.0,0.0,1.0,0.0
mlpt,1.0,0.01,0.03,rise,40,3,3,0,0,3,0,0,3,0,-0.2253941005603947,-0.2137272667370092,-0.2241561389760963,0.0,1.0,0.0,0.0,1.0
mlpt,1.0,0.01,0.03,rise,50,3,3,0,0,3,0,0,3,0,-0.2050660224004057,-0.1974827602503276,-0.202246328169722,0.0,1.0,0.0,0.0,1.0
mlpt,1.0,0.01,0.03,rise,60,3,3,0,0,3,0,0,3,0,-0.1923566551028785,-0.1591731986190452,-0.1829274006735316,0.0,1.0,0.0,0.0,1.0
mlpt,1.0,0.01,0.03,fall,40,3,3,0,3,0,0,3,0,0,0.1883503003652682,0.2115159712182719,0.202818825714637,1.0,0.0,0.0,1.0,0.0
mlpt,1.0,0.01,0.03,fall,50,3,3,0,3,0,0,3,0,0,0.1827308334281387,0.2015452090073923,0.1954784376880027,1.0,0.0,0.0,1.0,0.0
mlpt,1.0,0.01,0.03,fall,60,3,3,0,3,0,0,3,0,0,0.1785614502517361,0.1880439402618616,0.1874628567367484,1.0,0.0,0.0,1.0,0.0
mlpt,1.0,0.01,0.1,rise,40,3,3,0,0,3,0,0,3,0,-0.2128112379278015,-0.2018033617970327,-0.2106468327862928,0.0,1.0,0.0,0.0,1.0
mlpt,1.0,0.01,0.1,rise,50,3,3,0,0,3,0,0,3,0,-0.1883999182715231,-0.1803143016790592,-0.1881264222025453,0.0,1.0,0.0,0.0,1.0
mlpt,1.0,0.01,0.1,rise,60,3,3,0,0,3,0,0,3,0,-0.1760964142180283,-0.1352072103512093,-0.1610391057861611,0.0,1.0,0.0,0.0,1.0
mlpt,1.0,0.01,0.1,fall,40,3,3,0,3,0,0,3,0,0,0.2805865610441591,0.2876498544162982,0.2864390399590601,1.0,0.0,0.0,1.0,0.0
mlpt,1.0,0.01,0.1,fall,50,3,3,0,3,0,0,3,0,0,0.2733951502610965,0.2786571645282869,0.2772318282379731,1.0,0.0,0.0,1.0,0.0
mlpt,1.0,0.01,0.1,fall,60,3,3,0,3,0,0,3,0,0,0.2672867596650341,0.2695172451410448,0.2682966519691012,1.0,0.0,0.0,1.0,0.0
mlpt,1.0,0.01,0.3,rise,40,3,3,0,0,3,0,0,3,0,-0.1902167349571103,-0.1689612576477507,-0.1818607190926621,0.0,1.0,0.0,0.0,1.0
mlpt,1.0,0.01,0.3,rise,50,3,3,0,0,3,0,0,3,0,-0.1509253435717545,-0.1487429339294067,-0.1497250782751932,0.0,1.0,0.0,0.0,1.0
mlpt,1.0,0.01,0.3,rise,60,3,3,0,0,3,0,0,3,0,-0.1287633829148295,-0.088896428354806,-0.1101927383119852,0.0,1.0,0.0,0.0,1.0
mlpt,1.0,0.01,0.3,fall,40,3,3,0,3,0,0,3,0,0,0.4812276996467373,0.5086839924877895,0.49532555625177,1.0,0.0,0.0,1.0,0.0
mlpt,1.0,0.01,0.3,fall,50,3,3,0,3,0,0,3,0,0,0.4420281175549478,0.483067699649981,0.4637033316970964,1.0,0.0,0.0,1.0,0.0
mlpt,1.0,0.01,0.3,fall,60,3,3,0,3,0,0,3,0,0,0.4159981598216853,0.4620849971223235,0.4390730119251809,1.0,0.0,0.0,1.0,0.0
mlpt,1.0,0.01,1.0,rise,40,3,3,0,0,3,0,0,3,0,-0.1467256120546783,-0.1099696331049286,-0.1334267569304338,0.0,1.0,0.0,0.0,1.0
mlpt,1.0,0.01,1.0,rise,50,3,3,0,0,3,0,0,3,0,-0.0842858898235391,-0.0756694243069836,-0.0833323715428389,0.0,1.0,0.0,0.0,1.0
mlpt,1.0,0.01,1.0,rise,60,3,3,0,1,1,1,2,1,0,-0.0207457834046514,0.0221975101243485,0.0016526712506874,0.3333333333333333,0.3333333333333333,0.3333333333333333,0.6666666666666666,0.3333333333333333
mlpt,1.0,0.01,1.0,fall,40,3,3,0,3,0,0,3,0,0,1.167824311747048,1.222352737134051,1.195515640018281,1.0,0.0,0.0,1.0,0.0
mlpt,1.0,0.01,1.0,fall,50,3,3,0,3,0,0,3,0,0,0.9724278076279882,1.0487383832611643,1.009866002800352,1.0,0.0,0.0,1.0,0.0
mlpt,1.0,0.01,1.0,fall,60,3,3,0,3,0,0,3,0,0,0.8195578764459721,0.9147201080264068,0.8642368621409366,1.0,0.0,0.0,1.0,0.0
mlpt,1.0,0.01,3.0,rise,40,3,3,0,0,3,0,0,3,0,-0.1028973223551191,-0.0709255522133909,-0.09386309418699,0.0,1.0,0.0,0.0,1.0
mlpt,1.0,0.01,3.0,rise,50,3,3,0,0,3,0,0,3,0,-0.0196740912514118,-0.0111423435670195,-0.0192480622579893,0.0,1.0,0.0,0.0,1.0
mlpt,1.0,0.01,3.0,rise,60,3,3,0,3,0,0,3,0,0,0.1103216974320326,0.1826012009186975,0.1526144798563106,1.0,0.0,0.0,1.0,0.0
mlpt,1.0,0.01,3.0,fall,40,3,3,0,3,0,0,3,0,0,3.0477391550901154,3.148529590662777,3.098444494800544,1.0,0.0,0.0,1.0,0.0
mlpt,1.0,0.01,3.0,fall,50,3,3,0,3,0,0,3,0,0,2.4060555661626912,2.528628138950859,2.466507724140484,1.0,0.0,0.0,1.0,0.0
mlpt,1.0,0.01,3.0,fall,60,3,3,0,3,0,0,3,0,0,1.888542557444632,2.029966846760912,1.956235409015155,1.0,0.0,0.0,1.0,0.0
mlpt,1.0,0.03,0.01,rise,40,3,3,0,0,3,0,0,3,0,-0.2387945326494983,-0.2263046343480592,-0.2375965716503795,0.0,1.0,0.0,0.0,1.0
mlpt,1.0,0.03,0.01,rise,50,3,3,0,0,3,0,0,3,0,-0.2204457448027752,-0.2137264942872573,-0.2155693887983716,0.0,1.0,0.0,0.0,1.0
mlpt,1.0,0.03,0.01,rise,60,3,3,0,0,3,0,0,3,0,-0.2063589704113849,-0.1789911726815342,-0.2004613071922669,0.0,1.0,0.0,0.0,1.0
mlpt,1.0,0.03,0.01,fall,40,3,3,0,3,0,0,3,0,0,0.1447184137012209,0.1709176615215479,0.1602090569672414,1.0,0.0,0.0,1.0,0.0
mlpt,1.0,0.03,0.01,fall,50,3,3,0,3,0,0,3,0,0,0.1390913916007397,0.15999051815836,0.1530967932261959,1.0,0.0,0.0,1.0,0.0
mlpt,1.0,0.03,0.01,fall,60,3,3,0,3,0,0,3,0,0,0.1348006192410631,0.1452084603675558,0.1445888348804629,1.0,0.0,0.0,1.0,0.0
mlpt,1.0,0.03,0.03,rise,40,3,3,0,0,3,0,0,3,0,-0.2336907095966287,-0.2230249742502951,-0.2332674762217645,0.0,1.0,0.0,0.0,1.0
mlpt,1.0,0.03,0.03,rise,50,3,3,0,0,3,0,0,3,0,-0.215076286293768,-0.2068367751253246,-0.2117735082286556,0.0,1.0,0.0,0.0,1.0
mlpt,1.0,0.03,0.03,rise,60,3,3,0,0,3,0,0,3,0,-0.2019458044374179,-0.1695636024397131,-0.1936489657794307,0.0,1.0,0.0,0.0,1.0
mlpt,1.0,0.03,0.03,fall,40,3,3,0,3,0,0,3,0,0,0.1702214390235708,0.1948939517849184,0.1854706855465775,1.0,0.0,0.0,1.0,0.0
mlpt,1.0,0.03,0.03,fall,50,3,3,0,3,0,0,3,0,0,0.1646721979581249,0.1859111124353352,0.1787297724965617,1.0,0.0,0.0,1.0,0.0
mlpt,1.0,0.03,0.03,fall,60,3,3,0,3,0,0,3,0,0,0.1603843534125217,0.1731036367194234,0.1712597970342899,1.0,0.0,0.0,1.0,0.0
mlpt,1.0,0.03,0.1,rise,40,3,3,0,0,3,0,0,3,0,-0.2211070748561571,-0.2110994034557382,-0.2197568834869085,0.0,1.0,0.0,0.0,1.0
mlpt,1.0,0.03,0.1,rise,50,3,3,0,0,3,0,0,3,0,-0.1981349642336244,-0.1896671617161889,-0.1979251332359481,0.0,1.0,0.0,0.0,1.0
mlpt,1.0,0.03,0.1,rise,60,3,3,0,0,3,0,0,3,0,-0.1856831624956706,-0.1455957060098667,-0.1717582100889565,0.0,1.0,0.0,0.0,1.0
mlpt,1.0,0.03,0.1,fall,40,3,3,0,3,0,0,3,0,0,0.2624537101562891,0.2702973399289738,0.2698136710491032,1.0,0.0,0.0,1.0,0.0
mlpt,1.0,0.03,0.1,fall,50,3,3,0,3,0,0,3,0,0,0.2553326197539047,0.2619039999083596,0.2615926044769994,1.0,0.0,0.0,1.0,0.0
mlpt,1.0,0.03,0.1,fall,60,3,3,0,3,0,0,3,0,0,0.2491058869674511,0.253349381263265,0.2533096012091429,1.0,0.0,0.0,1.0,0.0
mlpt,1.0,0.03,0.3,rise,40,3,3,0,0,3,0,0,3,0,-0.1985120163158693,-0.1782555817052709,-0.1909701877366345,0.0,1.0,0.0,0.0,1.0
mlpt,1.0,0.03,0.3,rise,50,3,3,0,0,3,0,0,3,0,-0.1609327923912694,-0.1580947436315994,-0.159248089599845,0.0,1.0,0.0,0.0,1.0
mlpt,1.0,0.03,0.3,rise,60,3,3,0,0,3,0,0,3,0,-0.1383468119950022,-0.0992825486101471,-0.1209094103902173,0.0,1.0,0.0,0.0,1.0
mlpt,1.0,0.03,0.3,fall,40,3,3,0,3,0,0,3,0,0,0.4645972282603046,0.4905444942127244,0.4779671676682555,1.0,0.0,0.0,1.0,0.0
mlpt,1.0,0.03,0.3,fall,50,3,3,0,3,0,0,3,0,0,0.4263835743517985,0.464998315797118,0.4469438419238725,1.0,0.0,0.0,1.0,0.0
mlpt,1.0,0.03,0.3,fall,60,3,3,0,3,0,0,3,0,0,0.4010442282681383,0.4438972948283268,0.4228586114282671,1.0,0.0,0.0,1.0,0.0
mlpt,1.0,0.03,1.0,rise,40,3,3,0,0,3,0,0,3,0,-0.1550221642761534,-0.1192663557395833,-0.1425379546354888,0.0,1.0,0.0,0.0,1.0
mlpt,1.0,0.03,1.0,rise,50,3,3,0,0,3,0,0,3,0,-0.0936388750318314,-0.0851946548295673,-0.09334139267492,0.0,1.0,0.0,0.0,1.0
mlpt,1.0,0.03,1.0,rise,60,3,3,0,1,1,1,1,2,0,-0.0303291820691821,0.0118132534371823,-0.0090626642246692,0.3333333333333333,0.3333333333333333,0.3333333333333333,0.3333333333333333,0.6666666666666666
mlpt,1.0,0.03,1.0,fall,40,3,3,0,3,0,0,3,0,0,1.151186038749915,1.2042051417812962,1.178149394808833,1.0,0.0,0.0,1.0,0.0
mlpt,1.0,0.03,1.0,fall,50,3,3,0,3,0,0,3,0,0,0.9567758535152904,1.0306609691100586,0.99309906673187,1.0,0.0,0.0,1.0,0.0
mlpt,1.0,0.03,1.0,fall,60,3,3,0,3,0,0,3,0,0,0.8045972899172953,0.8965242750804976,0.8480152886238059,1.0,0.0,0.0,1.0,0.0
mlpt,1.0,0.03,3.0,rise,40,3,3,0,0,3,0,0,3,0,-0.1111960621904326,-0.0802246085303414,-0.1029764738589862,0.0,1.0,0.0,0.0,1.0
mlpt,1.0,0.03,3.0,rise,50,3,3,0,0,3,0,0,3,0,-0.0296857238524559,-0.0204980763591567,-0.0287759359458593,0.0,1.0,0.0,0.0,1.0
mlpt,1.0,0.03,3.0,rise,60,3,3,0,3,0,0,3,0,0,0.1007375676095043,0.1722099536061521,0.141895463707084,1.0,0.0,0.0,1.0,0.0
mlpt,1.0,0.03,3.0,fall,40,3,3,0,3,0,0,3,0,0,3.031097210945301,3.1303773193634807,3.0810739687651605,1.0,0.0,0.0,1.0,0.0
mlpt,1.0,0.03,3.0,fall,50,3,3,0,3,0,0,3,0,0,2.3903999391072035,2.510546048182344,2.449736507587762,1.0,0.0,0.0,1.0,0.0
mlpt,1.0,0.03,3.0,fall,60,3,3,0,3,0,0,3,0,0,1.8735783030017412,2.0117663347631627,1.9400095525301853,1.0,0.0,0.0,1.0,0.0
mlpt,1.0,0.1,0.01,rise,40,3,3,0,0,3,0,0,3,0,-0.2596319441876578,-0.2513811729932936,-0.2568895994829838,0.0,1.0,0.0,0.0,1.0
mlpt,1.0,0.1,0.01,rise,50,3,3,0,0,3,0,0,3,0,-0.245009624999261,-0.2339176653759849,-0.2419504658196944,0.0,1.0,0.0,0.0,1.0
mlpt,1.0,0.1,0.01,rise,60,3,3,0,0,3,0,0,3,0,-0.2334314371581655,-0.2012046805014711,-0.2272849499684779,0.0,1.0,0.0,0.0,1.0
mlpt,1.0,0.1,0.01,fall,40,3,3,0,3,0,0,3,0,0,0.0864366070979774,0.1252386480827887,0.1084731346517564,1.0,0.0,0.0,1.0,0.0
mlpt,1.0,0.1,0.01,fall,50,3,3,0,3,0,0,3,0,0,0.0818092259249303,0.1202488469807212,0.1049460647441837,1.0,0.0,0.0,1.0,0.0
mlpt,1.0,0.1,0.01,fall,60,3,3,0,3,0,0,3,0,0,0.0777110118805799,0.1093865575512784,0.1001317459600608,1.0,0.0,0.0,1.0,0.0
mlpt,1.0,0.1,0.03,rise,40,3,3,0,0,3,0,0,3,0,-0.2550763900913811,-0.2478443291914247,-0.2516492656321448,0.0,1.0,0.0,0.0,1.0
mlpt,1.0,0.1,0.03,rise,50,3,3,0,0,3,0,0,3,0,-0.2393501721877581,-0.2268327482542761,-0.2378551545789122,0.0,1.0,0.0,0.0,1.0
mlpt,1.0,0.1,0.03,rise,60,3,3,0,0,3,0,0,3,0,-0.2286635340232643,-0.1914833793156048,-0.2200855599672192,0.0,1.0,0.0,0.0,1.0
mlpt,1.0,0.1,0.03,fall,40,3,3,0,3,0,0,3,0,0,0.1112443652841275,0.1484677703603287,0.1329789538343992,1.0,0.0,0.0,1.0,0.0
mlpt,1.0,0.1,0.03,fall,50,3,3,0,3,0,0,3,0,0,0.1067517646991389,0.1450682285795654,0.1298532013377258,1.0,0.0,0.0,1.0,0.0
mlpt,1.0,0.1,0.03,fall,60,3,3,0,3,0,0,3,0,0,0.1027191414666519,0.1366771261757302,0.1254893514860031,1.0,0.0,0.0,1.0,0.0
mlpt,1.0,0.1,0.1,rise,40,3,3,0,0,3,0,0,3,0,-0.2409902575473437,-0.2351541887113354,-0.2386969450746088,0.0,1.0,0.0,0.0,1.0
mlpt,1.0,0.1,0.1,rise,50,3,3,0,0,3,0,0,3,0,-0.223107373021689,-0.2091255937862204,-0.2216464512845471,0.0,1.0,0.0,0.0,1.0
mlpt,1.0,0.1,0.1,rise,60,3,3,0,0,3,0,0,3,0,-0.2113033089156551,-0.166671495881153,-0.1971190485601278,0.0,1.0,0.0,0.0,1.0
mlpt,1.0,0.1,0.1,fall,40,3,3,0,3,0,0,3,0,0,0.2013857568892623,0.2222150985748672,0.2158824426536016,1.0,0.0,0.0,1.0,0.0
mlpt,1.0,0.1,0.1,fall,50,3,3,0,3,0,0,3,0,0,0.1954824895259046,0.2185018896473374,0.211109915854152,1.0,0.0,0.0,1.0,0.0
mlpt,1.0,0.1,0.1,fall,60,3,3,0,3,0,0,3,0,0,0.1897681796119037,0.2136884623485389,0.2056579747095652,1.0,0.0,0.0,1.0,0.0
mlpt,1.0,0.1,0.3,rise,40,3,3,0,0,3,0,0,3,0,-0.2156021224678279,-0.201387269002858,-0.2117637004231172,0.0,1.0,0.0,0.0,1.0
mlpt,1.0,0.1,0.3,rise,50,3,3,0,0,3,0,0,3,0,-0.1837376448701128,-0.1767596047684961,-0.1832615733058952,0.0,1.0,0.0,0.0,1.0
mlpt,1.0,0.1,0.3,rise,60,3,3,0,0,3,0,0,3,0,-0.1622564596933184,-0.1188805159838866,-0.1449222057633294,0.0,1.0,0.0,0.0,1.0
mlpt,1.0,0.1,0.3,fall,40,3,3,0,3,0,0,3,0,0,0.4167047496098561,0.4263787681549358,0.4216325042675444,1.0,0.0,0.0,1.0,0.0
mlpt,1.0,0.1,0.3,fall,50,3,3,0,3,0,0,3,0,0,0.382251027173965,0.4020001322480349,0.3937982505712691,1.0,0.0,0.0,1.0,0.0
mlpt,1.0,0.1,0.3,fall,60,3,3,0,3,0,0,3,0,0,0.3590407440884609,0.3815860021827784,0.3725604334492192,1.0,0.0,0.0,1.0,0.0
mlpt,1.0,0.1,1.0,rise,40,3,3,0,0,3,0,0,3,0,-0.1722386268577515,-0.1433695809664975,-0.1638671335868099,0.0,1.0,0.0,0.0,1.0
mlpt,1.0,0.1,1.0,rise,50,3,3,0,0,3,0,0,3,0,-0.1165271081312637,-0.1100731343154993,-0.1121961620496877,0.0,1.0,0.0,0.0,1.0
mlpt,1.0,0.1,1.0,rise,60,3,3,0,0,2,1,0,3,0,-0.0540103150781697,-0.0059153965052365,-0.0319565779232521,0.0,0.6666666666666666,0.3333333333333333,0.0,1.0
mlpt,1.0,0.1,1.0,fall,40,3,3,0,3,0,0,3,0,0,1.0985727464891255,1.135374634709465,1.1173268406076386,1.0,0.0,0.0,1.0,0.0
mlpt,1.0,0.1,1.0,fall,50,3,3,0,3,0,0,3,0,0,0.9091909860220316,0.9635123995389132,0.9364247112537938,1.0,0.0,0.0,1.0,0.0
mlpt,1.0,0.1,1.0,fall,60,3,3,0,3,0,0,3,0,0,0.7603746662951802,0.8303193956182555,0.7948294813308312,1.0,0.0,0.0,1.0,0.0
mlpt,1.0,0.1,3.0,rise,40,3,3,0,0,3,0,0,3,0,-0.1292955230484328,-0.1053627235994758,-0.1252215158424547,0.0,1.0,0.0,0.0,1.0
mlpt,1.0,0.1,3.0,rise,50,3,3,0,0,3,0,0,3,0,-0.0548236585116155,-0.0401135057903937,-0.0539411799331457,0.0,1.0,0.0,0.0,1.0
mlpt,1.0,0.1,3.0,rise,60,3,3,0,3,0,0,3,0,0,0.0768014410136406,0.1515140361131616,0.1174826609931797,1.0,0.0,0.0,1.0,0.0
mlpt,1.0,0.1,3.0,fall,40,3,3,0,3,0,0,3,0,0,2.9760174572623703,3.0581533719363123,3.0172468629291087,1.0,0.0,0.0,1.0,0.0
mlpt,1.0,0.1,3.0,fall,50,3,3,0,3,0,0,3,0,0,2.3403581837376226,2.4400178434160957,2.39006859678561,1.0,0.0,0.0,1.0,0.0
mlpt,1.0,0.1,3.0,fall,60,3,3,0,3,0,0,3,0,0,1.826944781526868,1.942248291546418,1.883882918734203,1.0,0.0,0.0,1.0,0.0
mlpt,1.0,0.3,0.01,rise,40,3,3,0,0,3,0,0,3,0,-0.2812355815644251,-0.2763135813625864,-0.2796171170573245,0.0,1.0,0.0,0.0,1.0
mlpt,1.0,0.3,0.01,rise,50,3,3,0,0,3,0,0,3,0,-0.2716322217897077,-0.254235733151307,-0.2683334515850543,0.0,1.0,0.0,0.0,1.0
mlpt,1.0,0.3,0.01,rise,60,3,3,0,0,3,0,0,3,0,-0.263507636131325,-0.2217082970587589,-0.251339144264978,0.0,1.0,0.0,0.0,1.0
mlpt,1.0,0.3,0.01,fall,40,3,3,0,3,0,0,3,0,0,0.0575065077306484,0.0802335170522798,0.0774070755655058,1.0,0.0,0.0,1.0,0.0
mlpt,1.0,0.3,0.01,fall,50,3,3,0,3,0,0,3,0,0,0.057712828951105,0.0973703121377718,0.0846138425775424,1.0,0.0,0.0,1.0,0.0
mlpt,1.0,0.3,0.01,fall,60,3,3,0,3,0,0,3,0,0,0.0552004663896315,0.108636868038523,0.0877907096562622,1.0,0.0,0.0,1.0,0.0
mlpt,1.0,0.3,0.03,rise,40,3,3,0,0,3,0,0,3,0,-0.2752629385396632,-0.2702916213646012,-0.2740733058709269,0.0,1.0,0.0,0.0,1.0
mlpt,1.0,0.3,0.03,rise,50,3,3,0,0,3,0,0,3,0,-0.265179254119655,-0.246005174827749,-0.260803921709212,0.0,1.0,0.0,0.0,1.0
mlpt,1.0,0.3,0.03,rise,60,3,3,0,0,3,0,0,3,0,-0.2558753098963738,-0.2101830200189633,-0.2415208726919758,0.0,1.0,0.0,0.0,1.0
mlpt,1.0,0.3,0.03,fall,40,3,3,0,3,0,0,3,0,0,0.075414165303022,0.0985900651684241,0.094675486447497,1.0,0.0,0.0,1.0,0.0
mlpt,1.0,0.3,0.03,fall,50,3,3,0,3,0,0,3,0,0,0.0764253765924503,0.1158026414934172,0.1025967407223409,1.0,0.0,0.0,1.0,0.0
mlpt,1.0,0.3,0.03,fall,60,3,3,0,3,0,0,3,0,0,0.0746679592894801,0.1272908492201758,0.1065550829306056,1.0,0.0,0.0,1.0,0.0
mlpt,1.0,0.3,0.1,rise,40,3,3,0,0,3,0,0,3,0,-0.2577690543260793,-0.2548877324687741,-0.2557903282714764,0.0,1.0,0.0,0.0,1.0
mlpt,1.0,0.3,0.1,rise,50,3,3,0,0,3,0,0,3,0,-0.2437467723932971,-0.224651750003219,-0.2383823290548348,0.0,1.0,0.0,0.0,1.0
mlpt,1.0,0.3,0.1,rise,60,3,3,0,0,3,0,0,3,0,-0.2299785569615162,-0.1794035944387493,-0.2113834455060059,0.0,1.0,0.0,0.0,1.0
mlpt,1.0,0.3,0.1,fall,40,3,3,0,3,0,0,3,0,0,0.147943675205822,0.1701422495224582,0.1634414868061182,1.0,0.0,0.0,1.0,0.0
mlpt,1.0,0.3,0.1,fall,50,3,3,0,3,0,0,3,0,0,0.1489894139345757,0.1798243027817865,0.1689667935648635,1.0,0.0,0.0,1.0,0.0
mlpt,1.0,0.3,0.1,fall,60,3,3,0,3,0,0,3,0,0,0.1476918251277557,0.1868606591912871,0.1717950550010798,1.0,0.0,0.0,1.0,0.0
mlpt,1.0,0.3,0.3,rise,40,3,3,0,0,3,0,0,3,0,-0.2278734848031484,-0.2172755682968093,-0.2261532687388603,0.0,1.0,0.0,0.0,1.0
mlpt,1.0,0.3,0.3,rise,50,3,3,0,0,3,0,0,3,0,-0.1973005195193992,-0.1859468533222326,-0.1961254619343905,0.0,1.0,0.0,0.0,1.0
mlpt,1.0,0.3,0.3,rise,60,3,3,0,0,3,0,0,3,0,-0.1694009876707017,-0.1191452209596328,-0.1492454546429216,0.0,1.0,0.0,0.0,1.0
mlpt,1.0,0.3,0.3,fall,40,3,3,0,3,0,0,3,0,0,0.3616120954970609,0.3779438163954689,0.3720033246325502,1.0,0.0,0.0,1.0,0.0
mlpt,1.0,0.3,0.3,fall,50,3,3,0,3,0,0,3,0,0,0.339995033715047,0.3519323375669516,0.3472129234373913,1.0,0.0,0.0,1.0,0.0
mlpt,1.0,0.3,0.3,fall,60,3,3,0,3,0,0,3,0,0,0.3230553948096792,0.3288402198365152,0.3279373967107746,1.0,0.0,0.0,1.0,0.0
mlpt,1.0,0.3,1.0,rise,40,3,3,0,0,3,0,0,3,0,-0.1846216752616941,-0.1673045680594161,-0.1819384437238265,0.0,1.0,0.0,0.0,1.0
mlpt,1.0,0.3,1.0,rise,50,3,3,0,0,3,0,0,3,0,-0.131458840001806,-0.1191585241867108,-0.1312333268529557,0.0,1.0,0.0,0.0,1.0
mlpt,1.0,0.3,1.0,rise,60,3,3,0,1,2,0,1,2,0,-0.0582760992502209,0.0136855958263392,-0.0244017264326502,0.3333333333333333,0.6666666666666666,0.0,0.3333333333333333,0.6666666666666666
mlpt,1.0,0.3,1.0,fall,40,3,3,0,3,0,0,3,0,0,1.0421100944076331,1.0517095238890857,1.05010308977818,1.0,0.0,0.0,1.0,0.0
mlpt,1.0,0.3,1.0,fall,50,3,3,0,3,0,0,3,0,0,0.8782484709213494,0.8938410459177681,0.8880038592955879,1.0,0.0,0.0,1.0,0.0
mlpt,1.0,0.3,1.0,fall,60,3,3,0,3,0,0,3,0,0,0.7408774612446847,0.7668746942677476,0.7553673875694096,1.0,0.0,0.0,1.0,0.0
mlpt,1.0,0.3,3.0,rise,40,3,3,0,0,3,0,0,3,0,-0.1496459314930096,-0.1368262767300648,-0.1474305628940072,0.0,1.0,0.0,0.0,1.0
mlpt,1.0,0.3,3.0,rise,50,3,3,0,0,3,0,0,3,0,-0.0849441732479653,-0.05361665506984,-0.0760833953727271,0.0,1.0,0.0,0.0,1.0
mlpt,1.0,0.3,3.0,rise,60,3,3,0,3,0,0,3,0,0,0.0672658132478873,0.1423489737087001,0.1078149575486342,1.0,0.0,0.0,1.0,0.0
mlpt,1.0,0.3,3.0,fall,40,3,3,0,3,0,0,3,0,0,2.886018101647513,2.9300863705950344,2.910833500190255,1.0,0.0,0.0,1.0,0.0
mlpt,1.0,0.3,3.0,fall,50,3,3,0,3,0,0,3,0,0,2.283437334337386,2.333322800686997,2.3099122170186503,1.0,0.0,0.0,1.0,0.0
mlpt,1.0,0.3,3.0,fall,60,3,3,0,3,0,0,3,0,0,1.79148548912622,1.8515668425979008,1.8225692490504128,1.0,0.0,0.0,1.0,0.0
mlpt,1.0,1.0,0.01,rise,40,3,3,0,0,3,0,0,3,0,-0.2758955085032341,-0.2638470152714435,-0.2717140091179494,0.0,1.0,0.0,0.0,1.0
mlpt,1.0,1.0,0.01,rise,50,3,3,0,0,3,0,0,3,0,-0.2507899851909543,-0.2458174524535719,-0.2490445218165436,0.0,1.0,0.0,0.0,1.0
mlpt,1.0,1.0,0.01,rise,60,3,3,0,0,3,0,0,3,0,-0.2277429618666803,-0.1980938650927536,-0.2173665066197181,0.0,1.0,0.0,0.0,1.0
mlpt,1.0,1.0,0.01,fall,40,3,3,0,3,0,0,3,0,0,0.1412725500680869,0.1640260323422331,0.1551475552289516,1.0,0.0,0.0,1.0,0.0
mlpt,1.0,1.0,0.01,fall,50,3,3,0,3,0,0,3,0,0,0.1412725891958168,0.1640260360794783,0.1551474440137084,1.0,0.0,0.0,1.0,0.0
mlpt,1.0,1.0,0.01,fall,60,3,3,0,3,0,0,3,0,0,0.1412724726663936,0.1640260184214681,0.1551474763293896,1.0,0.0,0.0,1.0,0.0
mlpt,1.0,1.0,0.03,rise,40,3,3,0,0,3,0,0,3,0,-0.2701186373603167,-0.2579343387626021,-0.2660354403211608,0.0,1.0,0.0,0.0,1.0
mlpt,1.0,1.0,0.03,rise,50,3,3,0,0,3,0,0,3,0,-0.2430827093950313,-0.2375101178972879,-0.2417544300533138,0.0,1.0,0.0,0.0,1.0
mlpt,1.0,1.0,0.03,rise,60,3,3,0,0,3,0,0,3,0,-0.2176921143676248,-0.1850652077626615,-0.2056414529073822,0.0,1.0,0.0,0.0,1.0
mlpt,1.0,1.0,0.03,fall,40,3,3,0,3,0,0,3,0,0,0.1426280301172533,0.1641734691901581,0.1557306842035246,1.0,0.0,0.0,1.0,0.0
mlpt,1.0,1.0,0.03,fall,50,3,3,0,3,0,0,3,0,0,0.1426281878323152,0.1641734950243161,0.1557306640861218,1.0,0.0,0.0,1.0,0.0
mlpt,1.0,1.0,0.03,fall,60,3,3,0,3,0,0,3,0,0,0.1426526417828266,0.1641737464502872,0.1557332543782914,1.0,0.0,0.0,1.0,0.0
mlpt,1.0,1.0,0.1,rise,40,3,3,0,0,3,0,0,3,0,-0.2529039195633553,-0.2407333828041685,-0.2494431429751706,0.0,1.0,0.0,0.0,1.0
mlpt,1.0,1.0,0.1,rise,50,3,3,0,0,3,0,0,3,0,-0.2200682604468311,-0.2122127288242959,-0.2199904465819104,0.0,1.0,0.0,0.0,1.0
mlpt,1.0,1.0,0.1,rise,60,3,3,0,0,3,0,0,3,0,-0.1859736259391874,-0.142946875045226,-0.1680964765044267,0.0,1.0,0.0,0.0,1.0
mlpt,1.0,1.0,0.1,fall,40,3,3,0,3,0,0,3,0,0,0.1637035972180403,0.1818835835136227,0.1752082203116374,1.0,0.0,0.0,1.0,0.0
mlpt,1.0,1.0,0.1,fall,50,3,3,0,3,0,0,3,0,0,0.1639612158076837,0.1820541188410929,0.1754084164525231,1.0,0.0,0.0,1.0,0.0
mlpt,1.0,1.0,0.1,fall,60,3,3,0,3,0,0,3,0,0,0.1651814714208315,0.1828656981609131,0.1763598809151569,1.0,0.0,0.0,1.0,0.0
mlpt,1.0,1.0,0.3,rise,40,3,3,0,0,3,0,0,3,0,-0.224176347199785,-0.2125387603090519,-0.2220704369243973,0.0,1.0,0.0,0.0,1.0
mlpt,1.0,1.0,0.3,rise,50,3,3,0,0,3,0,0,3,0,-0.182415693401829,-0.1677168140377222,-0.1794906055120506,0.0,1.0,0.0,0.0,1.0
mlpt,1.0,1.0,0.3,rise,60,3,3,0,0,3,0,0,3,0,-0.1203978067359996,-0.0538575659891715,-0.0887273170266524,0.0,1.0,0.0,0.0,1.0
mlpt,1.0,1.0,0.3,fall,40,3,3,0,3,0,0,3,0,0,0.3254711765266052,0.3363745324308551,0.3341906305243332,1.0,0.0,0.0,1.0,0.0
mlpt,1.0,1.0,0.3,fall,50,3,3,0,3,0,0,3,0,0,0.3194464554186051,0.3302054678717092,0.328103522255605,1.0,0.0,0.0,1.0,0.0
mlpt,1.0,1.0,0.3,fall,60,3,3,0,3,0,0,3,0,0,0.3112450891282583,0.3217991185495723,0.319813947832293,1.0,0.0,0.0,1.0,0.0
mlpt,1.0,1.0,1.0,rise,40,3,3,0,0,3,0,0,3,0,-0.1900690649435258,-0.1819333066482971,-0.1880270965523285,0.0,1.0,0.0,0.0,1.0
mlpt,1.0,1.0,1.0,rise,50,3,3,0,0,3,0,0,3,0,-0.1367888518870346,-0.10556994133625,-0.1262353166097264,0.0,1.0,0.0,0.0,1.0
mlpt,1.0,1.0,1.0,rise,60,3,3,0,2,0,1,2,1,0,-0.003658920988218,0.0782106652392412,0.041400438842198,0.6666666666666666,0.0,0.3333333333333333,0.6666666666666666,0.3333333333333333
mlpt,1.0,1.0,1.0,fall,40,3,3,0,3,0,0,3,0,0,1.0452185200012911,1.0511546002786654,1.048445699089839,1.0,0.0,0.0,1.0,0.0
mlpt,1.0,1.0,1.0,fall,50,3,3,0,3,0,0,3,0,0,0.9340762353803274,0.9391565586467164,0.9357020631405492,1.0,0.0,0.0,1.0,0.0
mlpt,1.0,1.0,1.0,fall,60,3,3,0,3,0,0,3,0,0,0.8262574563557168,0.8306246176623908,0.8265866885804163,1.0,0.0,0.0,1.0,0.0
mlpt,1.0,1.0,3.0,rise,40,3,3,0,0,3,0,0,3,0,-0.1702151559264857,-0.1631825208524726,-0.1648676127527522,0.0,1.0,0.0,0.0,1.0
mlpt,1.0,1.0,3.0,rise,50,3,3,0,0,3,0,0,3,0,-0.1077828654661989,-0.0560144821935842,-0.0879439552976207,0.0,1.0,0.0,0.0,1.0
mlpt,1.0,1.0,3.0,rise,60,3,3,0,3,0,0,3,0,0,0.0741109269992332,0.135901854510689,0.1092187476598265,1.0,0.0,0.0,1.0,0.0
mlpt,1.0,1.0,3.0,fall,40,3,3,0,3,0,0,3,0,0,2.904004850512682,2.911792607192853,2.9100537225751197,1.0,0.0,0.0,1.0,0.0
mlpt,1.0,1.0,3.0,fall,50,3,3,0,3,0,0,3,0,0,2.4140741920531705,2.4224349074574976,2.421349708262926,1.0,0.0,0.0,1.0,0.0
mlpt,1.0,1.0,3.0,fall,60,3,3,0,3,0,0,3,0,0,1.9911083049538505,2.000309229197482,2.000179651383219,1.0,0.0,0.0,1.0,0.0
mlpt,1.0,3.0,0.01,rise,40,3,3,0,0,3,0,0,3,0,-0.2402849586983384,-0.2284110722734864,-0.2379060683157372,0.0,1.0,0.0,0.0,1.0
mlpt,1.0,3.0,0.01,rise,50,3,3,0,0,3,0,0,3,0,-0.1978152778582158,-0.1838107410454863,-0.1955363412003073,0.0,1.0,0.0,0.0,1.0
mlpt,1.0,3.0,0.01,rise,60,3,3,0,0,3,0,0,3,0,-0.1277675743174764,-0.0597603346162123,-0.0962470732665751,0.0,1.0,0.0,0.0,1.0
mlpt,1.0,3.0,0.01,fall,40,3,3,0,3,0,0,3,0,0,0.2146419914003017,0.2174329714211014,0.215143069815725,1.0,0.0,0.0,1.0,0.0
mlpt,1.0,3.0,0.01,fall,50,3,3,0,3,0,0,3,0,0,0.2146420593374496,0.2174329880053007,0.2151430756554626,1.0,0.0,0.0,1.0,0.0
mlpt,1.0,3.0,0.01,fall,60,3,3,0,3,0,0,3,0,0,0.2146420635527253,0.2174329829062298,0.2151430857470071,1.0,0.0,0.0,1.0,0.0
mlpt,1.0,3.0,0.03,rise,40,3,3,0,0,3,0,0,3,0,-0.2373696874326438,-0.2256185852370278,-0.2351288702702109,0.0,1.0,0.0,0.0,1.0
mlpt,1.0,3.0,0.03,rise,50,3,3,0,0,3,0,0,3,0,-0.1937910820964038,-0.1789847707240678,-0.19110491850181,0.0,1.0,0.0,0.0,1.0
mlpt,1.0,3.0,0.03,rise,60,3,3,0,0,3,0,0,3,0,-0.1186370072549711,-0.04810746064401,-0.0854322488500002,0.0,1.0,0.0,0.0,1.0
mlpt,1.0,3.0,0.03,fall,40,3,3,0,3,0,0,3,0,0,0.210294069594437,0.2142333815681292,0.2130298525908758,1.0,0.0,0.0,1.0,0.0
mlpt,1.0,3.0,0.03,fall,50,3,3,0,3,0,0,3,0,0,0.210294094528765,0.2142334150727669,0.2130298469259268,1.0,0.0,0.0,1.0,0.0
mlpt,1.0,3.0,0.03,fall,60,3,3,0,3,0,0,3,0,0,0.2102941028418392,0.2142334123239599,0.2130298536020003,1.0,0.0,0.0,1.0,0.0
mlpt,1.0,3.0,0.1,rise,40,3,3,0,0,3,0,0,3,0,-0.2276896699284474,-0.2172417863010309,-0.2262201050281013,0.0,1.0,0.0,0.0,1.0
mlpt,1.0,3.0,0.1,rise,50,3,3,0,0,3,0,0,3,0,-0.1814249950582235,-0.1625954819070861,-0.1765172688698068,0.0,1.0,0.0,0.0,1.0
mlpt,1.0,3.0,0.1,rise,60,3,3,0,0,2,1,0,3,0,-0.0878571953638613,-0.0098658568669774,-0.0483666096006472,0.0,0.6666666666666666,0.3333333333333333,0.0,1.0
mlpt,1.0,3.0,0.1,fall,40,3,3,0,3,0,0,3,0,0,0.2097232299125719,0.2127745831754657,0.2127442191585711,1.0,0.0,0.0,1.0,0.0
mlpt,1.0,3.0,0.1,fall,50,3,3,0,3,0,0,3,0,0,0.2097232825218187,0.2127745508921603,0.2127442677725479,1.0,0.0,0.0,1.0,0.0
mlpt,1.0,3.0,0.1,fall,60,3,3,0,3,0,0,3,0,0,0.2097233031750542,0.2127745689020996,0.212744285760948,1.0,0.0,0.0,1.0,0.0
mlpt,1.0,3.0,0.3,rise,40,3,3,0,0,3,0,0,3,0,-0.2103458356543553,-0.2030992127647181,-0.2092029550176516,0.0,1.0,0.0,0.0,1.0
mlpt,1.0,3.0,0.3,rise,50,3,3,0,0,3,0,0,3,0,-0.1593495281995798,-0.1294145522652622,-0.1488346295239372,0.0,1.0,0.0,0.0,1.0
mlpt,1.0,3.0,0.3,rise,60,3,3,0,2,1,0,2,1,0,-0.0238168327403887,0.0505315404410391,0.0180954030994791,0.6666666666666666,0.3333333333333333,0.0,0.6666666666666666,0.3333333333333333
mlpt,1.0,3.0,0.3,fall,40,3,3,0,3,0,0,3,0,0,0.2982049972923999,0.3068701209692968,0.3038477478437729,1.0,0.0,0.0,1.0,0.0
mlpt,1.0,3.0,0.3,fall,50,3,3,0,3,0,0,3,0,0,0.2981419620891223,0.3067967714710309,0.303779596061045,1.0,0.0,0.0,1.0,0.0
mlpt,1.0,3.0,0.3,fall,60,3,3,0,3,0,0,3,0,0,0.2978387293515721,0.3064437393313213,0.303451909450724,1.0,0.0,0.0,1.0,0.0
mlpt,1.0,3.0,1.0,rise,40,3,3,0,0,3,0,0,3,0,-0.1926255235881889,-0.1871008793595372,-0.1880500783713238,0.0,1.0,0.0,0.0,1.0
mlpt,1.0,3.0,1.0,rise,50,3,3,0,0,3,0,0,3,0,-0.1336768788430756,-0.0851558768840914,-0.1145386766146048,0.0,1.0,0.0,0.0,1.0
mlpt,1.0,3.0,1.0,rise,60,3,3,0,3,0,0,3,0,0,0.0444840977949232,0.1010993637465775,0.0780448248883303,1.0,0.0,0.0,1.0,0.0
mlpt,1.0,3.0,1.0,fall,40,3,3,0,3,0,0,3,0,0,0.989513013864796,1.0188731752788351,1.0073367749514608,1.0,0.0,0.0,1.0,0.0
mlpt,1.0,3.0,1.0,fall,50,3,3,0,3,0,0,3,0,0,0.9473511782273368,0.9754708369547608,0.964513917646693,1.0,0.0,0.0,1.0,0.0
mlpt,1.0,3.0,1.0,fall,60,3,3,0,3,0,0,3,0,0,0.8911964474529466,0.91750205557619,0.9073939053665532,1.0,0.0,0.0,1.0,0.0
mlpt,1.0,3.0,3.0,rise,40,3,3,0,0,3,0,0,3,0,-0.1826787847620634,-0.173842459056096,-0.1801517845478928,0.0,1.0,0.0,0.0,1.0
mlpt,1.0,3.0,3.0,rise,50,3,3,0,0,3,0,0,3,0,-0.1190015778115791,-0.0550211218008748,-0.0931914364676913,0.0,1.0,0.0,0.0,1.0
mlpt,1.0,3.0,3.0,rise,60,3,3,0,3,0,0,3,0,0,0.0740437215544442,0.1247964634618428,0.1050267551243135,1.0,0.0,0.0,1.0,0.0
mlpt,1.0,3.0,3.0,fall,40,3,3,0,3,0,0,3,0,0,3.1123424862782603,3.1526113359262444,3.1368418389763253,1.0,0.0,0.0,1.0,0.0
mlpt,1.0,3.0,3.0,fall,50,3,3,0,3,0,0,3,0,0,2.7561455625370788,2.794501931354874,2.7796245558068886,1.0,0.0,0.0,1.0,0.0
mlpt,1.0,3.0,3.0,fall,60,3,3,0,3,0,0,3,0,0,2.405367183186469,2.4412847946250387,2.4275463157480424,1.0,0.0,0.0,1.0,0.0
mlpt,3.0,0.01,0.01,rise,40,3,3,0,0,3,0,0,3,0,-0.8965626085688033,-0.894986711310402,-0.8965321253296211,0.0,1.0,0.0,0.0,1.0
mlpt,3.0,0.01,0.01,rise,50,3,3,0,0,3,0,0,3,0,-0.8925898016321832,-0.8899741411004642,-0.8923951653912275,0.0,1.0,0.0,0.0,1.0
mlpt,3.0,0.01,0.01,rise,60,3,3,0,0,3,0,0,3,0,-0.8694078313562954,-0.8506357693839401,-0.8672645494445506,0.0,1.0,0.0,0.0,1.0
mlpt,3.0,0.01,0.01,fall,40,3,3,0,3,0,0,3,0,0,0.6609753121004629,0.6624742855481873,0.6617797239422694,1.0,0.0,0.0,1.0,0.0
mlpt,3.0,0.01,0.01,fall,50,3,3,0,3,0,0,3,0,0,0.6609542088132421,0.6629262340477933,0.6620325075530529,1.0,0.0,0.0,1.0,0.0
mlpt,3.0,0.01,0.01,fall,60,3,3,0,3,0,0,3,0,0,0.6608799235178799,0.6632560525232591,0.6622760645701637,1.0,0.0,0.0,1.0,0.0
mlpt,3.0,0.01,0.03,rise,40,3,3,0,0,3,0,0,3,0,-0.891153081776835,-0.8881651293703097,-0.890138137458257,0.0,1.0,0.0,0.0,1.0
mlpt,3.0,0.01,0.03,rise,50,3,3,0,0,3,0,0,3,0,-0.8846363308114349,-0.8806454174118123,-0.8837407958488352,0.0,1.0,0.0,0.0,1.0
mlpt,3.0,0.01,0.03,rise,60,3,3,0,0,3,0,0,3,0,-0.8557595034200678,-0.8360256794493044,-0.8531829353648441,0.0,1.0,0.0,0.0,1.0
mlpt,3.0,0.01,0.03,fall,40,3,3,0,3,0,0,3,0,0,0.681804010478035,0.6823204561864813,0.682218031998949,1.0,0.0,0.0,1.0,0.0
mlpt,3.0,0.01,0.03,fall,50,3,3,0,3,0,0,3,0,0,0.6820636900114492,0.6822245944850818,0.6821094920021777,1.0,0.0,0.0,1.0,0.0
mlpt,3.0,0.01,0.03,fall,60,3,3,0,3,0,0,3,0,0,0.6820250737330893,0.682190527091719,0.6821225013949062,1.0,0.0,0.0,1.0,0.0
mlpt,3.0,0.01,0.1,rise,40,3,3,0,0,3,0,0,3,0,-0.879488691615621,-0.870044730563736,-0.8743980985768286,0.0,1.0,0.0,0.0,1.0
mlpt,3.0,0.01,0.1,rise,50,3,3,0,0,3,0,0,3,0,-0.8674910827523195,-0.8555436160180561,-0.8615768850667864,0.0,1.0,0.0,0.0,1.0
mlpt,3.0,0.01,0.1,rise,60,3,3,0,0,3,0,0,3,0,-0.8176515465656076,-0.8016951845537099,-0.8159225798125402,0.0,1.0,0.0,0.0,1.0
mlpt,3.0,0.01,0.1,fall,40,3,3,0,3,0,0,3,0,0,0.7469393549573904,0.7613934970962437,0.7550487910391461,1.0,0.0,0.0,1.0,0.0
mlpt,3.0,0.01,0.1,fall,50,3,3,0,3,0,0,3,0,0,0.7453679779279985,0.7587006400139558,0.7513416787783167,1.0,0.0,0.0,1.0,0.0
mlpt,3.0,0.01,0.1,fall,60,3,3,0,3,0,0,3,0,0,0.7441946825314267,0.7559444236726818,0.7481297132755707,1.0,0.0,0.0,1.0,0.0
mlpt,3.0,0.01,0.3,rise,40,3,3,0,0,3,0,0,3,0,-0.8619857957731124,-0.8403985640976077,-0.8499652967856711,0.0,1.0,0.0,0.0,1.0
mlpt,3.0,0.01,0.3,rise,50,3,3,0,0,3,0,0,3,0,-0.8405575586321987,-0.8132576901947794,-0.8259148734424162,0.0,1.0,0.0,0.0,1.0
mlpt,3.0,0.01,0.3,rise,60,3,3,0,0,3,0,0,3,0,-0.7468912816163806,-0.7397862475803396,-0.7467371066408035,0.0,1.0,0.0,0.0,1.0
mlpt,3.0,0.01,0.3,fall,40,3,3,0,3,0,0,3,0,0,0.9221824810612892,0.9667134290711284,0.9456458010073114,1.0,0.0,0.0,1.0,0.0
mlpt,3.0,0.01,0.3,fall,50,3,3,0,3,0,0,3,0,0,0.8960297081558437,0.9425964428547196,0.918774189419028,1.0,0.0,0.0,1.0,0.0
mlpt,3.0,0.01,0.3,fall,60,3,3,0,3,0,0,3,0,0,0.8808246967390261,0.9218614699904027,0.8979408804284348,1.0,0.0,0.0,1.0,0.0
mlpt,3.0,0.01,1.0,rise,40,3,3,0,0,3,0,0,3,0,-0.8337857368973762,-0.7970587199766148,-0.8143404141041972,0.0,1.0,0.0,0.0,1.0
mlpt,3.0,0.01,1.0,rise,50,3,3,0,0,3,0,0,3,0,-0.7935021390432626,-0.7476148041226118,-0.7702130472485202,0.0,1.0,0.0,0.0,1.0
mlpt,3.0,0.01,1.0,rise,60,3,3,0,0,3,0,0,3,0,-0.5868253943928354,-0.5639365557643778,-0.5682856485306325,0.0,1.0,0.0,0.0,1.0
mlpt,3.0,0.01,1.0,fall,40,3,3,0,3,0,0,3,0,0,1.5952453093382308,1.6443056330494752,1.6185160377976646,1.0,0.0,0.0,1.0,0.0
mlpt,3.0,0.01,1.0,fall,50,3,3,0,3,0,0,3,0,0,1.4135018751363004,1.4751287321326665,1.4405208437858072,1.0,0.0,0.0,1.0,0.0
mlpt,3.0,0.01,1.0,fall,60,3,3,0,3,0,0,3,0,0,1.275171032410081,1.3439955149621232,1.3027973154353505,1.0,0.0,0.0,1.0,0.0
mlpt,3.0,0.01,3.0,rise,40,3,3,0,0,3,0,0,3,0,-0.803698539667259,-0.7592588847966668,-0.7818557480906525,0.0,1.0,0.0,0.0,1.0
mlpt,3.0,0.01,3.0,rise,50,3,3,0,0,3,0,0,3,0,-0.7368163465023247,-0.6844196439655779,-0.7134972948602503,0.0,1.0,0.0,0.0,1.0
mlpt,3.0,0.01,3.0,rise,60,3,3,0,3,0,0,3,0,0,0.6727313501310259,0.7145576077828237,0.7063225649607157,1.0,0.0,0.0,1.0,0.0
mlpt,3.0,0.01,3.0,fall,40,3,3,0,3,0,0,3,0,0,3.4871819786910576,3.562051984009366,3.522056267944143,1.0,0.0,0.0,1.0,0.0
mlpt,3.0,0.01,3.0,fall,50,3,3,0,3,0,0,3,0,0,2.859151474157203,2.946587959420369,2.8977739887137983,1.0,0.0,0.0,1.0,0.0
mlpt,3.0,0.01,3.0,fall,60,3,3,0,3,0,0,3,0,0,2.356177516407913,2.4508116971549203,2.395407417034536,1.0,0.0,0.0,1.0,0.0
mlpt,3.0,0.03,0.01,rise,40,3,3,0,0,3,0,0,3,0,-0.9019577325154196,-0.9007482399165898,-0.9010107149442732,0.0,1.0,0.0,0.0,1.0
mlpt,3.0,0.03,0.01,rise,50,3,3,0,0,3,0,0,3,0,-0.8993614725846351,-0.8971760508450219,-0.8979031374209505,0.0,1.0,0.0,0.0,1.0
mlpt,3.0,0.03,0.01,rise,60,3,3,0,0,3,0,0,3,0,-0.8780501199796595,-0.8572444570985893,-0.8753905526056864,0.0,1.0,0.0,0.0,1.0
mlpt,3.0,0.03,0.01,fall,40,3,3,0,3,0,0,3,0,0,0.6407755684929883,0.6443579859989885,0.6425105441527101,1.0,0.0,0.0,1.0,0.0
mlpt,3.0,0.03,0.01,fall,50,3,3,0,3,0,0,3,0,0,0.6408571402403882,0.6451259987882478,0.6431786396085171,1.0,0.0,0.0,1.0,0.0
mlpt,3.0,0.03,0.01,fall,60,3,3,0,3,0,0,3,0,0,0.6408365190358674,0.6456976113401485,0.6438019438058555,1.0,0.0,0.0,1.0,0.0
mlpt,3.0,0.03,0.03,rise,40,3,3,0,0,3,0,0,3,0,-0.8956011881522367,-0.8939266669341652,-0.8955637485141444,0.0,1.0,0.0,0.0,1.0
mlpt,3.0,0.03,0.03,rise,50,3,3,0,0,3,0,0,3,0,-0.8905124721279623,-0.8878473393662631,-0.8901443028410192,0.0,1.0,0.0,0.0,1.0
mlpt,3.0,0.03,0.03,rise,60,3,3,0,0,3,0,0,3,0,-0.8644018097642592,-0.8426343671634899,-0.861308946898202,0.0,1.0,0.0,0.0,1.0
mlpt,3.0,0.03,0.03,fall,40,3,3,0,3,0,0,3,0,0,0.6621206271136382,0.6636876520387704,0.6629487787802257,1.0,0.0,0.0,1.0,0.0
mlpt,3.0,0.03,0.03,fall,50,3,3,0,3,0,0,3,0,0,0.6621274434071434,0.6642633975755876,0.6632555567815501,1.0,0.0,0.0,1.0,0.0
mlpt,3.0,0.03,0.03,fall,60,3,3,0,3,0,0,3,0,0,0.6620790169474216,0.6646320305250093,0.6635508910868642,1.0,0.0,0.0,1.0,0.0
mlpt,3.0,0.03,0.1,rise,40,3,3,0,0,3,0,0,3,0,-0.8839367979908739,-0.8758062681276857,-0.8798237096327385,0.0,1.0,0.0,0.0,1.0
mlpt,3.0,0.03,0.1,rise,50,3,3,0,0,3,0,0,3,0,-0.8729990547815701,-0.8627455379725568,-0.8683485613458477,0.0,1.0,0.0,0.0,1.0
mlpt,3.0,0.03,0.1,rise,60,3,3,0,0,3,0,0,3,0,-0.8262938529095087,-0.8083038722666014,-0.8240485913452358,0.0,1.0,0.0,0.0,1.0
mlpt,3.0,0.03,0.1,fall,40,3,3,0,3,0,0,3,0,0,0.7288229965179052,0.7411936680227571,0.7357795378199903,1.0,0.0,0.0,1.0,0.0
mlpt,3.0,0.03,0.1,fall,50,3,3,0,3,0,0,3,0,0,0.7275676854917381,0.7386034889353263,0.7324877435572512,1.0,0.0,0.0,1.0,0.0
mlpt,3.0,0.03,0.1,fall,60,3,3,0,3,0,0,3,0,0,0.7266361859643138,0.7359009392244422,0.729655530628909,1.0,0.0,0.0,1.0,0.0
mlpt,3.0,0.03,0.3,rise,40,3,3,0,0,3,0,0,3,0,-0.8664339021483364,-0.8461601016617875,-0.8553909078417282,0.0,1.0,0.0,0.0,1.0
mlpt,3.0,0.03,0.3,rise,50,3,3,0,0,3,0,0,3,0,-0.8460655306611955,-0.8204596121494403,-0.8326865497215046,0.0,1.0,0.0,0.0,1.0
mlpt,3.0,0.03,0.3,rise,60,3,3,0,0,3,0,0,3,0,-0.7553794129839533,-0.746394935290988,-0.7550172931475392,0.0,1.0,0.0,0.0,1.0
mlpt,3.0,0.03,0.3,fall,40,3,3,0,3,0,0,3,0,0,0.9040661226216627,0.9465135999964844,0.9263765477873293,1.0,0.0,0.0,1.0,0.0
mlpt,3.0,0.03,0.3,fall,50,3,3,0,3,0,0,3,0,0,0.8782294157192738,0.9224992917748938,0.8999202541971267,1.0,0.0,0.0,1.0,0.0
mlpt,3.0,0.03,0.3,fall,60,3,3,0,3,0,0,3,0,0,0.8632662001712803,0.9018179855409504,0.8794666977809267,1.0,0.0,0.0,1.0,0.0
mlpt,3.0,0.03,1.0,rise,40,3,3,0,0,3,0,0,3,0,-0.8382338432729928,-0.8028202575414172,-0.819766025160823,0.0,1.0,0.0,0.0,1.0
mlpt,3.0,0.03,1.0,rise,50,3,3,0,0,3,0,0,3,0,-0.7990101110725294,-0.7548167260779197,-0.7769847235281602,0.0,1.0,0.0,0.0,1.0
mlpt,3.0,0.03,1.0,rise,60,3,3,0,0,3,0,0,3,0,-0.5954677007299607,-0.5720625672826338,-0.5748943362295009,0.0,1.0,0.0,0.0,1.0
mlpt,3.0,0.03,1.0,fall,40,3,3,0,3,0,0,3,0,0,1.5771289508958932,1.6241058039722511,1.59924678457518,1.0,0.0,0.0,1.0,0.0
mlpt,3.0,0.03,1.0,fall,50,3,3,0,3,0,0,3,0,0,1.3957015826974746,1.4550315810504206,1.4216669085616678,1.0,0.0,0.0,1.0,0.0
mlpt,3.0,0.03,1.0,fall,60,3,3,0,3,0,0,3,0,0,1.257612535840512,1.3239520305103882,1.2843231327858398,1.0,0.0,0.0,1.0,0.0
mlpt,3.0,0.03,3.0,rise,40,3,3,0,0,3,0,0,3,0,-0.8081466460436544,-0.765020422362306,-0.787281359148075,0.0,1.0,0.0,0.0,1.0
mlpt,3.0,0.03,3.0,rise,50,3,3,0,0,3,0,0,3,0,-0.7423243185326385,-0.6916215659219689,-0.7202689711409185,0.0,1.0,0.0,0.0,1.0
mlpt,3.0,0.03,3.0,rise,60,3,3,0,3,0,0,3,0,0,0.6661226624158185,0.705915301438357,0.6981965534264658,1.0,0.0,0.0,1.0,0.0
mlpt,3.0,0.03,3.0,fall,40,3,3,0,3,0,0,3,0,0,3.4690656202462145,3.5418521549294693,3.502787014719046,1.0,0.0,0.0,1.0,0.0
mlpt,3.0,0.03,3.0,fall,50,3,3,0,3,0,0,3,0,0,2.8413511817158708,2.926490808335449,2.878920053487045,1.0,0.0,0.0,1.0,0.0
mlpt,3.0,0.03,3.0,fall,60,3,3,0,3,0,0,3,0,0,2.338619019835843,2.430768212700511,2.3769332343824097,1.0,0.0,0.0,1.0,0.0
mlpt,3.0,0.1,0.01,rise,40,3,3,0,0,3,0,0,3,0,-0.9154427166342284,-0.9098875543411774,-0.9145438051236936,0.0,1.0,0.0,0.0,1.0
mlpt,3.0,0.1,0.01,rise,50,3,3,0,0,3,0,0,3,0,-0.915540698546667,-0.9089049278710954,-0.9150759103080623,0.0,1.0,0.0,0.0,1.0
mlpt,3.0,0.1,0.01,rise,60,3,3,0,0,3,0,0,3,0,-0.9000772485850255,-0.8704320978600026,-0.8942356161383893,0.0,1.0,0.0,0.0,1.0
mlpt,3.0,0.1,0.01,fall,40,3,3,0,3,0,0,3,0,0,0.5659009286116676,0.5829222220987615,0.5737336383920106,1.0,0.0,0.0,1.0,0.0
mlpt,3.0,0.1,0.01,fall,50,3,3,0,3,0,0,3,0,0,0.5687142387715767,0.5860151611957076,0.5781614657233534,1.0,0.0,0.0,1.0,0.0
mlpt,3.0,0.1,0.01,fall,60,3,3,0,3,0,0,3,0,0,0.5714863497984934,0.5883177007340783,0.5820635040701823,1.0,0.0,0.0,1.0,0.0
mlpt,3.0,0.1,0.03,rise,40,3,3,0,0,3,0,0,3,0,-0.9086213883951972,-0.9044771383432684,-0.9081495986646398,0.0,1.0,0.0,0.0,1.0
mlpt,3.0,0.1,0.03,rise,50,3,3,0,0,3,0,0,3,0,-0.9062262748521908,-0.9011445295608176,-0.9062120670195296,0.0,1.0,0.0,0.0,1.0
mlpt,3.0,0.1,0.03,rise,60,3,3,0,0,3,0,0,3,0,-0.8864280251785823,-0.8558175935115673,-0.8801515394431663,0.0,1.0,0.0,0.0,1.0
mlpt,3.0,0.1,0.03,fall,40,3,3,0,3,0,0,3,0,0,0.5872427695874527,0.602250194169843,0.5941699596365697,1.0,0.0,0.0,1.0,0.0
mlpt,3.0,0.1,0.03,fall,50,3,3,0,3,0,0,3,0,0,0.5899811521717551,0.6051508648830652,0.5982364021980113,1.0,0.0,0.0,1.0,0.0
mlpt,3.0,0.1,0.03,fall,60,3,3,0,3,0,0,3,0,0,0.5927252964894625,0.6072505071527501,0.6018104626285892,1.0,0.0,0.0,1.0,0.0
mlpt,3.0,0.1,0.1,rise,40,3,3,0,0,3,0,0,3,0,-0.8928102910268597,-0.8905013370820942,-0.8924086945819427,0.0,1.0,0.0,0.0,1.0
mlpt,3.0,0.1,0.1,rise,50,3,3,0,0,3,0,0,3,0,-0.884060277831779,-0.8811099344182227,-0.8839948179931916,0.0,1.0,0.0,0.0,1.0
mlpt,3.0,0.1,0.1,rise,60,3,3,0,0,3,0,0,3,0,-0.8483158889247056,-0.8214735707286003,-0.8428827281844302,0.0,1.0,0.0,0.0,1.0
mlpt,3.0,0.1,0.1,fall,40,3,3,0,3,0,0,3,0,0,0.6663059348609899,0.667383563340203,0.6669966275818813,1.0,0.0,0.0,1.0,0.0
mlpt,3.0,0.1,0.1,fall,50,3,3,0,3,0,0,3,0,0,0.666447544071965,0.6684496476608737,0.6674643224740424,1.0,0.0,0.0,1.0,0.0
mlpt,3.0,0.1,0.1,fall,60,3,3,0,3,0,0,3,0,0,0.6665385019242658,0.6692491444184667,0.66791087659464,1.0,0.0,0.0,1.0,0.0
mlpt,3.0,0.1,0.3,rise,40,3,3,0,0,3,0,0,3,0,-0.8753047663320753,-0.8608560743716798,-0.8679753080125682,0.0,1.0,0.0,0.0,1.0
mlpt,3.0,0.1,0.3,rise,50,3,3,0,0,3,0,0,3,0,-0.8570555342664268,-0.8388235533451223,-0.848395631504056,0.0,1.0,0.0,0.0,1.0
mlpt,3.0,0.1,0.3,rise,60,3,3,0,0,3,0,0,3,0,-0.7773900216133036,-0.7595376450910667,-0.7738311076169448,0.0,1.0,0.0,0.0,1.0
mlpt,3.0,0.1,0.3,fall,40,3,3,0,3,0,0,3,0,0,0.8426483506257956,0.8716167573044253,0.8575957931158471,1.0,0.0,0.0,1.0,0.0
mlpt,3.0,0.1,0.3,fall,50,3,3,0,3,0,0,3,0,0,0.819118836184181,0.8503338509902947,0.8348960110790702,1.0,0.0,0.0,1.0,0.0
mlpt,3.0,0.1,0.3,fall,60,3,3,0,3,0,0,3,0,0,0.805875557722719,0.8324473343324796,0.8177194686844089,1.0,0.0,0.0,1.0,0.0
mlpt,3.0,0.1,1.0,rise,40,3,3,0,0,3,0,0,3,0,-0.8471044005094289,-0.8175211975647179,-0.8323538810562274,0.0,1.0,0.0,0.0,1.0
mlpt,3.0,0.1,1.0,rise,50,3,3,0,0,3,0,0,3,0,-0.8099959160131276,-0.7731849041476206,-0.792695691001557,0.0,1.0,0.0,0.0,1.0
mlpt,3.0,0.1,1.0,rise,60,3,3,0,0,3,0,0,3,0,-0.6174031903880124,-0.5878945548800252,-0.5907258038954672,0.0,1.0,0.0,0.0,1.0
mlpt,3.0,0.1,1.0,fall,40,3,3,0,3,0,0,3,0,0,1.515676331071108,1.5491770386783483,1.5304357588059303,1.0,0.0,0.0,1.0,0.0
mlpt,3.0,0.1,1.0,fall,50,3,3,0,3,0,0,3,0,0,1.3365770176415306,1.3828434390888935,1.356625485102965,1.0,0.0,0.0,1.0,0.0
mlpt,3.0,0.1,1.0,fall,60,3,3,0,3,0,0,3,0,0,1.2002212267807413,1.2545645836100787,1.222567802078076,1.0,0.0,0.0,1.0,0.0
mlpt,3.0,0.1,3.0,rise,40,3,3,0,0,3,0,0,3,0,-0.817023525538576,-0.7797302551460037,-0.7998767476983071,0.0,1.0,0.0,0.0,1.0
mlpt,3.0,0.1,3.0,rise,50,3,3,0,0,3,0,0,3,0,-0.7533173226902625,-0.7100008906484836,-0.7359889596234463,0.0,1.0,0.0,0.0,1.0
mlpt,3.0,0.1,3.0,rise,60,3,3,0,3,0,0,3,0,0,0.6529577509628277,0.6838988214652186,0.679363068504224,1.0,0.0,0.0,1.0,0.0
mlpt,3.0,0.1,3.0,fall,40,3,3,0,3,0,0,3,0,0,3.407572154186387,3.4668767196990946,3.433932736353769,1.0,0.0,0.0,1.0,0.0
mlpt,3.0,0.1,3.0,fall,50,3,3,0,3,0,0,3,0,0,2.7821859798845563,2.8542563864607144,2.8138356514178566,1.0,0.0,0.0,1.0,0.0
mlpt,3.0,0.1,3.0,fall,60,3,3,0,3,0,0,3,0,0,2.2811883011829344,2.3613364673501627,2.3151363506930287,1.0,0.0,0.0,1.0,0.0
mlpt,3.0,0.3,0.01,rise,40,3,3,0,0,3,0,0,3,0,-0.9340610318502474,-0.9204515581458907,-0.9296475731798496,0.0,1.0,0.0,0.0,1.0
mlpt,3.0,0.3,0.01,rise,50,3,3,0,0,3,0,0,3,0,-0.9383865548817664,-0.921749648481529,-0.9335988324448808,0.0,1.0,0.0,0.0,1.0
mlpt,3.0,0.3,0.01,rise,60,3,3,0,0,3,0,0,3,0,-0.92619420717296,-0.8844577123430666,-0.9150637277309308,0.0,1.0,0.0,0.0,1.0
mlpt,3.0,0.3,0.01,fall,40,3,3,0,3,0,0,3,0,0,0.4022224561032281,0.4394560867484847,0.4194527319402019,1.0,0.0,0.0,1.0,0.0
mlpt,3.0,0.3,0.01,fall,50,3,3,0,3,0,0,3,0,0,0.4226939811322121,0.4655108121595508,0.4440487308604526,1.0,0.0,0.0,1.0,0.0
mlpt,3.0,0.3,0.01,fall,60,3,3,0,3,0,0,3,0,0,0.4400782942241372,0.4813190481722569,0.4632849172596396,1.0,0.0,0.0,1.0,0.0
mlpt,3.0,0.3,0.03,rise,40,3,3,0,0,3,0,0,3,0,-0.9272591596160518,-0.914951691688276,-0.9232248979908074,0.0,1.0,0.0,0.0,1.0
mlpt,3.0,0.3,0.03,rise,50,3,3,0,0,3,0,0,3,0,-0.9290507667920724,-0.9138277757899386,-0.9246737464187692,0.0,1.0,0.0,0.0,1.0
mlpt,3.0,0.3,0.03,rise,60,3,3,0,0,3,0,0,3,0,-0.9123978554642732,-0.8693880036793311,-0.9006872938284471,0.0,1.0,0.0,0.0,1.0
mlpt,3.0,0.3,0.03,fall,40,3,3,0,3,0,0,3,0,0,0.4230627447120407,0.4584931232479623,0.4395670228030139,1.0,0.0,0.0,1.0,0.0
mlpt,3.0,0.3,0.03,fall,50,3,3,0,3,0,0,3,0,0,0.4434924612307029,0.4843285575244356,0.4638246077705408,1.0,0.0,0.0,1.0,0.0
mlpt,3.0,0.3,0.03,fall,60,3,3,0,3,0,0,3,0,0,0.4608875115474751,0.4999448322862028,0.4827538466936572,1.0,0.0,0.0,1.0,0.0
mlpt,3.0,0.3,0.1,rise,40,3,3,0,0,3,0,0,3,0,-0.9091089562758738,-0.9029873847738302,-0.9073115655705596,0.0,1.0,0.0,0.0,1.0
mlpt,3.0,0.3,0.1,rise,50,3,3,0,0,3,0,0,3,0,-0.9038042700987584,-0.8961503898191737,-0.9021618003224484,0.0,1.0,0.0,0.0,1.0
mlpt,3.0,0.3,0.1,rise,60,3,3,0,0,3,0,0,3,0,-0.8735928706523606,-0.8335050500930077,-0.8622418193971608,0.0,1.0,0.0,0.0,1.0
mlpt,3.0,0.3,0.1,fall,40,3,3,0,3,0,0,3,0,0,0.50127114589323,0.5238759108933055,0.5124468219809604,1.0,0.0,0.0,1.0,0.0
mlpt,3.0,0.3,0.1,fall,50,3,3,0,3,0,0,3,0,0,0.5192450307889476,0.5469381472453283,0.5329454985756485,1.0,0.0,0.0,1.0,0.0
mlpt,3.0,0.3,0.1,fall,60,3,3,0,3,0,0,3,0,0,0.5342767549392269,0.5611690730008156,0.5486749557959651,1.0,0.0,0.0,1.0,0.0
mlpt,3.0,0.3,0.3,rise,40,3,3,0,0,3,0,0,3,0,-0.8850566151911414,-0.8794092735431858,-0.8826689360712122,0.0,1.0,0.0,0.0,1.0
mlpt,3.0,0.3,0.3,rise,50,3,3,0,0,3,0,0,3,0,-0.8683659059878399,-0.8612221774033364,-0.8659796679821534,0.0,1.0,0.0,0.0,1.0
mlpt,3.0,0.3,0.3,rise,60,3,3,0,0,3,0,0,3,0,-0.8007204281736287,-0.7680428544073656,-0.7902518002275543,0.0,1.0,0.0,0.0,1.0
mlpt,3.0,0.3,0.3,fall,40,3,3,0,3,0,0,3,0,0,0.7079275110082532,0.7092828893456575,0.7081438673077041,1.0,0.0,0.0,1.0,0.0
mlpt,3.0,0.3,0.3,fall,50,3,3,0,3,0,0,3,0,0,0.701493733788364,0.7050643879875444,0.7034101044227707,1.0,0.0,0.0,1.0,0.0
mlpt,3.0,0.3,0.3,fall,60,3,3,0,3,0,0,3,0,0,0.6985947864972437,0.7018993132578042,0.7003623319038277,1.0,0.0,0.0,1.0,0.0
mlpt,3.0,0.3,1.0,rise,40,3,3,0,0,3,0,0,3,0,-0.8565287105125652,-0.8365111429371432,-0.8472324402089924,0.0,1.0,0.0,0.0,1.0
mlpt,3.0,0.3,1.0,rise,50,3,3,0,0,3,0,0,3,0,-0.8203149002614223,-0.7957897678537784,-0.8101212206103403,0.0,1.0,0.0,0.0,1.0
mlpt,3.0,0.3,1.0,rise,60,3,3,0,0,3,0,0,3,0,-0.6272510947778649,-0.5740762157717618,-0.5808803881577578,0.0,1.0,0.0,0.0,1.0
mlpt,3.0,0.3,1.0,fall,40,3,3,0,3,0,0,3,0,0,1.3858020422549622,1.3914336718414582,1.3863463197801602,1.0,0.0,0.0,1.0,0.0
mlpt,3.0,0.3,1.0,fall,50,3,3,0,3,0,0,3,0,0,1.2279634086722733,1.2439297105782914,1.2330868998195283,1.0,0.0,0.0,1.0,0.0
mlpt,3.0,0.3,1.0,fall,60,3,3,0,3,0,0,3,0,0,1.1024717693706392,1.1300270227914413,1.113113057392201,1.0,0.0,0.0,1.0,0.0
mlpt,3.0,0.3,3.0,rise,40,3,3,0,0,3,0,0,3,0,-0.8269701175044519,-0.7998242830519047,-0.815579106334634,0.0,1.0,0.0,0.0,1.0
mlpt,3.0,0.3,3.0,rise,50,3,3,0,0,3,0,0,3,0,-0.7640045560530699,-0.7339268932223566,-0.7543001335488042,0.0,1.0,0.0,0.0,1.0
mlpt,3.0,0.3,3.0,rise,60,3,3,0,3,0,0,3,0,0,0.6435207355114021,0.6614422970040921,0.6605752768166129,1.0,0.0,0.0,1.0,0.0
mlpt,3.0,0.3,3.0,fall,40,3,3,0,3,0,0,3,0,0,3.2672608737996818,3.2978021902105352,3.279190110344606,1.0,0.0,0.0,1.0,0.0
mlpt,3.0,0.3,3.0,fall,50,3,3,0,3,0,0,3,0,0,2.665970512698149,2.706939733186094,2.6825291804545026,1.0,0.0,0.0,1.0,0.0
mlpt,3.0,0.3,3.0,fall,60,3,3,0,3,0,0,3,0,0,2.179483590477339,2.2321737665217274,2.201629892336278,1.0,0.0,0.0,1.0,0.0
mlpt,3.0,1.0,0.01,rise,40,3,3,0,0,3,0,0,3,0,-0.937767836237118,-0.9277820201484104,-0.9343019447728108,0.0,1.0,0.0,0.0,1.0
mlpt,3.0,1.0,0.01,rise,50,3,3,0,0,3,0,0,3,0,-0.9395875714719502,-0.9288170543006752,-0.9366307582209004,0.0,1.0,0.0,0.0,1.0
mlpt,3.0,1.0,0.01,rise,60,3,3,0,0,3,0,0,3,0,-0.9163915744261928,-0.8823282263129684,-0.906923881714613,0.0,1.0,0.0,0.0,1.0
mlpt,3.0,1.0,0.01,fall,40,3,3,0,3,0,0,3,0,0,0.160285435057069,0.1899403393586407,0.1756394484804988,1.0,0.0,0.0,1.0,0.0
mlpt,3.0,1.0,0.01,fall,50,3,3,0,3,0,0,3,0,0,0.1998254212236849,0.2089857659940079,0.2081185443499738,1.0,0.0,0.0,1.0,0.0
mlpt,3.0,1.0,0.01,fall,60,3,3,0,3,0,0,3,0,0,0.2719324585822313,0.2841830541196186,0.2811819720418338,1.0,0.0,0.0,1.0,0.0
mlpt,3.0,1.0,0.03,rise,40,3,3,0,0,3,0,0,3,0,-0.9313117698492188,-0.9218755799048378,-0.9279392245453062,0.0,1.0,0.0,0.0,1.0
mlpt,3.0,1.0,0.03,rise,50,3,3,0,0,3,0,0,3,0,-0.9304739278700735,-0.9200530981667352,-0.927522013352579,0.0,1.0,0.0,0.0,1.0
mlpt,3.0,1.0,0.03,rise,60,3,3,0,0,3,0,0,3,0,-0.9017090686124756,-0.8643502352863983,-0.8907066821956402,0.0,1.0,0.0,0.0,1.0
mlpt,3.0,1.0,0.03,fall,40,3,3,0,3,0,0,3,0,0,0.17013921854566,0.1964778074677111,0.1826979005840674,1.0,0.0,0.0,1.0,0.0
mlpt,3.0,1.0,0.03,fall,50,3,3,0,3,0,0,3,0,0,0.2139434886726676,0.2225947904075735,0.221440338947592,1.0,0.0,0.0,1.0,0.0
mlpt,3.0,1.0,0.03,fall,60,3,3,0,3,0,0,3,0,0,0.2870902337727159,0.3002781779166845,0.296370135583289,1.0,0.0,0.0,1.0,0.0
mlpt,3.0,1.0,0.1,rise,40,3,3,0,0,3,0,0,3,0,-0.9134681348494746,-0.9082329020808456,-0.9114775395141376,0.0,1.0,0.0,0.0,1.0
mlpt,3.0,1.0,0.1,rise,50,3,3,0,0,3,0,0,3,0,-0.9048714704335998,-0.8991739444708344,-0.9034463393660116,0.0,1.0,0.0,0.0,1.0
mlpt,3.0,1.0,0.1,rise,60,3,3,0,0,3,0,0,3,0,-0.8578761434390618,-0.8173169216643297,-0.8438292926376676,0.0,1.0,0.0,0.0,1.0
mlpt,3.0,1.0,0.1,fall,40,3,3,0,3,0,0,3,0,0,0.2316846871032702,0.2446447527925217,0.236913499797057,1.0,0.0,0.0,1.0,0.0
mlpt,3.0,1.0,0.1,fall,50,3,3,0,3,0,0,3,0,0,0.2863929607871616,0.2880901345716569,0.2870892787829944,1.0,0.0,0.0,1.0,0.0
mlpt,3.0,1.0,0.1,fall,60,3,3,0,3,0,0,3,0,0,0.3525836702046616,0.36213464364962,0.359342838315313,1.0,0.0,0.0,1.0,0.0
mlpt,3.0,1.0,0.3,rise,40,3,3,0,0,3,0,0,3,0,-0.8876619332722131,-0.8840875900681346,-0.8860832270018838,0.0,1.0,0.0,0.0,1.0
mlpt,3.0,1.0,0.3,rise,50,3,3,0,0,3,0,0,3,0,-0.8657815661289394,-0.8610955966855267,-0.8645618082552167,0.0,1.0,0.0,0.0,1.0
mlpt,3.0,1.0,0.3,rise,60,3,3,0,0,3,0,0,3,0,-0.767069893568942,-0.7201887229810231,-0.7443400617337745,0.0,1.0,0.0,0.0,1.0
mlpt,3.0,1.0,0.3,fall,40,3,3,0,3,0,0,3,0,0,0.4787262989988119,0.4833154767569656,0.4803646756095054,1.0,0.0,0.0,1.0,0.0
mlpt,3.0,1.0,0.3,fall,50,3,3,0,3,0,0,3,0,0,0.5097513925134605,0.5133223738230437,0.5109332063913725,1.0,0.0,0.0,1.0,0.0
mlpt,3.0,1.0,0.3,fall,60,3,3,0,3,0,0,3,0,0,0.5437919461618934,0.5466398470377114,0.5447888209578546,1.0,0.0,0.0,1.0,0.0
mlpt,3.0,1.0,1.0,rise,40,3,3,0,0,3,0,0,3,0,-0.8577509697137855,-0.8448140332352854,-0.8524703610177478,0.0,1.0,0.0,0.0,1.0
mlpt,3.0,1.0,1.0,rise,50,3,3,0,0,3,0,0,3,0,-0.8121801518825145,-0.7980674107236461,-0.8085006783444255,0.0,1.0,0.0,0.0,1.0
mlpt,3.0,1.0,1.0,rise,60,3,3,0,3,0,0,3,0,0,0.5246533203953891,0.5552534444984172,0.5506161441414359,1.0,0.0,0.0,1.0,0.0
mlpt,3.0,1.0,1.0,fall,40,3,3,0,3,0,0,3,0,0,1.2604260319784704,1.2687437089294158,1.2646734361989869,1.0,0.0,0.0,1.0,0.0
mlpt,3.0,1.0,1.0,fall,50,3,3,0,3,0,0,3,0,0,1.1657927349649442,1.1743097007641596,1.1700168911258362,1.0,0.0,0.0,1.0,0.0
mlpt,3.0,1.0,1.0,fall,60,3,3,0,3,0,0,3,0,0,1.0774709556676627,1.0862090484855869,1.0816691097875002,1.0,0.0,0.0,1.0,0.0
mlpt,3.0,1.0,3.0,rise,40,3,3,0,0,3,0,0,3,0,-0.8317104062139168,-0.8154743039667476,-0.8261232264460403,0.0,1.0,0.0,0.0,1.0
mlpt,3.0,1.0,3.0,rise,50,3,3,0,0,3,0,0,3,0,-0.7588340201394841,-0.7455762570415183,-0.7587935717631122,0.0,1.0,0.0,0.0,1.0
mlpt,3.0,1.0,3.0,rise,60,3,3,0,3,0,0,3,0,0,0.6613156240701117,0.671445886256608,0.668558583254852,1.0,0.0,0.0,1.0,0.0
mlpt,3.0,1.0,3.0,fall,40,3,3,0,3,0,0,3,0,0,3.149611271772062,3.175902948705565,3.163796886242327,1.0,0.0,0.0,1.0,0.0
mlpt,3.0,1.0,3.0,fall,50,3,3,0,3,0,0,3,0,0,2.666101316880221,2.6930478558763866,2.6805388630688336,1.0,0.0,0.0,1.0,0.0
mlpt,3.0,1.0,3.0,fall,60,3,3,0,3,0,0,3,0,0,2.252422342197994,2.2803004615226388,2.2672184957894297,1.0,0.0,0.0,1.0,0.0
mlpt,3.0,3.0,0.01,rise,40,3,3,0,0,3,0,0,3,0,-0.9203490600007403,-0.9134811580146032,-0.916431213098691,0.0,1.0,0.0,0.0,1.0
mlpt,3.0,3.0,0.01,rise,50,3,3,0,0,3,0,0,3,0,-0.9125638166891564,-0.8998229664455104,-0.9060963511030504,0.0,1.0,0.0,0.0,1.0
mlpt,3.0,3.0,0.01,rise,60,3,3,0,0,3,0,0,3,0,-0.8263296411986143,-0.8227041607754273,-0.8245029997974063,0.0,1.0,0.0,0.0,1.0
mlpt,3.0,3.0,0.01,fall,40,3,3,0,3,0,0,3,0,0,0.3911567526929529,0.3992954838714064,0.3981047900561325,1.0,0.0,0.0,1.0,0.0
mlpt,3.0,3.0,0.01,fall,50,3,3,0,3,0,0,3,0,0,0.3911567417379222,0.3992954709037848,0.3981047749310242,1.0,0.0,0.0,1.0,0.0
mlpt,3.0,3.0,0.01,fall,60,3,3,0,3,0,0,3,0,0,0.3911567398920583,0.399295479200652,0.3981047854736195,1.0,0.0,0.0,1.0,0.0
mlpt,3.0,3.0,0.03,rise,40,3,3,0,0,3,0,0,3,0,-0.915006114546672,-0.9084791747273916,-0.9112964091119604,0.0,1.0,0.0,0.0,1.0
mlpt,3.0,3.0,0.03,rise,50,3,3,0,0,3,0,0,3,0,-0.9039716103854244,-0.8922386575597623,-0.8981720657918517,0.0,1.0,0.0,0.0,1.0
mlpt,3.0,3.0,0.03,rise,60,3,3,0,0,3,0,0,3,0,-0.808891234400501,-0.7992838234388484,-0.803496715958181,0.0,1.0,0.0,0.0,1.0
mlpt,3.0,3.0,0.03,fall,40,3,3,0,3,0,0,3,0,0,0.381238773626972,0.3898117857384724,0.3870682021332818,1.0,0.0,0.0,1.0,0.0
mlpt,3.0,3.0,0.03,fall,50,3,3,0,3,0,0,3,0,0,0.3812387471073215,0.3898118214547654,0.3870681891909733,1.0,0.0,0.0,1.0,0.0
mlpt,3.0,3.0,0.03,fall,60,3,3,0,3,0,0,3,0,0,0.3812387442957226,0.3898118236708452,0.3870681883879445,1.0,0.0,0.0,1.0,0.0
mlpt,3.0,3.0,0.1,rise,40,3,3,0,0,3,0,0,3,0,-0.9004945716307001,-0.8939974582164076,-0.8969563986864377,0.0,1.0,0.0,0.0,1.0
mlpt,3.0,3.0,0.1,rise,50,3,3,0,0,3,0,0,3,0,-0.8797698429760432,-0.8698329532645155,-0.8754605428535622,0.0,1.0,0.0,0.0,1.0
mlpt,3.0,3.0,0.1,rise,60,3,3,0,0,3,0,0,3,0,-0.7460311606663421,-0.7166264987708828,-0.7254361419518922,0.0,1.0,0.0,0.0,1.0
mlpt,3.0,3.0,0.1,fall,40,3,3,0,3,0,0,3,0,0,0.3711637735979556,0.3812652544809563,0.3731828031796418,1.0,0.0,0.0,1.0,0.0
mlpt,3.0,3.0,0.1,fall,50,3,3,0,3,0,0,3,0,0,0.3711637800062792,0.3812652772263778,0.373182796236283,1.0,0.0,0.0,1.0,0.0
mlpt,3.0,3.0,0.1,fall,60,3,3,0,3,0,0,3,0,0,0.3711674631593329,0.3812682098184661,0.3731871818315575,1.0,0.0,0.0,1.0,0.0
mlpt,3.0,3.0,0.3,rise,40,3,3,0,0,3,0,0,3,0,-0.878726531136527,-0.8698407134971069,-0.8745043993336379,0.0,1.0,0.0,0.0,1.0
mlpt,3.0,3.0,0.3,rise,50,3,3,0,0,3,0,0,3,0,-0.8407364493816187,-0.8306541482870049,-0.8377893185306056,0.0,1.0,0.0,0.0,1.0
mlpt,3.0,3.0,0.3,rise,60,3,3,0,3,0,0,3,0,0,0.4660008641868383,0.5019382881956833,0.4961008092565984,1.0,0.0,0.0,1.0,0.0
mlpt,3.0,3.0,0.3,fall,40,3,3,0,3,0,0,3,0,0,0.4644843562982323,0.4691754539084733,0.4663180523521726,1.0,0.0,0.0,1.0,0.0
mlpt,3.0,3.0,0.3,fall,50,3,3,0,3,0,0,3,0,0,0.4653219230050762,0.4700115599449619,0.4671286960322245,1.0,0.0,0.0,1.0,0.0
mlpt,3.0,3.0,0.3,fall,60,3,3,0,3,0,0,3,0,0,0.4692857453561725,0.4739683705955837,0.4709668636370567,1.0,0.0,0.0,1.0,0.0
mlpt,3.0,3.0,1.0,rise,40,3,3,0,0,3,0,0,3,0,-0.8524560549694801,-0.8410515522387194,-0.8481035066870759,0.0,1.0,0.0,0.0,1.0
mlpt,3.0,3.0,1.0,rise,50,3,3,0,0,3,0,0,3,0,-0.7888105336997469,-0.7798042475638842,-0.7879524882346818,0.0,1.0,0.0,0.0,1.0
mlpt,3.0,3.0,1.0,rise,60,3,3,0,3,0,0,3,0,0,0.6230601191782839,0.6324678682374119,0.6244274856287051,1.0,0.0,0.0,1.0,0.0
mlpt,3.0,3.0,1.0,fall,40,3,3,0,3,0,0,3,0,0,1.1752998945395978,1.178384137420112,1.1778079673884072,1.0,0.0,0.0,1.0,0.0
mlpt,3.0,3.0,1.0,fall,50,3,3,0,3,0,0,3,0,0,1.142572005187863,1.1458680810928843,1.1456624609708568,1.0,0.0,0.0,1.0,0.0
mlpt,3.0,3.0,1.0,fall,60,3,3,0,3,0,0,3,0,0,1.099875911560785,1.103778431337087,1.1034676702484931,1.0,0.0,0.0,1.0,0.0
mlpt,3.0,3.0,3.0,rise,40,3,3,0,0,3,0,0,3,0,-0.8341082938524162,-0.8232346720110719,-0.8307727489141421,0.0,1.0,0.0,0.0,1.0
mlpt,3.0,3.0,3.0,rise,50,3,3,0,0,3,0,0,3,0,-0.7524615286643901,-0.7448930596013512,-0.7458381836822237,0.0,1.0,0.0,0.0,1.0
mlpt,3.0,3.0,3.0,rise,60,3,3,0,3,0,0,3,0,0,0.6768541049963845,0.6835998978304545,0.6792385264086578,1.0,0.0,0.0,1.0,0.0
mlpt,3.0,3.0,3.0,fall,40,3,3,0,3,0,0,3,0,0,3.3160978860315486,3.322301275279452,3.319864698698868,1.0,0.0,0.0,1.0,0.0
mlpt,3.0,3.0,3.0,fall,50,3,3,0,3,0,0,3,0,0,2.9668183229145324,2.9737596624683107,2.972274295875523,1.0,0.0,0.0,1.0,0.0
mlpt,3.0,3.0,3.0,fall,60,3,3,0,3,0,0,3,0,0,2.6247795746775484,2.6326459520873904,2.63235077178872,1.0,0.0,0.0,1.0,0.0
svb,0.01,0.01,0.01,rise,40,3,3,0,0,0,3,3,0,0,0.0080409476877802,0.008095705796843,0.0080950844310601,0.0,0.0,1.0,1.0,0.0
svb,0.01,0.01,0.01,rise,50,3,3,0,0,0,3,3,0,0,0.0081002202783456,0.0081211641071911,0.0081177036095048,0.0,0.0,1.0,1.0,0.0
svb,0.01,0.01,0.01,rise,60,3,3,0,0,0,3,3,0,0,0.008099574357144,0.0081909337771098,0.0081419288268423,0.0,0.0,1.0,1.0,0.0
svb,0.01,0.01,0.01,fall,40,3,3,0,0,0,3,3,0,0,0.0083350751056539,0.0084776346897409,0.0083731827514207,0.0,0.0,1.0,1.0,0.0
svb,0.01,0.01,0.01,fall,50,3,3,0,0,0,3,3,0,0,0.008251307460188,0.0084932019338247,0.0083478464301395,0.0,0.0,1.0,1.0,0.0
svb,0.01,0.01,0.01,fall,60,3,3,0,0,0,3,3,0,0,0.0081693874989676,0.008519167511238,0.0083271243624077,0.0,0.0,1.0,1.0,0.0
svb,0.01,0.01,0.03,rise,40,3,3,0,3,0,0,3,0,0,0.0228320501778801,0.0243859801145466,0.0240697922043113,1.0,0.0,0.0,1.0,0.0
svb,0.01,0.01,0.03,rise,50,3,3,0,3,0,0,3,0,0,0.0236118317579252,0.0244944792763454,0.0243657606410036,1.0,0.0,0.0,1.0,0.0
svb,0.01,0.01,0.03,rise,60,3,3,0,3,0,0,3,0,0,0.0243623306184204,0.0246071843302945,0.0245461898725076,1.0,0.0,0.0,1.0,0.0
svb,0.01,0.01,0.03,fall,40,3,3,0,3,0,0,3,0,0,0.0262149987371492,0.0289494233532914,0.0272854674044136,1.0,0.0,0.0,1.0,0.0
svb,0.01,0.01,0.03,fall,50,3,3,0,3,0,0,3,0,0,0.0252787413470911,0.0291973472025586,0.0269886357360649,1.0,0.0,0.0,1.0,0.0
svb,0.01,0.01,0.03,fall,60,3,3,0,3,0,0,3,0,0,0.0243870670362974,0.0295804490723933,0.0267471025678842,1.0,0.0,0.0,1.0,0.0
svb,0.01,0.01,0.1,rise,40,3,3,0,3,0,0,3,0,0,0.0593398319954702,0.0737411803342381,0.0691333693072876,1.0,0.0,0.0,1.0,0.0
svb,0.01,0.01,0.1,rise,50,3,3,0,3,0,0,3,0,0,0.063797209326611,0.0749274249443294,0.0715869424201769,1.0,0.0,0.0,1.0,0.0
svb,0.01,0.01,0.1,rise,60,3,3,0,3,0,0,3,0,0,0.0685524768084787,0.0755992007809914,0.0737075704585028,1.0,0.0,0.0,1.0,0.0
svb,0.01,0.01,0.1,fall,40,3,3,0,3,0,0,3,0,0,0.0886660732696706,0.1156353300427316,0.101718768282748,1.0,0.0,0.0,1.0,0.0
svb,0.01,0.01,0.1,fall,50,3,3,0,3,0,0,3,0,0,0.080799370049456,0.1159721199153186,0.098293890000479,1.0,0.0,0.0,1.0,0.0
svb,0.01,0.01,0.1,fall,60,3,3,0,3,0,0,3,0,0,0.0745284376098284,0.1171672107319755,0.0955863064846209,1.0,0.0,0.0,1.0,0.0
svb,0.01,0.01,0.3,rise,40,3,3,0,3,0,0,3,0,0,0.1065115884425371,0.1403505246925213,0.127491059585702,1.0,0.0,0.0,1.0,0.0
svb,0.01,0.01,0.3,rise,50,3,3,0,3,0,0,3,0,0,0.1188857794469134,0.1440848180951041,0.1346069324941928,1.0,0.0,0.0,1.0,0.0
svb,0.01,0.01,0.3,rise,60,3,3,0,3,0,0,3,0,0,0.1337749488904661,0.1462265202495885,0.1411607125630956,1.0,0.0,0.0,1.0,0.0
svb,0.01,0.01,0.3,fall,40,3,3,0,3,0,0,3,0,0,0.2810210915500665,0.3353648097949653,0.3032525730897475,1.0,0.0,0.0,1.0,0.0
svb,0.01,0.01,0.3,fall,50,3,3,0,3,0,0,3,0,0,0.2302221624221638,0.3157592117272469,0.2683926154476472,1.0,0.0,0.0,1.0,0.0
svb,0.01,0.01,0.3,fall,60,3,3,0,3,0,0,3,0,0,0.1916671468185169,0.3040373763198862,0.2455325578911686,1.0,0.0,0.0,1.0,0.0
svb,0.01,0.01,1.0,rise,40,3,3,0,3,0,0,3,0,0,0.1566362489946436,0.1941392483724914,0.1799021195204077,1.0,0.0,0.0,1.0,0.0
svb,0.01,0.01,1.0,rise,50,3,3,0,3,0,0,3,0,0,0.1806486699724911,0.2000270732292385,0.1923700280921374,1.0,0.0,0.0,1.0,0.0
svb,0.01,0.01,1.0,rise,60,3,3,0,3,0,0,3,0,0,0.2032541950265649,0.2075483613572574,0.2043373325588926,1.0,0.0,0.0,1.0,0.0
svb,0.01,0.01,1.0,fall,40,3,3,0,3,0,0,3,0,0,0.9526961720924436,1.047433679278975,0.9984920267021338,1.0,0.0,0.0,1.0,0.0
svb,0.01,0.01,1.0,fall,50,3,3,0,3,0,0,3,0,0,0.7456967300418162,0.8723243088995446,0.8074318292992493,1.0,0.0,0.0,1.0,0.0
svb,0.01,0.01,1.0,fall,60,3,3,0,3,0,0,3,0,0,0.5795168606421098,0.7380191155134395,0.657186974426537,1.0,0.0,0.0,1.0,0.0
svb,0.01,0.01,3.0,rise,40,3,3,0,3,0,0,3,0,0,0.1867430235180417,0.2178990957388592,0.2064990686950419,1.0,0.0,0.0,1.0,0.0
svb,0.01,0.01,3.0,rise,50,3,3,0,3,0,0,3,0,0,0.2174984438238999,0.224810747889791,0.2221800137214915,1.0,0.0,0.0,1.0,0.0
svb,0.01,0.01,3.0,rise,60,3,3,0,3,0,0,3,0,0,0.2285968177716871,0.2512806053106755,0.2375632123693519,1.0,0.0,0.0,1.0,0.0
svb,0.01,0.01,3.0,fall,40,3,3,0,3,0,0,3,0,0,2.81025903033764,2.947771519751828,2.878612868710915,1.0,0.0,0.0,1.0,0.0
svb,0.01,0.01,3.0,fall,50,3,3,0,3,0,0,3,0,0,2.1569724933432832,2.326375074644908,2.2412655353237896,1.0,0.0,0.0,1.0,0.0
svb,0.01,0.01,3.0,fall,60,3,3,0,3,0,0,3,0,0,1.6261494212168397,1.827426665372224,1.7263775116693354,1.0,0.0,0.0,1.0,0.0
svb,0.01,0.03,0.01,rise,40,3,3,0,0,0,3,3,0,0,0.0059034019833008,0.0059257213714584,0.005905294853311,0.0,0.0,1.0,1.0,0.0
svb,0.01,0.03,0.01,rise,50,3,3,0,0,0,3,3,0,0,0.0059035973550644,0.0059494828160371,0.005940390089665,0.0,0.0,1.0,1.0,0.0
svb,0.01,0.03,0.01,rise,60,3,3,0,0,0,3,3,0,0,0.0058976118183985,0.0059944539877811,0.0059522852145367,0.0,0.0,1.0,1.0,0.0
svb,0.01,0.03,0.01,fall,40,3,3,0,0,0,3,3,0,0,0.0060738996373241,0.0061075085093411,0.0060836325814929,0.0,0.0,1.0,1.0,0.0
svb,0.01,0.03,0.01,fall,50,3,3,0,0,0,3,3,0,0,0.0060265536039012,0.0061082506626549,0.006069009948695,0.0,0.0,1.0,1.0,0.0
svb,0.01,0.03,0.01,fall,60,3,3,0,0,0,3,3,0,0,0.0059819797351357,0.0061130222878822,0.0060571562434534,0.0,0.0,1.0,1.0,0.0
svb,0.01,0.03,0.03,rise,40,3,3,0,3,0,0,3,0,0,0.0160784047660363,0.017114325262842,0.0169538039586697,1.0,0.0,0.0,1.0,0.0
svb,0.01,0.03,0.03,rise,50,3,3,0,3,0,0,3,0,0,0.0166956273242776,0.0171899502435357,0.0171767858017903,1.0,0.0,0.0,1.0,0.0
svb,0.01,0.03,0.03,rise,60,3,3,0,3,0,0,3,0,0,0.017188647128081,0.017382462519473,0.017308518628833,1.0,0.0,0.0,1.0,0.0
svb,0.01,0.03,0.03,fall,40,3,3,0,3,0,0,3,0,0,0.01873010826427,0.0204542390043034,0.0195134201765339,1.0,0.0,0.0,1.0,0.0
svb,0.01,0.03,0.03,fall,50,3,3,0,3,0,0,3,0,0,0.0179930285911489,0.020561023131111,0.019275206851945,1.0,0.0,0.0,1.0,0.0
svb,0.01,0.03,0.03,fall,60,3,3,0,3,0,0,3,0,0,0.0173152218909421,0.020754257589158,0.0190820959064905,1.0,0.0,0.0,1.0,0.0
svb,0.01,0.03,0.1,rise,40,3,3,0,3,0,0,3,0,0,0.0473973088882372,0.0603524097843775,0.0561582856812937,1.0,0.0,0.0,1.0,0.0
svb,0.01,0.03,0.1,rise,50,3,3,0,3,0,0,3,0,0,0.0514376200023954,0.0614317838612317,0.0584458883119766,1.0,0.0,0.0,1.0,0.0
svb,0.01,0.03,0.1,rise,60,3,3,0,3,0,0,3,0,0,0.0558344048153519,0.062017559042123,0.06043407876184,1.0,0.0,0.0,1.0,0.0
svb,0.01,0.03,0.1,fall,40,3,3,0,3,0,0,3,0,0,0.0753668065075797,0.0995004635769886,0.0871272759337929,1.0,0.0,0.0,1.0,0.0
svb,0.01,0.03,0.1,fall,50,3,3,0,3,0,0,3,0,0,0.0678212569018716,0.0995460980902528,0.0838252301069754,1.0,0.0,0.0,1.0,0.0
svb,0.01,0.03,0.1,fall,60,3,3,0,3,0,0,3,0,0,0.0619944407707956,0.1003458079557623,0.0812254550798621,1.0,0.0,0.0,1.0,0.0
svb,0.01,0.03,0.3,rise,40,3,3,0,3,0,0,3,0,0,0.0917874689337475,0.1238907226807881,0.1114909571500983,1.0,0.0,0.0,1.0,0.0
svb,0.01,0.03,0.3,rise,50,3,3,0,3,0,0,3,0,0,0.1035966418575039,0.1275064750128013,0.1183708190296773,1.0,0.0,0.0,1.0,0.0
svb,0.01,0.03,0.3,rise,60,3,3,0,3,0,0,3,0,0,0.1179073359599336,0.129570008664773,0.1247345005300374,1.0,0.0,0.0,1.0,0.0
svb,0.01,0.03,0.3,fall,40,3,3,0,3,0,0,3,0,0,0.2640658412133752,0.3154424777864215,0.285079112179849,1.0,0.0,0.0,1.0,0.0
svb,0.01,0.03,0.3,fall,50,3,3,0,3,0,0,3,0,0,0.2141437663096017,0.2954690116989735,0.2504511389220817,1.0,0.0,0.0,1.0,0.0
svb,0.01,0.03,0.3,fall,60,3,3,0,3,0,0,3,0,0,0.1763875877366472,0.2833003406279863,0.227663450153039,1.0,0.0,0.0,1.0,0.0
svb,0.01,0.03,1.0,rise,40,3,3,0,3,0,0,3,0,0,0.1405620176773365,0.1764069177117901,0.1625555365095404,1.0,0.0,0.0,1.0,0.0
svb,0.01,0.03,1.0,rise,50,3,3,0,3,0,0,3,0,0,0.1638648451822316,0.1821837796010708,0.174758430622794,1.0,0.0,0.0,1.0,0.0
svb,0.01,0.03,1.0,rise,60,3,3,0,3,0,0,3,0,0,0.1853495684050541,0.1900702492243696,0.1865107787134732,1.0,0.0,0.0,1.0,0.0
svb,0.01,0.03,1.0,fall,40,3,3,0,3,0,0,3,0,0,0.9338645576780104,1.0256536990800744,0.9784181799725352,1.0,0.0,0.0,1.0,0.0
svb,0.01,0.03,1.0,fall,50,3,3,0,3,0,0,3,0,0,0.7277514768119134,0.8502972683164637,0.7876395650235787,1.0,0.0,0.0,1.0,0.0
svb,0.01,0.03,1.0,fall,60,3,3,0,3,0,0,3,0,0,0.5624162094463259,0.7156140011670243,0.6376238468430031,1.0,0.0,0.0,1.0,0.0
svb,0.01,0.03,3.0,rise,40,3,3,0,3,0,0,3,0,0,0.1701968254183646,0.1997666584753936,0.1887196074718835,1.0,0.0,0.0,1.0,0.0
svb,0.01,0.03,3.0,rise,50,3,3,0,3,0,0,3,0,0,0.2002253584329343,0.2065687863018931,0.2041258524807385,1.0,0.0,0.0,1.0,0.0
svb,0.01,0.03,3.0,rise,60,3,3,0,3,0,0,3,0,0,0.21029688185884,0.2333072675697753,0.219285608449084,1.0,0.0,0.0,1.0,0.0
svb,0.01,0.03,3.0,fall,40,3,3,0,3,0,0,3,0,0,2.790817169122912,2.9254214777559624,2.857953033744572,1.0,0.0,0.0,1.0,0.0
svb,0.01,0.03,3.0,fall,50,3,3,0,3,0,0,3,0,0,2.138417030944962,2.303777957930818,2.220887228790618,1.0,0.0,0.0,1.0,0.0
svb,0.01,0.03,3.0,fall,60,3,3,0,3,0,0,3,0,0,1.608438616370326,1.8044514941933048,1.7062283530421842,1.0,0.0,0.0,1.0,0.0
svb,0.01,0.1,0.01,rise,40,3,3,0,0,0,3,3,0,0,0.0046825661343428,0.0047057356412159,0.004703498800321,0.0,0.0,1.0,1.0,0.0
svb,0.01,0.1,0.01,rise,50,3,3,0,0,0,3,3,0,0,0.0046799683795603,0.004726055781218,0.0047098299828057,0.0,0.0,1.0,1.0,0.0
svb,0.01,0.1,0.01,rise,60,3,3,0,0,0,3,3,0,0,0.0046749650475789,0.0047478964884263,0.0047152996296439,0.0,0.0,1.0,1.0,0.0
svb,0.01,0.1,0.01,fall,40,3,3,0,0,0,3,3,0,0,0.0047784594400159,0.0048176510058607,0.0047806214756056,0.0,0.0,1.0,1.0,0.0
svb,0.01,0.1,0.01,fall,50,3,3,0,0,0,3,3,0,0,0.0047723206541449,0.0047860504763082,0.004775652886991,0.0,0.0,1.0,1.0,0.0
svb,0.01,0.1,0.01,fall,60,3,3,0,0,0,3,3,0,0,0.0047633966254573,0.0047740791470182,0.0047657641384071,0.0,0.0,1.0,1.0,0.0
svb,0.01,0.1,0.03,rise,40,3,3,0,0,0,3,3,0,0,0.009599464808411,0.009778048194828,0.0096804956090936,0.0,0.0,1.0,1.0,0.0
svb,0.01,0.1,0.03,rise,50,3,3,0,0,0,3,3,0,0,0.0096811357760129,0.0099337690007308,0.0098988216785847,0.0,0.0,1.0,1.0,0.0
svb,0.01,0.1,0.03,rise,60,3,3,0,2,0,1,3,0,0,0.0096479824718325,0.0102998417198451,0.010000615149581,0.6666666666666666,0.0,0.3333333333333333,1.0,0.0
svb,0.01,0.1,0.03,fall,40,3,3,0,3,0,0,3,0,0,0.0112878149771096,0.0115569935371377,0.0113813635604311,1.0,0.0,0.0,1.0,0.0
svb,0.01,0.1,0.03,fall,50,3,3,0,3,0,0,3,0,0,0.0109606398970317,0.0113344717202339,0.0111209123964695,1.0,0.0,0.0,1.0,0.0
svb,0.01,0.1,0.03,fall,60,3,3,0,3,0,0,3,0,0,0.0105379176807626,0.0113155456078486,0.0109932252430552,1.0,0.0,0.0,1.0,0.0
svb,0.01,0.1,0.1,rise,40,3,3,0,3,0,0,3,0,0,0.0307158784734421,0.0363889516686291,0.0346461356929654,1.0,0.0,0.0,1.0,0.0
svb,0.01,0.1,0.1,rise,50,3,3,0,3,0,0,3,0,0,0.0337769380436701,0.0369679298592497,0.0362037042609754,1.0,0.0,0.0,1.0,0.0
svb,0.01,0.1,0.1,rise,60,3,3,0,3,0,0,3,0,0,0.0371702111062686,0.0375963655289962,0.0374287158988163,1.0,0.0,0.0,1.0,0.0
svb,0.01,0.1,0.1,fall,40,3,3,0,3,0,0,3,0,0,0.058817046319757,0.0650708020080946,0.0598878773861657,1.0,0.0,0.0,1.0,0.0
svb,0.01,0.1,0.1,fall,50,3,3,0,3,0,0,3,0,0,0.0501051735231299,0.0638788820299273,0.0566486895644147,1.0,0.0,0.0,1.0,0.0
svb,0.01,0.1,0.1,fall,60,3,3,0,3,0,0,3,0,0,0.0442022992447617,0.0631811073830682,0.0542477964850496,1.0,0.0,0.0,1.0,0.0
svb,0.01,0.1,0.3,rise,40,3,3,0,3,0,0,3,0,0,0.0662106611421789,0.0852854593232136,0.0776329973625989,1.0,0.0,0.0,1.0,0.0
svb,0.01,0.1,0.3,rise,50,3,3,0,3,0,0,3,0,0,0.0764052654038497,0.0879400443019191,0.0830852821942436,1.0,0.0,0.0,1.0,0.0
svb,0.01,0.1,0.3,rise,60,3,3,0,3,0,0,3,0,0,0.0882438938812887,0.0893295677954429,0.0886914359093172,1.0,0.0,0.0,1.0,0.0
svb,0.01,0.1,0.3,fall,40,3,3,0,3,0,0,3,0,0,0.2355267766578722,0.2594322218757404,0.2431657792957875,1.0,0.0,0.0,1.0,0.0
svb,0.01,0.1,0.3,fall,50,3,3,0,3,0,0,3,0,0,0.1896421644635448,0.2361753660803444,0.2085004606057839,1.0,0.0,0.0,1.0,0.0
svb,0.01,0.1,0.3,fall,60,3,3,0,3,0,0,3,0,0,0.1535557041916369,0.2212900703819647,0.1843832860459135,1.0,0.0,0.0,1.0,0.0
svb,0.01,0.1,1.0,rise,40,3,3,0,3,0,0,3,0,0,0.1082059820760321,0.1300437511045158,0.1210716364217832,1.0,0.0,0.0,1.0,0.0
svb,0.01,0.1,1.0,rise,50,3,3,0,3,0,0,3,0,0,0.128515701931301,0.1347701721959226,0.1314175221242039,1.0,0.0,0.0,1.0,0.0
svb,0.01,0.1,1.0,rise,60,3,3,0,3,0,0,3,0,0,0.1372917787638666,0.1512381395096377,0.1415798366065913,1.0,0.0,0.0,1.0,0.0
svb,0.01,0.1,1.0,fall,40,3,3,0,3,0,0,3,0,0,0.8886106510064838,0.9518543270337172,0.9184800277117172,1.0,0.0,0.0,1.0,0.0
svb,0.01,0.1,1.0,fall,50,3,3,0,3,0,0,3,0,0,0.6894194462910357,0.7763837398584161,0.7308145184498392,1.0,0.0,0.0,1.0,0.0
svb,0.01,0.1,1.0,fall,60,3,3,0,3,0,0,3,0,0,0.5293693398592287,0.6407788847103979,0.58316849775884,1.0,0.0,0.0,1.0,0.0
svb,0.01,0.1,3.0,rise,40,3,3,0,3,0,0,3,0,0,0.134553116005674,0.1507066200020407,0.1442172286231562,1.0,0.0,0.0,1.0,0.0
svb,0.01,0.1,3.0,rise,50,3,3,0,3,0,0,3,0,0,0.1564486300731557,0.1611112059193545,0.1575854993470453,1.0,0.0,0.0,1.0,0.0
svb,0.01,0.1,3.0,rise,60,3,3,0,3,0,0,3,0,0,0.1595595388010465,0.1903454664051977,0.1709865434883286,1.0,0.0,0.0,1.0,0.0
svb,0.01,0.1,3.0,fall,40,3,3,0,3,0,0,3,0,0,2.7390313184590127,2.8442705606452963,2.7907796854075384,1.0,0.0,0.0,1.0,0.0
svb,0.01,0.1,3.0,fall,50,3,3,0,3,0,0,3,0,0,2.093577195478086,2.222534282914851,2.156848182582956,1.0,0.0,0.0,1.0,0.0
svb,0.01,0.1,3.0,fall,60,3,3,0,3,0,0,3,0,0,1.5690004997304166,1.7223890732114802,1.6446607009405272,1.0,0.0,0.0,1.0,0.0
svb,0.01,0.3,0.01,rise,40,3,3,0,0,0,3,3,0,0,0.004271040757888,0.0042951296982333,0.0042838531498702,0.0,0.0,1.0,1.0,0.0
svb,0.01,0.3,0.01,rise,50,3,3,0,0,0,3,3,0,0,0.0042700917809035,0.0043068196836171,0.0042871184901248,0.0,0.0,1.0,1.0,0.0
svb,0.01,0.3,0.01,rise,60,3,3,0,0,0,3,3,0,0,0.0042681197332427,0.0043091544482472,0.0042899357352865,0.0,0.0,1.0,1.0,0.0
svb,0.01,0.3,0.01,fall,40,3,3,0,0,0,3,3,0,0,0.0043299039754025,0.0043506331476041,0.0043354711355538,0.0,0.0,1.0,1.0,0.0
svb,0.01,0.3,0.01,fall,50,3,3,0,0,0,3,3,0,0,0.0043238127076609,0.0043505665290994,0.0043352828738181,0.0,0.0,1.0,1.0,0.0
svb,0.01,0.3,0.01,fall,60,3,3,0,0,0,3,3,0,0,0.0043192102924511,0.004350196076392,0.0043281143575399,0.0,0.0,1.0,1.0,0.0
svb,0.01,0.3,0.03,rise,40,3,3,0,0,0,3,3,0,0,0.0061693565230458,0.0063765354549288,0.0063036399917325,0.0,0.0,1.0,1.0,0.0
svb,0.01,0.3,0.03,rise,50,3,3,0,0,0,3,3,0,0,0.0061601795904339,0.0065536656187622,0.0063512218248032,0.0,0.0,1.0,1.0,0.0
svb,0.01,0.3,0.03,rise,60,3,3,0,0,0,3,3,0,0,0.0061381533002213,0.0066797987723088,0.0063926962761606,0.0,0.0,1.0,1.0,0.0
svb,0.01,0.3,0.03,fall,40,3,3,0,0,0,3,3,0,0,0.007114146398423,0.0073999264327806,0.0072280702309892,0.0,0.0,1.0,1.0,0.0
svb,0.01,0.3,0.03,fall,50,3,3,0,0,0,3,3,0,0,0.0069878096308727,0.0073904001994813,0.0071786676899951,0.0,0.0,1.0,1.0,0.0
svb,0.01,0.3,0.03,fall,60,3,3,0,0,0,3,3,0,0,0.0069147558467501,0.0073445641396343,0.0070155439064916,0.0,0.0,1.0,1.0,0.0
svb,0.01,0.3,0.1,rise,40,3,3,0,3,0,0,3,0,0,0.0182133969193087,0.0188034084426758,0.0185764506620146,1.0,0.0,0.0,1.0,0.0
svb,0.01,0.3,0.1,rise,50,3,3,0,3,0,0,3,0,0,0.0183216999207608,0.0208436207219577,0.0195896228112666,1.0,0.0,0.0,1.0,0.0
svb,0.01,0.3,0.1,rise,60,3,3,0,3,0,0,3,0,0,0.0182446739730257,0.0229740562244277,0.0203118933772447,1.0,0.0,0.0,1.0,0.0
svb,0.01,0.3,0.1,fall,40,3,3,0,3,0,0,3,0,0,0.0391903356463827,0.0426374056225213,0.04112209653445,1.0,0.0,0.0,1.0,0.0
svb,0.01,0.3,0.1,fall,50,3,3,0,3,0,0,3,0,0,0.0358736113051467,0.0397201938479658,0.0379017459081949,1.0,0.0,0.0,1.0,0.0
svb,0.01,0.3,0.1,fall,60,3,3,0,3,0,0,3,0,0,0.0339028945506937,0.0359432266646735,0.0339378482845736,1.0,0.0,0.0,1.0,0.0
svb,0.01,0.3,0.3,rise,40,3,3,0,3,0,0,3,0,0,0.0436946554072546,0.0453326227970095,0.0452511299454125,1.0,0.0,0.0,1.0,0.0
svb,0.01,0.3,0.3,rise,50,3,3,0,3,0,0,3,0,0,0.0464222608793254,0.051647747564487,0.0486260431944354,1.0,0.0,0.0,1.0,0.0
svb,0.01,0.3,0.3,rise,60,3,3,0,3,0,0,3,0,0,0.0467860672265904,0.0594471283009441,0.0519101286970988,1.0,0.0,0.0,1.0,0.0
svb,0.01,0.3,0.3,fall,40,3,3,0,3,0,0,3,0,0,0.2129969147474453,0.2148959120636357,0.2138323015074006,1.0,0.0,0.0,1.0,0.0
svb,0.01,0.3,0.3,fall,50,3,3,0,3,0,0,3,0,0,0.182361502340661,0.1839287655801176,0.1827967490646742,1.0,0.0,0.0,1.0,0.0
svb,0.01,0.3,0.3,fall,60,3,3,0,3,0,0,3,0,0,0.1523486778769633,0.158498296650413,0.1547367310655399,1.0,0.0,0.0,1.0,0.0
svb,0.01,0.3,1.0,rise,40,3,3,0,3,0,0,3,0,0,0.0739045796777379,0.0745158660799041,0.0742142932780277,1.0,0.0,0.0,1.0,0.0
svb,0.01,0.3,1.0,rise,50,3,3,0,3,0,0,3,0,0,0.0764396133288034,0.0894518750234694,0.081532462653505,1.0,0.0,0.0,1.0,0.0
svb,0.01,0.3,1.0,rise,60,3,3,0,3,0,0,3,0,0,0.0776370957420586,0.1047886795179914,0.0886307669672592,1.0,0.0,0.0,1.0,0.0
svb,0.01,0.3,1.0,fall,40,3,3,0,3,0,0,3,0,0,0.8465046221903694,0.8685428341803483,0.8599745290826946,1.0,0.0,0.0,1.0,0.0
svb,0.01,0.3,1.0,fall,50,3,3,0,3,0,0,3,0,0,0.680930923972934,0.7047258396309748,0.6950079736885502,1.0,0.0,0.0,1.0,0.0
svb,0.01,0.3,1.0,fall,60,3,3,0,3,0,0,3,0,0,0.5402296733120757,0.5706409259731263,0.5554415781103537,1.0,0.0,0.0,1.0,0.0
svb,0.01,0.3,3.0,rise,40,3,3,0,3,0,0,3,0,0,0.0878940290206957,0.0930700513717738,0.0905510479682804,1.0,0.0,0.0,1.0,0.0
svb,0.01,0.3,3.0,rise,50,3,3,0,3,0,0,3,0,0,0.0912440678952054,0.1129632856727662,0.099869636940988,1.0,0.0,0.0,1.0,0.0
svb,0.01,0.3,3.0,rise,60,3,3,0,3,0,0,3,0,0,0.0929673018727975,0.1332836997344411,0.109489086109351,1.0,0.0,0.0,1.0,0.0
svb,0.01,0.3,3.0,fall,40,3,3,0,3,0,0,3,0,0,2.662805246924869,2.715488354709481,2.6915185342729,1.0,0.0,0.0,1.0,0.0
svb,0.01,0.3,3.0,fall,50,3,3,0,3,0,0,3,0,0,2.06017781652542,2.1135815403640583,2.0889079254937126,1.0,0.0,0.0,1.0,0.0
svb,0.01,0.3,3.0,fall,60,3,3,0,3,0,0,3,0,0,1.567236088545422,1.625823368272723,1.5962798338520083,1.0,0.0,0.0,1.0,0.0
svb,0.01,1.0,0.01,rise,40,3,3,0,0,0,3,3,0,0,0.0041219998920869,0.0041379876892939,0.0041289350177515,0.0,0.0,1.0,1.0,0.0
svb,0.01,1.0,0.01,rise,50,3,3,0,0,0,3,3,0,0,0.0041220923026574,0.0041384168293596,0.004130973037762,0.0,0.0,1.0,1.0,0.0
svb,0.01,1.0,0.01,rise,60,3,3,0,0,0,3,3,0,0,0.0041217895882634,0.0041388452463108,0.0041328601189026,0.0,0.0,1.0,1.0,0.0
svb,0.01,1.0,0.01,fall,40,3,3,0,0,0,3,3,0,0,0.0041573387257749,0.0041874831818298,0.0041650477687156,0.0,0.0,1.0,1.0,0.0
svb,0.01,1.0,0.01,fall,50,3,3,0,0,0,3,3,0,0,0.0041572258169,0.0041874307249565,0.0041650714632399,0.0,0.0,1.0,1.0,0.0
svb,0.01,1.0,0.01,fall,60,3,3,0,0,0,3,3,0,0,0.0041572763820592,0.0041874910042707,0.0041651245516258,0.0,0.0,1.0,1.0,0.0
svb,0.01,1.0,0.03,rise,40,3,3,0,0,0,3,3,0,0,0.0047406106582525,0.0048618555356891,0.0047951234839326,0.0,0.0,1.0,1.0,0.0
svb,0.01,1.0,0.03,rise,50,3,3,0,0,0,3,3,0,0,0.0047400541733716,0.0048837218149052,0.0048125703929547,0.0,0.0,1.0,1.0,0.0
svb,0.01,1.0,0.03,rise,60,3,3,0,0,0,3,3,0,0,0.0047365027923964,0.0048928205844309,0.0048283350965522,0.0,0.0,1.0,1.0,0.0
svb,0.01,1.0,0.03,fall,40,3,3,0,0,0,3,3,0,0,0.0050788068851781,0.0053549108961816,0.005152392466772,0.0,0.0,1.0,1.0,0.0
svb,0.01,1.0,0.03,fall,50,3,3,0,0,0,3,3,0,0,0.0050787612040672,0.0053548182859102,0.0051524143439238,0.0,0.0,1.0,1.0,0.0
svb,0.01,1.0,0.03,fall,60,3,3,0,0,0,3,3,0,0,0.0050787858329401,0.0053548291011351,0.005152463159566,0.0,0.0,1.0,1.0,0.0
svb,0.01,1.0,0.1,rise,40,3,3,0,1,0,2,3,0,0,0.0090175854764147,0.0102722188548523,0.0096590489923549,0.3333333333333333,0.0,0.6666666666666666,1.0,0.0
svb,0.01,1.0,0.1,rise,50,3,3,0,1,0,2,3,0,0,0.0090453176856563,0.0110047938973394,0.0099855594999296,0.3333333333333333,0.0,0.6666666666666666,1.0,0.0
svb,0.01,1.0,0.1,rise,60,3,3,0,2,0,1,3,0,0,0.0090167092869635,0.0115592595724174,0.0102970479552149,0.6666666666666666,0.0,0.3333333333333333,1.0,0.0
svb,0.01,1.0,0.1,fall,40,3,3,0,3,0,0,3,0,0,0.0193533358341895,0.0238633244830681,0.021008377375014,1.0,0.0,0.0,1.0,0.0
svb,0.01,1.0,0.1,fall,50,3,3,0,3,0,0,3,0,0,0.0193318837606912,0.0238391113651779,0.0209872671113737,1.0,0.0,0.0,1.0,0.0
svb,0.01,1.0,0.1,fall,60,3,3,0,3,0,0,3,0,0,0.0192291421922083,0.0237226181381224,0.0208856730406925,1.0,0.0,0.0,1.0,0.0
svb,0.01,1.0,0.3,rise,40,3,3,0,3,0,0,3,0,0,0.0199461899566076,0.0239106872244114,0.0219285574319513,1.0,0.0,0.0,1.0,0.0
svb,0.01,1.0,0.3,rise,50,3,3,0,3,0,0,3,0,0,0.0203287786626986,0.0274978046883829,0.0235916383957749,1.0,0.0,0.0,1.0,0.0
svb,0.01,1.0,0.3,rise,60,3,3,0,3,0,0,3,0,0,0.0204426130212512,0.0308217025313719,0.0252752615832737,1.0,0.0,0.0,1.0,0.0
svb,0.01,1.0,0.3,fall,40,3,3,0,3,0,0,3,0,0,0.156270940827486,0.1746344385211415,0.1645336067841913,1.0,0.0,0.0,1.0,0.0
svb,0.01,1.0,0.3,fall,50,3,3,0,3,0,0,3,0,0,0.1479644900631227,0.1652615399374162,0.1557678038990972,1.0,0.0,0.0,1.0,0.0
svb,0.01,1.0,0.3,fall,60,3,3,0,3,0,0,3,0,0,0.13646829590646,0.1521860364922234,0.1435943948363163,1.0,0.0,0.0,1.0,0.0
svb,0.01,1.0,1.0,rise,40,3,3,0,3,0,0,3,0,0,0.0326361427217148,0.0408413214549255,0.0364549516964529,1.0,0.0,0.0,1.0,0.0
svb,0.01,1.0,1.0,rise,50,3,3,0,3,0,0,3,0,0,0.0337099901632784,0.048511580709219,0.0401383306742031,1.0,0.0,0.0,1.0,0.0
svb,0.01,1.0,1.0,rise,60,3,3,0,3,0,0,3,0,0,0.0342525709730656,0.0561465584431339,0.0440150863335961,1.0,0.0,0.0,1.0,0.0
svb,0.01,1.0,1.0,fall,40,3,3,0,3,0,0,3,0,0,0.8481528872377164,0.8768065972099588,0.8618766490969079,1.0,0.0,0.0,1.0,0.0
svb,0.01,1.0,1.0,fall,50,3,3,0,3,0,0,3,0,0,0.73464566908559,0.7603375488143804,0.7469175620921289,1.0,0.0,0.0,1.0,0.0
svb,0.01,1.0,1.0,fall,60,3,3,0,3,0,0,3,0,0,0.6242622001354718,0.6462713792650046,0.6347371313956967,1.0,0.0,0.0,1.0,0.0
svb,0.01,1.0,3.0,rise,40,3,3,0,3,0,0,3,0,0,0.0390433983857455,0.0507109290172828,0.044306163916654,1.0,0.0,0.0,1.0,0.0
svb,0.01,1.0,3.0,rise,50,3,3,0,3,0,0,3,0,0,0.0405449748471158,0.0609198139261687,0.0492249661157336,1.0,0.0,0.0,1.0,0.0
svb,0.01,1.0,3.0,rise,60,3,3,0,3,0,0,3,0,0,0.0413907885364907,0.0713554337976574,0.0544957663141867,1.0,0.0,0.0,1.0,0.0
svb,0.01,1.0,3.0,fall,40,3,3,0,3,0,0,3,0,0,2.6962123873975203,2.723624354818945,2.709212558216312,1.0,0.0,0.0,1.0,0.0
svb,0.01,1.0,3.0,fall,50,3,3,0,3,0,0,3,0,0,2.206248024275788,2.231963526767018,2.218384078343929,1.0,0.0,0.0,1.0,0.0
svb,0.01,1.0,3.0,fall,60,3,3,0,3,0,0,3,0,0,1.7832327481244326,1.8064466259451768,1.7940971302884066,1.0,0.0,0.0,1.0,0.0
svb,0.01,3.0,0.01,rise,40,3,3,0,0,0,3,3,0,0,0.0040799852507855,0.0040897782679936,0.0040843310074999,0.0,0.0,1.0,1.0,0.0
svb,0.01,3.0,0.01,rise,50,3,3,0,0,0,3,3,0,0,0.0040804760030009,0.0040904187207001,0.0040862741866372,0.0,0.0,1.0,1.0,0.0
svb,0.01,3.0,0.01,rise,60,3,3,0,0,0,3,3,0,0,0.0040807384572978,0.0040911259368482,0.0040880744518254,0.0,0.0,1.0,1.0,0.0
svb,0.01,3.0,0.01,fall,40,3,3,0,0,0,3,3,0,0,0.0041149283707602,0.004161660688867,0.004125619840126,0.0,0.0,1.0,1.0,0.0
svb,0.01,3.0,0.01,fall,50,3,3,0,0,0,3,3,0,0,0.0041149230783439,0.0041616838971338,0.0041256090685961,0.0,0.0,1.0,1.0,0.0
svb,0.01,3.0,0.01,fall,60,3,3,0,0,0,3,3,0,0,0.0041149335014272,0.0041616819930703,0.0041256075893674,0.0,0.0,1.0,1.0,0.0
svb,0.01,3.0,0.03,rise,40,3,3,0,0,0,3,3,0,0,0.0042970001508414,0.0043405323493031,0.0043163116336351,0.0,0.0,1.0,1.0,0.0
svb,0.01,3.0,0.03,rise,50,3,3,0,0,0,3,3,0,0,0.0042982679296457,0.0043454778356946,0.0043240384635617,0.0,0.0,1.0,1.0,0.0
svb,0.01,3.0,0.03,rise,60,3,3,0,0,0,3,3,0,0,0.0042986119339868,0.0043489462000743,0.00433128351356,0.0,0.0,1.0,1.0,0.0
svb,0.01,3.0,0.03,fall,40,3,3,0,0,0,3,3,0,0,0.0044658584642469,0.0047184159712418,0.0045265096216433,0.0,0.0,1.0,1.0,0.0
svb,0.01,3.0,0.03,fall,50,3,3,0,0,0,3,3,0,0,0.0044659035519272,0.0047184503881365,0.0045264416465942,0.0,0.0,1.0,1.0,0.0
svb,0.01,3.0,0.03,fall,60,3,3,0,0,0,3,3,0,0,0.0044659098417003,0.0047184419273298,0.0045264472234434,0.0,0.0,1.0,1.0,0.0
svb,0.01,3.0,0.1,rise,40,3,3,0,0,0,3,3,0,0,0.005874757199578,0.006460606450392,0.0061593338480988,0.0,0.0,1.0,1.0,0.0
svb,0.01,3.0,0.1,rise,50,3,3,0,0,0,3,3,0,0,0.0058946580752512,0.0066990862788046,0.0062951903688516,0.0,0.0,1.0,1.0,0.0
svb,0.01,3.0,0.1,rise,60,3,3,0,0,0,3,3,0,0,0.0058969586115521,0.0068834313165475,0.0064295076433044,0.0,0.0,1.0,1.0,0.0
svb,0.01,3.0,0.1,fall,40,3,3,0,3,0,0,3,0,0,0.0113875699794578,0.01669213969287,0.0131456581549507,1.0,0.0,0.0,1.0,0.0
svb,0.01,3.0,0.1,fall,50,3,3,0,3,0,0,3,0,0,0.0113876038178637,0.0166921790781007,0.0131456435684924,1.0,0.0,0.0,1.0,0.0
svb,0.01,3.0,0.1,fall,60,3,3,0,3,0,0,3,0,0,0.0113876090481301,0.0166921673871365,0.0131456394130324,1.0,0.0,0.0,1.0,0.0
svb,0.01,3.0,0.3,rise,40,3,3,0,3,0,0,3,0,0,0.0101281378571552,0.0126054871050099,0.0113164108617157,1.0,0.0,0.0,1.0,0.0
svb,0.01,3.0,0.3,rise,50,3,3,0,3,0,0,3,0,0,0.0103023141735751,0.0141055473719211,0.0120683543630581,1.0,0.0,0.0,1.0,0.0
svb,0.01,3.0,0.3,rise,60,3,3,0,3,0,0,3,0,0,0.0103835285989014,0.015530935663793,0.0128571403069241,1.0,0.0,0.0,1.0,0.0
svb,0.01,3.0,0.3,fall,40,3,3,0,3,0,0,3,0,0,0.1028294789799595,0.1333379931001115,0.1159099289690814,1.0,0.0,0.0,1.0,0.0
svb,0.01,3.0,0.3,fall,50,3,3,0,3,0,0,3,0,0,0.1027201290184085,0.1331982725435874,0.1157868995412334,1.0,0.0,0.0,1.0,0.0
svb,0.01,3.0,0.3,fall,60,3,3,0,3,0,0,3,0,0,0.1021934795289412,0.1325250412990444,0.1151945266491094,1.0,0.0,0.0,1.0,0.0
svb,0.01,3.0,1.0,rise,40,3,3,0,3,0,0,3,0,0,0.0152353420379185,0.0205493077563166,0.0176582272263026,1.0,0.0,0.0,1.0,0.0
svb,0.01,3.0,1.0,rise,50,3,3,0,3,0,0,3,0,0,0.0157134905115777,0.0240153733312674,0.0193638498790363,1.0,0.0,0.0,1.0,0.0
svb,0.01,3.0,1.0,rise,60,3,3,0,3,0,0,3,0,0,0.0160009309286376,0.0275687774673502,0.021218619776541,1.0,0.0,0.0,1.0,0.0
svb,0.01,3.0,1.0,fall,40,3,3,0,3,0,0,3,0,0,0.7958214795473104,0.8660242546382038,0.8290412897850956,1.0,0.0,0.0,1.0,0.0
svb,0.01,3.0,1.0,fall,50,3,3,0,3,0,0,3,0,0,0.7521443787896827,0.8206506681272856,0.784499976606523,1.0,0.0,0.0,1.0,0.0
svb,0.01,3.0,1.0,fall,60,3,3,0,3,0,0,3,0,0,0.6937723852323021,0.7597769930924714,0.7248562389721744,1.0,0.0,0.0,1.0,0.0
svb,0.01,3.0,3.0,rise,40,3,3,0,3,0,0,3,0,0,0.0178087445196556,0.0249808262642596,0.0210006028228182,1.0,0.0,0.0,1.0,0.0
svb,0.01,3.0,3.0,rise,50,3,3,0,3,0,0,3,0,0,0.0184737523122691,0.0296213240098438,0.0232621786301915,1.0,0.0,0.0,1.0,0.0
svb,0.01,3.0,3.0,rise,60,3,3,0,3,0,0,3,0,0,0.0189014133875817,0.0345006754315889,0.0257576648497376,1.0,0.0,0.0,1.0,0.0
svb,0.01,3.0,3.0,fall,40,3,3,0,3,0,0,3,0,0,2.9178749219139863,3.0072943783269523,2.961300499741653,1.0,0.0,0.0,1.0,0.0
svb,0.01,3.0,3.0,fall,50,3,3,0,3,0,0,3,0,0,2.5597620024191188,2.6469986040599878,2.602036282029452,1.0,0.0,0.0,1.0,0.0
svb,0.01,3.0,3.0,fall,60,3,3,0,3,0,0,3,0,0,2.2065404046640067,2.290981396598511,2.247341884710781,1.0,0.0,0.0,1.0,0.0
svb,0.03,0.01,0.01,rise,40,3,3,0,3,0,0,3,0,0,0.0135024910289322,0.0135838290025423,0.0135596565750595,1.0,0.0,0.0,1.0,0.0
svb,0.03,0.01,0.01,rise,50,3,3,0,3,0,0,3,0,0,0.0134911646657817,0.0136475904427352,0.0136119546251675,1.0,0.0,0.0,1.0,0.0
svb,0.03,0.01,0.01,rise,60,3,3,0,3,0,0,3,0,0,0.0134696097402674,0.0137317439257007,0.0136347673948165,1.0,0.0,0.0,1.0,0.0
svb,0.03,0.01,0.01,fall,40,3,3,0,3,0,0,3,0,0,0.0138885665517787,0.0139602842502762,0.0138970367228783,1.0,0.0,0.0,1.0,0.0
svb,0.03,0.01,0.01,fall,50,3,3,0,3,0,0,3,0,0,0.0138102353835181,0.0139686120141895,0.0138604603599556,1.0,0.0,0.0,1.0,0.0
svb,0.03,0.01,0.01,fall,60,3,3,0,3,0,0,3,0,0,0.0137272703518053,0.0139864234579332,0.0138375425270648,1.0,0.0,0.0,1.0,0.0
svb,0.03,0.01,0.03,rise,40,3,3,0,3,0,0,3,0,0,0.0291520177316912,0.0306137495211223,0.0303699920360088,1.0,0.0,0.0,1.0,0.0
svb,0.03,0.01,0.03,rise,50,3,3,0,3,0,0,3,0,0,0.0299561870216545,0.030708520565103,0.0306730894774767,1.0,0.0,0.0,1.0,0.0
svb,0.03,0.01,0.03,rise,60,3,3,0,3,0,0,3,0,0,0.0307303104600609,0.0309201724392861,0.0307415002598181,1.0,0.0,0.0,1.0,0.0
svb,0.03,0.01,0.03,fall,40,3,3,0,3,0,0,3,0,0,0.0326377576429494,0.0353166247449725,0.0336621699700415,1.0,0.0,0.0,1.0,0.0
svb,0.03,0.01,0.03,fall,50,3,3,0,3,0,0,3,0,0,0.0316821232735178,0.0355613373107506,0.033358157799068,1.0,0.0,0.0,1.0,0.0
svb,0.03,0.01,0.03,fall,60,3,3,0,3,0,0,3,0,0,0.0307740987802782,0.0359424080804806,0.0331108061697191,1.0,0.0,0.0,1.0,0.0
svb,0.03,0.01,0.1,rise,40,3,3,0,3,0,0,3,0,0,0.0660947749978658,0.0804039657712618,0.0758572833033138,1.0,0.0,0.0,1.0,0.0
svb,0.03,0.01,0.1,rise,50,3,3,0,3,0,0,3,0,0,0.0705875533347218,0.0815814477796963,0.07832171655149,1.0,0.0,0.0,1.0,0.0
svb,0.03,0.01,0.1,rise,60,3,3,0,3,0,0,3,0,0,0.0753812496778645,0.0822397296581012,0.0804514776275077,1.0,0.0,0.0,1.0,0.0
svb,0.03,0.01,0.1,fall,40,3,3,0,3,0,0,3,0,0,0.0956554172031893,0.1224735781862587,0.1085766121108059,1.0,0.0,0.0,1.0,0.0
svb,0.03,0.01,0.1,fall,50,3,3,0,3,0,0,3,0,0,0.0877265117506472,0.1228030778735239,0.1051360837263198,1.0,0.0,0.0,1.0,0.0
svb,0.03,0.01,0.1,fall,60,3,3,0,3,0,0,3,0,0,0.081415366287004,0.1239927997116551,0.1024168723743595,1.0,0.0,0.0,1.0,0.0
svb,0.03,0.01,0.3,rise,40,3,3,0,3,0,0,3,0,0,0.1134576295913398,0.1471665786353807,0.1343621706160752,1.0,0.0,0.0,1.0,0.0
svb,0.03,0.01,0.3,rise,50,3,3,0,3,0,0,3,0,0,0.1258673515425315,0.1508976586745495,0.1414895887748516,1.0,0.0,0.0,1.0,0.0
svb,0.03,0.01,0.3,rise,60,3,3,0,3,0,0,3,0,0,0.1407385045521928,0.1530333934306584,0.1480534699451155,1.0,0.0,0.0,1.0,0.0
svb,0.03,0.01,0.3,fall,40,3,3,0,3,0,0,3,0,0,0.2881767646031699,0.3424087098718721,0.3103267715578648,1.0,0.0,0.0,1.0,0.0
svb,0.03,0.01,0.3,fall,50,3,3,0,3,0,0,3,0,0,0.2373949225931448,0.3227752125272588,0.2754725713177586,1.0,0.0,0.0,1.0,0.0
svb,0.03,0.01,0.3,fall,60,3,3,0,3,0,0,3,0,0,0.1988565770817234,0.3110292130168508,0.2525905959911023,1.0,0.0,0.0,1.0,0.0
svb,0.03,0.01,1.0,rise,40,3,3,0,3,0,0,3,0,0,0.163655084364184,0.201045346115158,0.1868460705094806,1.0,0.0,0.0,1.0,0.0
svb,0.03,0.01,1.0,rise,50,3,3,0,3,0,0,3,0,0,0.1876523706818242,0.2069373969751789,0.1993267321744273,1.0,0.0,0.0,1.0,0.0
svb,0.03,0.01,1.0,rise,60,3,3,0,3,0,0,3,0,0,0.210168012947746,0.214537815497601,0.2113059397211165,1.0,0.0,0.0,1.0,0.0
svb,0.03,0.01,1.0,fall,40,3,3,0,3,0,0,3,0,0,0.9600647516254476,1.0545486462898697,1.0056743506487424,1.0,0.0,0.0,1.0,0.0
svb,0.03,0.01,1.0,fall,50,3,3,0,3,0,0,3,0,0,0.7530825040316335,0.8794400221856727,0.8146196584498371,1.0,0.0,0.0,1.0,0.0
svb,0.03,0.01,1.0,fall,60,3,3,0,3,0,0,3,0,0,0.5869190170366564,0.7451339635560996,0.6643792882875188,1.0,0.0,0.0,1.0,0.0
svb,0.03,0.01,3.0,rise,40,3,3,0,3,0,0,3,0,0,0.1937747316998589,0.2248543842350192,0.2134760603218509,1.0,0.0,0.0,1.0,0.0
svb,0.03,0.01,3.0,rise,50,3,3,0,3,0,0,3,0,0,0.2245183150218954,0.2317754663438667,0.229171761039465,1.0,0.0,0.0,1.0,0.0
svb,0.03,0.01,3.0,rise,60,3,3,0,3,0,0,3,0,0,0.2355709746679062,0.2582896786192097,0.2445693111019958,1.0,0.0,0.0,1.0,0.0
svb,0.03,0.01,3.0,fall,40,3,3,0,3,0,0,3,0,0,2.8179283703950797,2.954992150245454,2.885953428174492,1.0,0.0,0.0,1.0,0.0
svb,0.03,0.01,3.0,fall,50,3,3,0,3,0,0,3,0,0,2.164658979993745,2.333596466582992,2.2486116528119977,1.0,0.0,0.0,1.0,0.0
svb,0.03,0.01,3.0,fall,60,3,3,0,3,0,0,3,0,0,1.6338524197843418,1.834647395072032,1.7337282222285877,1.0,0.0,0.0,1.0,0.0
svb,0.03,0.03,0.01,rise,40,3,3,0,3,0,0,3,0,0,0.0114813968513207,0.0115819309691798,0.0115658071727863,1.0,0.0,0.0,1.0,0.0
svb,0.03,0.03,0.01,rise,50,3,3,0,3,0,0,3,0,0,0.0114663024131874,0.0116218714635031,0.0115777410899478,1.0,0.0,0.0,1.0,0.0
svb,0.03,0.03,0.01,rise,60,3,3,0,3,0,0,3,0,0,0.0114445622332122,0.0116613393444323,0.0115874739241443,1.0,0.0,0.0,1.0,0.0
svb,0.03,0.03,0.01,fall,40,3,3,0,3,0,0,3,0,0,0.0116906011962354,0.0117389511443529,0.0116942968761518,1.0,0.0,0.0,1.0,0.0
svb,0.03,0.03,0.01,fall,50,3,3,0,3,0,0,3,0,0,0.0116823440322528,0.0117042249159938,0.0116872513067931,1.0,0.0,0.0,1.0,0.0
svb,0.03,0.03,0.01,fall,60,3,3,0,3,0,0,3,0,0,0.0116725468143714,0.0116864313236495,0.0116726449932861,1.0,0.0,0.0,1.0,0.0
svb,0.03,0.03,0.03,rise,40,3,3,0,3,0,0,3,0,0,0.0223904559925174,0.0233062219753404,0.023207982881827,1.0,0.0,0.0,1.0,0.0
svb,0.03,0.03,0.03,rise,50,3,3,0,3,0,0,3,0,0,0.0229983256827644,0.0234391632095836,0.0233559322017976,1.0,0.0,0.0,1.0,0.0
svb,0.03,0.03,0.03,rise,60,3,3,0,3,0,0,3,0,0,0.0233535787528599,0.023627735768107,0.0236019144147497,1.0,0.0,0.0,1.0,0.0
svb,0.03,0.03,0.03,fall,40,3,3,0,3,0,0,3,0,0,0.0250060219713365,0.0266123368364632,0.0257145707568995,1.0,0.0,0.0,1.0,0.0
svb,0.03,0.03,0.03,fall,50,3,3,0,3,0,0,3,0,0,0.024286741263596,0.0267130667173177,0.0254811291786266,1.0,0.0,0.0,1.0,0.0
svb,0.03,0.03,0.03,fall,60,3,3,0,3,0,0,3,0,0,0.0236261495395178,0.0268978818262369,0.0252919735388146,1.0,0.0,0.0,1.0,0.0
svb,0.03,0.03,0.1,rise,40,3,3,0,3,0,0,3,0,0,0.0543729479603282,0.0672337227621144,0.063086495899225,1.0,0.0,0.0,1.0,0.0
svb,0.03,0.03,0.1,rise,50,3,3,0,3,0,0,3,0,0,0.0584223307551538,0.0683058144947696,0.0653754404856639,1.0,0.0,0.0,1.0,0.0
svb,0.03,0.03,0.1,rise,60,3,3,0,3,0,0,3,0,0,0.0628289149669601,0.0688825482892545,0.0673648459421062,1.0,0.0,0.0,1.0,0.0
svb,0.03,0.03,0.1,fall,40,3,3,0,3,0,0,3,0,0,0.082418287311806,0.106418331777226,0.0940720127480863,1.0,0.0,0.0,1.0,0.0
svb,0.03,0.03,0.1,fall,50,3,3,0,3,0,0,3,0,0,0.0748596932698676,0.1064602652175026,0.0907674039563698,1.0,0.0,0.0,1.0,0.0
svb,0.03,0.03,0.1,fall,60,3,3,0,3,0,0,3,0,0,0.0690245380009196,0.1072562908978749,0.0881658795965614,1.0,0.0,0.0,1.0,0.0
svb,0.03,0.03,0.3,rise,40,3,3,0,3,0,0,3,0,0,0.0991440733639313,0.1311372279512886,0.118776473044008,1.0,0.0,0.0,1.0,0.0
svb,0.03,0.03,0.3,rise,50,3,3,0,3,0,0,3,0,0,0.1109694260378631,0.1347516039185654,0.1256634059533473,1.0,0.0,0.0,1.0,0.0
svb,0.03,0.03,0.3,rise,60,3,3,0,3,0,0,3,0,0,0.1252510966584482,0.1368125072871703,0.1320334884463257,1.0,0.0,0.0,1.0,0.0
svb,0.03,0.03,0.3,fall,40,3,3,0,3,0,0,3,0,0,0.271533381500759,0.3228264337113914,0.2924839914634151,1.0,0.0,0.0,1.0,0.0
svb,0.03,0.03,0.3,fall,50,3,3,0,3,0,0,3,0,0,0.2216299861318331,0.3028377296424822,0.257865852412699,1.0,0.0,0.0,1.0,0.0
svb,0.03,0.03,0.3,fall,60,3,3,0,3,0,0,3,0,0,0.1838939452982849,0.2906514287449869,0.2350724722723632,1.0,0.0,0.0,1.0,0.0
svb,0.03,0.03,1.0,rise,40,3,3,0,3,0,0,3,0,0,0.1480952155479122,0.1838415457176564,0.1700183990960633,1.0,0.0,0.0,1.0,0.0
svb,0.03,0.03,1.0,rise,50,3,3,0,3,0,0,3,0,0,0.1713801859723177,0.1896238497056626,0.1822322179542932,1.0,0.0,0.0,1.0,0.0
svb,0.03,0.03,1.0,rise,60,3,3,0,3,0,0,3,0,0,0.1927948419754939,0.1975700152831707,0.1939949826354464,1.0,0.0,0.0,1.0,0.0
svb,0.03,0.03,1.0,fall,40,3,3,0,3,0,0,3,0,0,0.9416945446334768,1.0332605271652042,0.9860858686995492,1.0,0.0,0.0,1.0,0.0
svb,0.03,0.03,1.0,fall,50,3,3,0,3,0,0,3,0,0,0.7355994568271895,0.857904889858984,0.7953130179611113,1.0,0.0,0.0,1.0,0.0
svb,0.03,0.03,1.0,fall,60,3,3,0,3,0,0,3,0,0,0.5702806441191747,0.723221132630854,0.645302144589193,1.0,0.0,0.0,1.0,0.0
svb,0.03,0.03,3.0,rise,40,3,3,0,3,0,0,3,0,0,0.1777821471061873,0.2072821207444887,0.1962507560100694,1.0,0.0,0.0,1.0,0.0
svb,0.03,0.03,3.0,rise,50,3,3,0,3,0,0,3,0,0,0.2077974170891942,0.214094749462484,0.2116707590400255,1.0,0.0,0.0,1.0,0.0
svb,0.03,0.03,3.0,rise,60,3,3,0,3,0,0,3,0,0,0.2178336815655728,0.2408676495895204,0.2268442255288827,1.0,0.0,0.0,1.0,0.0
svb,0.03,0.03,3.0,fall,40,3,3,0,3,0,0,3,0,0,2.7989985993465343,2.9331823581920826,2.865829497649284,1.0,0.0,0.0,1.0,0.0
svb,0.03,0.03,3.0,fall,50,3,3,0,3,0,0,3,0,0,2.1466164122238958,2.3115396451287573,2.2287696223472486,1.0,0.0,0.0,1.0,0.0
svb,0.03,0.03,3.0,fall,60,3,3,0,3,0,0,3,0,0,1.6166545001121857,1.8122127901813925,1.7141156181428507,1.0,0.0,0.0,1.0,0.0
svb,0.03,0.1,0.01,rise,40,3,3,0,3,0,0,3,0,0,0.0115963366215675,0.0116877947121541,0.0116599055005055,1.0,0.0,0.0,1.0,0.0
svb,0.03,0.1,0.01,rise,50,3,3,0,3,0,0,3,0,0,0.0115867900895592,0.0117254052043255,0.0116713124421482,1.0,0.0,0.0,1.0,0.0
svb,0.03,0.1,0.01,rise,60,3,3,0,3,0,0,3,0,0,0.0115720471085066,0.011764634448117,0.0116806505302242,1.0,0.0,0.0,1.0,0.0
svb,0.03,0.1,0.01,fall,40,3,3,0,3,0,0,3,0,0,0.0117816187148487,0.0118975635334257,0.0117952417004383,1.0,0.0,0.0,1.0,0.0
svb,0.03,0.1,0.01,fall,50,3,3,0,3,0,0,3,0,0,0.0117759692035043,0.0118434515652212,0.0117806917780848,1.0,0.0,0.0,1.0,0.0
svb,0.03,0.1,0.01,fall,60,3,3,0,3,0,0,3,0,0,0.0117696419439101,0.0118048634653609,0.0117726159698516,1.0,0.0,0.0,1.0,0.0
svb,0.03,0.1,0.03,rise,40,3,3,0,3,0,0,3,0,0,0.0165998403844265,0.0167390230092214,0.016608868341723,1.0,0.0,0.0,1.0,0.0
svb,0.03,0.1,0.03,rise,50,3,3,0,3,0,0,3,0,0,0.0165924376488311,0.0169348575152038,0.0168550079787124,1.0,0.0,0.0,1.0,0.0
svb,0.03,0.1,0.03,rise,60,3,3,0,3,0,0,3,0,0,0.0165510319278717,0.0172901480770271,0.0169524595359527,1.0,0.0,0.0,1.0,0.0
svb,0.03,0.1,0.03,fall,40,3,3,0,3,0,0,3,0,0,0.0181814396484496,0.0185054663556896,0.0182515389706207,1.0,0.0,0.0,1.0,0.0
svb,0.03,0.1,0.03,fall,50,3,3,0,3,0,0,3,0,0,0.017939718328451,0.0182055851950216,0.0180224574126142,1.0,0.0,0.0,1.0,0.0
svb,0.03,0.1,0.03,fall,60,3,3,0,3,0,0,3,0,0,0.0175349409204826,0.0181860653630511,0.0179007460773561,1.0,0.0,0.0,1.0,0.0
svb,0.03,0.1,0.1,rise,40,3,3,0,3,0,0,3,0,0,0.0379704141219753,0.0435147563469002,0.0418207812588221,1.0,0.0,0.0,1.0,0.0
svb,0.03,0.1,0.1,rise,50,3,3,0,3,0,0,3,0,0,0.0410091594256678,0.0440838882750725,0.0433650226068285,1.0,0.0,0.0,1.0,0.0
svb,0.03,0.1,0.1,rise,60,3,3,0,3,0,0,3,0,0,0.0442787836847555,0.0447453088159912,0.0446213491826816,1.0,0.0,0.0,1.0,0.0
svb,0.03,0.1,0.1,fall,40,3,3,0,3,0,0,3,0,0,0.0657398594770217,0.0719632668135895,0.0668325619487145,1.0,0.0,0.0,1.0,0.0
svb,0.03,0.1,0.1,fall,50,3,3,0,3,0,0,3,0,0,0.0571803363288636,0.0707817256700462,0.0636239857749434,1.0,0.0,0.0,1.0,0.0
svb,0.03,0.1,0.1,fall,60,3,3,0,3,0,0,3,0,0,0.0513677191062684,0.0700896245859646,0.061245615136088,1.0,0.0,0.0,1.0,0.0
svb,0.03,0.1,0.3,rise,40,3,3,0,3,0,0,3,0,0,0.073778287525853,0.092750909456224,0.0851253506115693,1.0,0.0,0.0,1.0,0.0
svb,0.03,0.1,0.3,rise,50,3,3,0,3,0,0,3,0,0,0.0839256558679892,0.0954022774868131,0.0905712029040044,1.0,0.0,0.0,1.0,0.0
svb,0.03,0.1,0.3,rise,60,3,3,0,3,0,0,3,0,0,0.0957233006300878,0.0967905409007581,0.0961505289426268,1.0,0.0,0.0,1.0,0.0
svb,0.03,0.1,0.3,fall,40,3,3,0,3,0,0,3,0,0,0.2427333846299846,0.2666551078071818,0.2503714150983235,1.0,0.0,0.0,1.0,0.0
svb,0.03,0.1,0.3,fall,50,3,3,0,3,0,0,3,0,0,0.1969259087593651,0.2434534249406665,0.2157659189960493,1.0,0.0,0.0,1.0,0.0
svb,0.03,0.1,0.3,fall,60,3,3,0,3,0,0,3,0,0,0.1609252450635596,0.2285868049852238,0.1917257769799693,1.0,0.0,0.0,1.0,0.0
svb,0.03,0.1,1.0,rise,40,3,3,0,3,0,0,3,0,0,0.1159948836364868,0.1377711807720444,0.1288132045680047,1.0,0.0,0.0,1.0,0.0
svb,0.03,0.1,1.0,rise,50,3,3,0,3,0,0,3,0,0,0.1362715122046539,0.1425019030906872,0.1391630059490797,1.0,0.0,0.0,1.0,0.0
svb,0.03,0.1,1.0,rise,60,3,3,0,3,0,0,3,0,0,0.1450287105202262,0.1589645054080684,0.1493286516784518,1.0,0.0,0.0,1.0,0.0
svb,0.03,0.1,1.0,fall,40,3,3,0,3,0,0,3,0,0,0.8963455862920247,0.9595156226920276,0.9261558145302315,1.0,0.0,0.0,1.0,0.0
svb,0.03,0.1,1.0,fall,50,3,3,0,3,0,0,3,0,0,0.6971843541906857,0.7840482682972508,0.7384985380868109,1.0,0.0,0.0,1.0,0.0
svb,0.03,0.1,1.0,fall,60,3,3,0,3,0,0,3,0,0,0.5371579285396351,0.6484473814223071,0.5908608376234242,1.0,0.0,0.0,1.0,0.0
svb,0.03,0.1,3.0,rise,40,3,3,0,3,0,0,3,0,0,0.1424479717299582,0.1585533102974645,0.1520726582512138,1.0,0.0,0.0,1.0,0.0
svb,0.03,0.1,3.0,rise,50,3,3,0,3,0,0,3,0,0,0.1643046840716699,0.1689873833832948,0.1654516679753357,1.0,0.0,0.0,1.0,0.0
svb,0.03,0.1,3.0,rise,60,3,3,0,3,0,0,3,0,0,0.1674255438117886,0.1982038781217286,0.1788630835187887,1.0,0.0,0.0,1.0,0.0
svb,0.03,0.1,3.0,fall,40,3,3,0,3,0,0,3,0,0,2.747213894685715,2.852222813315946,2.7987912946290874,1.0,0.0,0.0,1.0,0.0
svb,0.03,0.1,3.0,fall,50,3,3,0,3,0,0,3,0,0,2.1017891560396342,2.230489325858615,2.16486748893339,1.0,0.0,0.0,1.0,0.0
svb,0.03,0.1,3.0,fall,60,3,3,0,3,0,0,3,0,0,1.577233360585539,1.7303457454992337,1.6526860365713607,1.0,0.0,0.0,1.0,0.0
svb,0.03,0.3,0.01,rise,40,3,3,0,3,0,0,3,0,0,0.0118774618846328,0.0119941914119278,0.0119351864064829,1.0,0.0,0.0,1.0,0.0
svb,0.03,0.3,0.01,rise,50,3,3,0,3,0,0,3,0,0,0.0118723618501863,0.0120309303148108,0.0119478256354507,1.0,0.0,0.0,1.0,0.0
svb,0.03,0.3,0.01,rise,60,3,3,0,3,0,0,3,0,0,0.0118636411452596,0.0120294792461072,0.01195861804467,1.0,0.0,0.0,1.0,0.0
svb,0.03,0.3,0.01,fall,40,3,3,0,3,0,0,3,0,0,0.0121061547731133,0.0121915175495248,0.0121265996922312,1.0,0.0,0.0,1.0,0.0
svb,0.03,0.3,0.01,fall,50,3,3,0,3,0,0,3,0,0,0.0120869229393001,0.0121914812696806,0.0121266738513929,1.0,0.0,0.0,1.0,0.0
svb,0.03,0.3,0.01,fall,60,3,3,0,3,0,0,3,0,0,0.0120697455497279,0.0121913000896121,0.0121094620886311,1.0,0.0,0.0,1.0,0.0
svb,0.03,0.3,0.03,rise,40,3,3,0,3,0,0,3,0,0,0.0137221852692138,0.014003891279952,0.0138877765695998,1.0,0.0,0.0,1.0,0.0
svb,0.03,0.3,0.03,rise,50,3,3,0,3,0,0,3,0,0,0.0137098102525016,0.0141818692423951,0.0139390534889095,1.0,0.0,0.0,1.0,0.0
svb,0.03,0.3,0.03,rise,60,3,3,0,3,0,0,3,0,0,0.0136834787697823,0.0142870580520547,0.0139835605388609,1.0,0.0,0.0,1.0,0.0
svb,0.03,0.3,0.03,fall,40,3,3,0,3,0,0,3,0,0,0.0147206459598503,0.0150375533411237,0.0148344682919647,1.0,0.0,0.0,1.0,0.0
svb,0.03,0.3,0.03,fall,50,3,3,0,3,0,0,3,0,0,0.0145981079840303,0.0150296005200269,0.0147929264070441,1.0,0.0,0.0,1.0,0.0
svb,0.03,0.3,0.03,fall,60,3,3,0,3,0,0,3,0,0,0.0145213153964616,0.0149913739227651,0.0146426019904363,1.0,0.0,0.0,1.0,0.0
svb,0.03,0.3,0.1,rise,40,3,3,0,3,0,0,3,0,0,0.0257432243860873,0.0263580152577404,0.026190623658176,1.0,0.0,0.0,1.0,0.0
svb,0.03,0.3,0.1,rise,50,3,3,0,3,0,0,3,0,0,0.0258465346782393,0.0283995378529161,0.0271351070784237,1.0,0.0,0.0,1.0,0.0
svb,0.03,0.3,0.1,rise,60,3,3,0,3,0,0,3,0,0,0.0257665149208746,0.0304809422626285,0.0278482804415663,1.0,0.0,0.0,1.0,0.0
svb,0.03,0.3,0.1,fall,40,3,3,0,3,0,0,3,0,0,0.0463881307808551,0.049815631675423,0.0482912137417954,1.0,0.0,0.0,1.0,0.0
svb,0.03,0.3,0.1,fall,50,3,3,0,3,0,0,3,0,0,0.043145164666587,0.046954430236944,0.0451321199797569,1.0,0.0,0.0,1.0,0.0
svb,0.03,0.3,0.1,fall,60,3,3,0,3,0,0,3,0,0,0.0412068709298341,0.0432539288137925,0.0412627823410994,1.0,0.0,0.0,1.0,0.0
svb,0.03,0.3,0.3,rise,40,3,3,0,3,0,0,3,0,0,0.0514253623700681,0.0530005086047095,0.0529372767913771,1.0,0.0,0.0,1.0,0.0
svb,0.03,0.3,0.3,rise,50,3,3,0,3,0,0,3,0,0,0.0540860585016715,0.0593072025934385,0.0563010900909554,1.0,0.0,0.0,1.0,0.0
svb,0.03,0.3,0.3,rise,60,3,3,0,3,0,0,3,0,0,0.0544483488718064,0.0670635474019482,0.0595736698177807,1.0,0.0,0.0,1.0,0.0
svb,0.03,0.3,0.3,fall,40,3,3,0,3,0,0,3,0,0,0.2199230647460619,0.2218057055953983,0.2207628892292288,1.0,0.0,0.0,1.0,0.0
svb,0.03,0.3,0.3,fall,50,3,3,0,3,0,0,3,0,0,0.1893880575392064,0.1909289250440888,0.1898235475552806,1.0,0.0,0.0,1.0,0.0
svb,0.03,0.3,0.3,fall,60,3,3,0,3,0,0,3,0,0,0.159487760797345,0.165637672496239,0.1618528405001554,1.0,0.0,0.0,1.0,0.0
svb,0.03,0.3,1.0,rise,40,3,3,0,3,0,0,3,0,0,0.0817699035509572,0.0823867944321963,0.0821042829280208,1.0,0.0,0.0,1.0,0.0
svb,0.03,0.3,1.0,rise,50,3,3,0,3,0,0,3,0,0,0.0843075702626781,0.0972971774771425,0.089402562162613,1.0,0.0,0.0,1.0,0.0
svb,0.03,0.3,1.0,rise,60,3,3,0,3,0,0,3,0,0,0.0855088723566501,0.1126128895451186,0.0964988729038415,1.0,0.0,0.0,1.0,0.0
svb,0.03,0.3,1.0,fall,40,3,3,0,3,0,0,3,0,0,0.8535654013886431,0.8756166715096725,0.8670173645808648,1.0,0.0,0.0,1.0,0.0
svb,0.03,0.3,1.0,fall,50,3,3,0,3,0,0,3,0,0,0.6880353671894612,0.7118477332520108,0.7020903033410535,1.0,0.0,0.0,1.0,0.0
svb,0.03,0.3,1.0,fall,60,3,3,0,3,0,0,3,0,0,0.5473991124564301,0.5778262525401068,0.5625933720401484,1.0,0.0,0.0,1.0,0.0
svb,0.03,0.3,3.0,rise,40,3,3,0,3,0,0,3,0,0,0.0958691953525802,0.1010644881157915,0.0985287554429437,1.0,0.0,0.0,1.0,0.0
svb,0.03,0.3,3.0,rise,50,3,3,0,3,0,0,3,0,0,0.0992271141703948,0.1209307550973436,0.1078557319100167,1.0,0.0,0.0,1.0,0.0
svb,0.03,0.3,3.0,rise,60,3,3,0,3,0,0,3,0,0,0.1009586960058772,0.1412462159650035,0.1174827538734377,1.0,0.0,0.0,1.0,0.0
svb,0.03,0.3,3.0,fall,40,3,3,0,3,0,0,3,0,0,2.6702659306691805,2.722915948261652,2.698915071369038,1.0,0.0,0.0,1.0,0.0
svb,0.03,0.3,3.0,fall,50,3,3,0,3,0,0,3,0,0,2.067639422600532,2.1210202115974006,2.096305230420292,1.0,0.0,0.0,1.0,0.0
svb,0.03,0.3,3.0,fall,60,3,3,0,3,0,0,3,0,0,1.5747024054990892,1.6332733411986091,1.6036919381312895,1.0,0.0,0.0,1.0,0.0
svb,0.03,1.0,0.01,rise,40,3,3,0,3,0,0,3,0,0,0.0120362770484843,0.012138606636768,0.0120813582418617,1.0,0.0,0.0,1.0,0.0
svb,0.03,1.0,0.01,rise,50,3,3,0,3,0,0,3,0,0,0.0120369833335229,0.0121411841772988,0.0120953517825999,1.0,0.0,0.0,1.0,0.0
svb,0.03,1.0,0.01,rise,60,3,3,0,3,0,0,3,0,0,0.0120353696353981,0.0121441904733434,0.0121078761512155,1.0,0.0,0.0,1.0,0.0
svb,0.03,1.0,0.01,fall,40,3,3,0,3,0,0,3,0,0,0.0122583712114647,0.012449080525509,0.0123067753286849,1.0,0.0,0.0,1.0,0.0
svb,0.03,1.0,0.01,fall,50,3,3,0,3,0,0,3,0,0,0.0122583884905902,0.0124491235682349,0.0123066758082293,1.0,0.0,0.0,1.0,0.0
svb,0.03,1.0,0.01,fall,60,3,3,0,3,0,0,3,0,0,0.0122582330477529,0.0124489464016934,0.0123066508899336,1.0,0.0,0.0,1.0,0.0
svb,0.03,1.0,0.03,rise,40,3,3,0,3,0,0,3,0,0,0.0126282033617211,0.0128203009760865,0.0127137212079254,1.0,0.0,0.0,1.0,0.0
svb,0.03,1.0,0.03,rise,50,3,3,0,3,0,0,3,0,0,0.0126284601126487,0.0128407632586005,0.0127408986366394,1.0,0.0,0.0,1.0,0.0
svb,0.03,1.0,0.03,rise,60,3,3,0,3,0,0,3,0,0,0.0126241996755629,0.0128510415974767,0.0127652602854535,1.0,0.0,0.0,1.0,0.0
svb,0.03,1.0,0.03,fall,40,3,3,0,3,0,0,3,0,0,0.0131064243717204,0.0135049834844565,0.0132106582034006,1.0,0.0,0.0,1.0,0.0
svb,0.03,1.0,0.03,fall,50,3,3,0,3,0,0,3,0,0,0.0131064198355252,0.0135050345525096,0.0132105448837587,1.0,0.0,0.0,1.0,0.0
svb,0.03,1.0,0.03,fall,60,3,3,0,3,0,0,3,0,0,0.0131063668851876,0.013504875297803,0.0132105849974213,1.0,0.0,0.0,1.0,0.0
svb,0.03,1.0,0.1,rise,40,3,3,0,3,0,0,3,0,0,0.0168731013351898,0.0181693945048975,0.0175309856788354,1.0,0.0,0.0,1.0,0.0
svb,0.03,1.0,0.1,rise,50,3,3,0,3,0,0,3,0,0,0.0169012504576097,0.0188826143206473,0.0178595659161149,1.0,0.0,0.0,1.0,0.0
svb,0.03,1.0,0.1,rise,60,3,3,0,3,0,0,3,0,0,0.0168729544739965,0.0194233728554442,0.0181722551552503,1.0,0.0,0.0,1.0,0.0
svb,0.03,1.0,0.1,fall,40,3,3,0,3,0,0,3,0,0,0.0270750812022606,0.031593383178011,0.028717469430284,1.0,0.0,0.0,1.0,0.0
svb,0.03,1.0,0.1,fall,50,3,3,0,3,0,0,3,0,0,0.0270543083745169,0.0315699496518071,0.0286969075778131,1.0,0.0,0.0,1.0,0.0
svb,0.03,1.0,0.1,fall,60,3,3,0,3,0,0,3,0,0,0.0269544747220218,0.031456725448731,0.0285980640280494,1.0,0.0,0.0,1.0,0.0
svb,0.03,1.0,0.3,rise,40,3,3,0,3,0,0,3,0,0,0.0278393456022918,0.0318283979488458,0.0298312980898537,1.0,0.0,0.0,1.0,0.0
svb,0.03,1.0,0.3,rise,50,3,3,0,3,0,0,3,0,0,0.0282221845471852,0.0353893251887409,0.0314925698892973,1.0,0.0,0.0,1.0,0.0
svb,0.03,1.0,0.3,rise,60,3,3,0,3,0,0,3,0,0,0.0283368720383018,0.0386898753931825,0.033172976805668,1.0,0.0,0.0,1.0,0.0
svb,0.03,1.0,0.3,fall,40,3,3,0,3,0,0,3,0,0,0.1633227876769041,0.1816157121508563,0.1715380610160966,1.0,0.0,0.0,1.0,0.0
svb,0.03,1.0,0.3,fall,50,3,3,0,3,0,0,3,0,0,0.1550563304564021,0.1722887989986272,0.162813975207235,1.0,0.0,0.0,1.0,0.0
svb,0.03,1.0,0.3,fall,60,3,3,0,3,0,0,3,0,0,0.1436189095621476,0.159281451744472,0.1507023080906979,1.0,0.0,0.0,1.0,0.0
svb,0.03,1.0,1.0,rise,40,3,3,0,3,0,0,3,0,0,0.0406244358649049,0.0488456642695152,0.0444487933872856,1.0,0.0,0.0,1.0,0.0
svb,0.03,1.0,1.0,rise,50,3,3,0,3,0,0,3,0,0,0.0417023793757765,0.056502001294408,0.0481367105156432,1.0,0.0,0.0,1.0,0.0
svb,0.03,1.0,1.0,rise,60,3,3,0,3,0,0,3,0,0,0.0422490970043341,0.0641235443823624,0.0520164967568783,1.0,0.0,0.0,1.0,0.0
svb,0.03,1.0,1.0,fall,40,3,3,0,3,0,0,3,0,0,0.854716392491,0.8832779389991394,0.8683837170214985,1.0,0.0,0.0,1.0,0.0
svb,0.03,1.0,1.0,fall,50,3,3,0,3,0,0,3,0,0,0.7412853412084774,0.766888750114538,0.7535005549347373,1.0,0.0,0.0,1.0,0.0
svb,0.03,1.0,1.0,fall,60,3,3,0,3,0,0,3,0,0,0.6309955814353208,0.6529225691182625,0.6414144849009078,1.0,0.0,0.0,1.0,0.0
svb,0.03,1.0,3.0,rise,40,3,3,0,3,0,0,3,0,0,0.0470943644915645,0.0587781717039468,0.0523609460558657,1.0,0.0,0.0,1.0,0.0
svb,0.03,1.0,3.0,rise,50,3,3,0,3,0,0,3,0,0,0.0486041762931415,0.0689850678622105,0.0572911742087182,1.0,0.0,0.0,1.0,0.0
svb,0.03,1.0,3.0,rise,60,3,3,0,3,0,0,3,0,0,0.0494577139228549,0.0794191063346917,0.062572398477419,1.0,0.0,0.0,1.0,0.0
svb,0.03,1.0,3.0,fall,40,3,3,0,3,0,0,3,0,0,2.702712951742516,2.730039288490665,2.715654279969481,1.0,0.0,0.0,1.0,0.0
svb,0.03,1.0,3.0,fall,50,3,3,0,3,0,0,3,0,0,2.212786651654836,2.238418123728226,2.224863295291018,1.0,0.0,0.0,1.0,0.0
svb,0.03,1.0,3.0,fall,60,3,3,0,3,0,0,3,0,0,1.78982704312941,1.812959715710196,1.8006315966109094,1.0,0.0,0.0,1.0,0.0
svb,0.03,3.0,0.01,rise,40,3,3,0,3,0,0,3,0,0,0.0121033657905946,0.0121788370903804,0.01213637050555,1.0,0.0,0.0,1.0,0.0
svb,0.03,3.0,0.01,rise,50,3,3,0,3,0,0,3,0,0,0.0121080846622038,0.0121840229846827,0.0121520552768935,1.0,0.0,0.0,1.0,0.0
svb,0.03,3.0,0.01,rise,60,3,3,0,3,0,0,3,0,0,0.0121110233836457,0.0121897193734279,0.0121665956126049,1.0,0.0,0.0,1.0,0.0
svb,0.03,3.0,0.01,fall,40,3,3,0,3,0,0,3,0,0,0.0123692888063309,0.0127023683168436,0.0124569357107584,1.0,0.0,0.0,1.0,0.0
svb,0.03,3.0,0.01,fall,50,3,3,0,3,0,0,3,0,0,0.0123693418220272,0.0127023255883553,0.0124569111733356,1.0,0.0,0.0,1.0,0.0
svb,0.03,3.0,0.01,fall,60,3,3,0,3,0,0,3,0,0,0.0123693374724851,0.0127023290939107,0.0124569175690067,1.0,0.0,0.0,1.0,0.0
svb,0.03,3.0,0.03,rise,40,3,3,0,3,0,0,3,0,0,0.0123095155231469,0.0124132677605096,0.0123549313046427,1.0,0.0,0.0,1.0,0.0
svb,0.03,3.0,0.03,rise,50,3,3,0,3,0,0,3,0,0,0.0123149806452933,0.0124219565806328,0.0123754747213229,1.0,0.0,0.0,1.0,0.0
svb,0.03,3.0,0.03,rise,60,3,3,0,3,0,0,3,0,0,0.0123181121882125,0.0124299457796284,0.012394645370175,1.0,0.0,0.0,1.0,0.0
svb,0.03,3.0,0.03,fall,40,3,3,0,3,0,0,3,0,0,0.0126878193932418,0.0131897431040775,0.012818184048644,1.0,0.0,0.0,1.0,0.0
svb,0.03,3.0,0.03,fall,50,3,3,0,3,0,0,3,0,0,0.012687846672069,0.0131897703439021,0.012818211372616,1.0,0.0,0.0,1.0,0.0
svb,0.03,3.0,0.03,fall,60,3,3,0,3,0,0,3,0,0,0.0126878385716646,0.0131897681090782,0.0128182135134462,1.0,0.0,0.0,1.0,0.0
svb,0.03,3.0,0.1,rise,40,3,3,0,3,0,0,3,0,0,0.0138722270994976,0.0145018859656217,0.0141746318132295,1.0,0.0,0.0,1.0,0.0
svb,0.03,3.0,0.1,rise,50,3,3,0,3,0,0,3,0,0,0.0138960915174861,0.0147371823178448,0.0143198555482564,1.0,0.0,0.0,1.0,0.0
svb,0.03,3.0,0.1,rise,60,3,3,0,3,0,0,3,0,0,0.0139014136796121,0.0149205168005868,0.014462658029071,1.0,0.0,0.0,1.0,0.0
svb,0.03,3.0,0.1,fall,40,3,3,0,3,0,0,3,0,0,0.0194277241470826,0.0248149814735243,0.0211988378961609,1.0,0.0,0.0,1.0,0.0
svb,0.03,3.0,0.1,fall,50,3,3,0,3,0,0,3,0,0,0.0194277855421289,0.0248149548946376,0.0211988001519158,1.0,0.0,0.0,1.0,0.0
svb,0.03,3.0,0.1,fall,60,3,3,0,3,0,0,3,0,0,0.0194277785886209,0.0248149536590718,0.0211987954528356,1.0,0.0,0.0,1.0,0.0
svb,0.03,3.0,0.3,rise,40,3,3,0,3,0,0,3,0,0,0.018138753359739,0.0206473546030288,0.0193385435002944,1.0,0.0,0.0,1.0,0.0
svb,0.03,3.0,0.3,rise,50,3,3,0,3,0,0,3,0,0,0.0183169596578448,0.0221386337545125,0.0200975980537285,1.0,0.0,0.0,1.0,0.0
svb,0.03,3.0,0.3,rise,60,3,3,0,3,0,0,3,0,0,0.0184017370242007,0.023556339018336,0.0208922881224634,1.0,0.0,0.0,1.0,0.0
svb,0.03,3.0,0.3,fall,40,3,3,0,3,0,0,3,0,0,0.1102207531409784,0.1406203172779272,0.1232322632487492,1.0,0.0,0.0,1.0,0.0
svb,0.03,3.0,0.3,fall,50,3,3,0,3,0,0,3,0,0,0.1101121376541627,0.1404815032798811,0.1231100577203636,1.0,0.0,0.0,1.0,0.0
svb,0.03,3.0,0.3,fall,60,3,3,0,3,0,0,3,0,0,0.1095891235145258,0.1398130123855296,0.1225217280251489,1.0,0.0,0.0,1.0,0.0
svb,0.03,3.0,1.0,rise,40,3,3,0,3,0,0,3,0,0,0.0232894068675508,0.0286308673536343,0.0257206702455176,1.0,0.0,0.0,1.0,0.0
svb,0.03,3.0,1.0,rise,50,3,3,0,3,0,0,3,0,0,0.0237742374138025,0.0320937361248203,0.0274370160734366,1.0,0.0,0.0,1.0,0.0
svb,0.03,3.0,1.0,rise,60,3,3,0,3,0,0,3,0,0,0.0240675672770568,0.0356442949916135,0.0293013689033349,1.0,0.0,0.0,1.0,0.0
svb,0.03,3.0,1.0,fall,40,3,3,0,3,0,0,3,0,0,0.8022758593618722,0.8723157691516872,0.8354181221764216,1.0,0.0,0.0,1.0,0.0
svb,0.03,3.0,1.0,fall,50,3,3,0,3,0,0,3,0,0,0.7586373084979652,0.8269822023676836,0.7909149003627269,1.0,0.0,0.0,1.0,0.0
svb,0.03,3.0,1.0,fall,60,3,3,0,3,0,0,3,0,0,0.7003218858923681,0.7661678232975282,0.7313272702576348,1.0,0.0,0.0,1.0,0.0
svb,0.03,3.0,3.0,rise,40,3,3,0,3,0,0,3,0,0,0.0258936766912146,0.0330928389336506,0.0290919809243669,1.0,0.0,0.0,1.0,0.0
svb,0.03,3.0,3.0,rise,50,3,3,0,3,0,0,3,0,0,0.0265677420205898,0.0377366363547974,0.0313680620735762,1.0,0.0,0.0,1.0,0.0
svb,0.03,3.0,3.0,rise,60,3,3,0,3,0,0,3,0,0,0.0270036858237369,0.042619606182284,0.0338775583008608,1.0,0.0,0.0,1.0,0.0
svb,0.03,3.0,3.0,fall,40,3,3,0,3,0,0,3,0,0,2.923927532569296,3.0131869847416257,2.9672897904300197,1.0,0.0,0.0,1.0,0.0
svb,0.03,3.0,3.0,fall,50,3,3,0,3,0,0,3,0,0,2.565863131899785,2.652940216597877,2.608072777833928,1.0,0.0,0.0,1.0,0.0
svb,0.03,3.0,3.0,fall,60,3,3,0,3,0,0,3,0,0,2.212703546234928,2.296985941800544,2.253438834989304,1.0,0.0,0.0,1.0,0.0
svb,0.1,0.01,0.01,rise,40,3,3,0,3,0,0,3,0,0,0.0346972999543681,0.0360942410100024,0.0356370288889343,1.0,0.0,0.0,1.0,0.0
svb,0.1,0.01,0.01,rise,50,3,3,0,3,0,0,3,0,0,0.0345411517112414,0.0365811507877938,0.0357812909218416,1.0,0.0,0.0,1.0,0.0
svb,0.1,0.01,0.01,rise,60,3,3,0,3,0,0,3,0,0,0.034311482651192,0.0370569905241414,0.0358985977080321,1.0,0.0,0.0,1.0,0.0
svb,0.1,0.01,0.01,fall,40,3,3,0,3,0,0,3,0,0,0.0370308723304008,0.0378577277929124,0.0371987376815046,1.0,0.0,0.0,1.0,0.0
svb,0.1,0.01,0.01,fall,50,3,3,0,3,0,0,3,0,0,0.0369721630182547,0.0374452887499695,0.037054562257569,1.0,0.0,0.0,1.0,0.0
svb,0.1,0.01,0.01,fall,60,3,3,0,3,0,0,3,0,0,0.0369371899110194,0.0370619499420123,0.0369393408148369,1.0,0.0,0.0,1.0,0.0
svb,0.1,0.01,0.03,rise,40,3,3,0,3,0,0,3,0,0,0.0519708900664627,0.0527594410052998,0.0520209944498953,1.0,0.0,0.0,1.0,0.0
svb,0.1,0.01,0.03,rise,50,3,3,0,3,0,0,3,0,0,0.0519487737199004,0.0532216308003391,0.0531950511699162,1.0,0.0,0.0,1.0,0.0
svb,0.1,0.01,0.03,rise,60,3,3,0,3,0,0,3,0,0,0.0517428142279287,0.0544323712194738,0.0535493208920084,1.0,0.0,0.0,1.0,0.0
svb,0.1,0.01,0.03,fall,40,3,3,0,3,0,0,3,0,0,0.0572481801708403,0.0589794578092544,0.0574713276599171,1.0,0.0,0.0,1.0,0.0
svb,0.1,0.01,0.03,fall,50,3,3,0,3,0,0,3,0,0,0.0559084732339837,0.0591748811158743,0.0570344745483148,1.0,0.0,0.0,1.0,0.0
svb,0.1,0.01,0.03,fall,60,3,3,0,3,0,0,3,0,0,0.0546600954248667,0.0595309141683366,0.0566796880269581,1.0,0.0,0.0,1.0,0.0
svb,0.1,0.01,0.1,rise,40,3,3,0,3,0,0,3,0,0,0.0888688352238728,0.1016230273878363,0.0980309661789586,1.0,0.0,0.0,1.0,0.0
svb,0.1,0.01,0.1,rise,50,3,3,0,3,0,0,3,0,0,0.0938404948922134,0.1026633420624849,0.1006464759155174,1.0,0.0,0.0,1.0,0.0
svb,0.1,0.01,0.1,rise,60,3,3,0,3,0,0,3,0,0,0.0990657496444322,0.1031155935017718,0.1029007681659815,1.0,0.0,0.0,1.0,0.0
svb,0.1,0.01,0.1,fall,40,3,3,0,3,0,0,3,0,0,0.121104167607822,0.1461579331898355,0.1325595560084691,1.0,0.0,0.0,1.0,0.0
svb,0.1,0.01,0.1,fall,50,3,3,0,3,0,0,3,0,0,0.1127686141292082,0.1463943163449487,0.1289126053580209,1.0,0.0,0.0,1.0,0.0
svb,0.1,0.01,0.1,fall,60,3,3,0,3,0,0,3,0,0,0.1060162909186673,0.1475174867656498,0.1260385456999049,1.0,0.0,0.0,1.0,0.0
svb,0.1,0.01,0.3,rise,40,3,3,0,3,0,0,3,0,0,0.136482513137116,0.1684556574541503,0.1564142008807176,1.0,0.0,0.0,1.0,0.0
svb,0.1,0.01,0.3,rise,50,3,3,0,3,0,0,3,0,0,0.1491034692252928,0.1721371400865767,0.1636908284635553,1.0,0.0,0.0,1.0,0.0
svb,0.1,0.01,0.3,rise,60,3,3,0,3,0,0,3,0,0,0.1638426955353544,0.1741845976607722,0.1703835164294187,1.0,0.0,0.0,1.0,0.0
svb,0.1,0.01,0.3,fall,40,3,3,0,3,0,0,3,0,0,0.3135230867300121,0.3664630851341073,0.3347257653937729,1.0,0.0,0.0,1.0,0.0
svb,0.1,0.01,0.3,fall,50,3,3,0,3,0,0,3,0,0,0.2629224110211351,0.3465975220957631,0.2999292523864122,1.0,0.0,0.0,1.0,0.0
svb,0.1,0.01,0.3,fall,60,3,3,0,3,0,0,3,0,0,0.2245577211959363,0.3345734736506156,0.2768923314748279,1.0,0.0,0.0,1.0,0.0
svb,0.1,0.01,1.0,rise,40,3,3,0,3,0,0,3,0,0,0.186643518221086,0.2227603535038755,0.2090376789216131,1.0,0.0,0.0,1.0,0.0
svb,0.1,0.01,1.0,rise,50,3,3,0,3,0,0,3,0,0,0.2104913332887583,0.2287012532149105,0.2216786732414595,1.0,0.0,0.0,1.0,0.0
svb,0.1,0.01,1.0,rise,60,3,3,0,3,0,0,3,0,0,0.2319670203626426,0.2372373639562926,0.2338045049883991,1.0,0.0,0.0,1.0,0.0
svb,0.1,0.01,1.0,fall,40,3,3,0,3,0,0,3,0,0,0.98670175237766,1.0786679051161785,1.0305026169234806,1.0,0.0,0.0,1.0,0.0
svb,0.1,0.01,1.0,fall,50,3,3,0,3,0,0,3,0,0,0.7799006772572398,0.903569580094674,0.8395057525170512,1.0,0.0,0.0,1.0,0.0
svb,0.1,0.01,1.0,fall,60,3,3,0,3,0,0,3,0,0,0.6139111429669154,0.7692606544156164,0.6893124382652875,1.0,0.0,0.0,1.0,0.0
svb,0.1,0.01,3.0,rise,40,3,3,0,3,0,0,3,0,0,0.2167025800654253,0.246956533004162,0.2358416565821603,1.0,0.0,0.0,1.0,0.0
svb,0.1,0.01,3.0,rise,50,3,3,0,3,0,0,3,0,0,0.2473329176754871,0.2539900325157601,0.2517187938498081,1.0,0.0,0.0,1.0,0.0
svb,0.1,0.01,3.0,rise,60,3,3,0,3,0,0,3,0,0,0.2578929054676687,0.2810032104796602,0.2672906175830087,1.0,0.0,0.0,1.0,0.0
svb,0.1,0.01,3.0,fall,40,3,3,0,3,0,0,3,0,0,2.8465204480738486,2.979997741757569,2.9121035343766395,1.0,0.0,0.0,1.0,0.0
svb,0.1,0.01,3.0,fall,50,3,3,0,3,0,0,3,0,0,2.1934322236966817,2.3586123110328705,2.274819534719505,1.0,0.0,0.0,1.0,0.0
svb,0.1,0.01,3.0,fall,60,3,3,0,3,0,0,3,0,0,1.6627995553192982,1.8596601778094872,1.759983137896502,1.0,0.0,0.0,1.0,0.0
svb,0.1,0.03,0.01,rise,40,3,3,0,3,0,0,3,0,0,0.0266437386022524,0.028511686217285,0.0276795480574288,1.0,0.0,0.0,1.0,0.0
svb,0.1,0.03,0.01,rise,50,3,3,0,3,0,0,3,0,0,0.026447886676143,0.028635703332067,0.02769919777834,1.0,0.0,0.0,1.0,0.0
svb,0.1,0.03,0.01,rise,60,3,3,0,3,0,0,3,0,0,0.0262035931274066,0.0287583140256662,0.0277149097852295,1.0,0.0,0.0,1.0,0.0
svb,0.1,0.03,0.01,fall,40,3,3,0,3,0,0,3,0,0,0.027299776101808,0.0289255676896327,0.0278894981012873,1.0,0.0,0.0,1.0,0.0
svb,0.1,0.03,0.01,fall,50,3,3,0,3,0,0,3,0,0,0.0271946460224732,0.0289168650394009,0.0278700787455041,1.0,0.0,0.0,1.0,0.0
svb,0.1,0.03,0.01,fall,60,3,3,0,3,0,0,3,0,0,0.0270716847414617,0.0289222020476105,0.02785440198837,1.0,0.0,0.0,1.0,0.0
svb,0.1,0.03,0.03,rise,40,3,3,0,3,0,0,3,0,0,0.041673856685949,0.0425388603263215,0.0424649772867184,1.0,0.0,0.0,1.0,0.0
svb,0.1,0.03,0.03,rise,50,3,3,0,3,0,0,3,0,0,0.0415500070287652,0.0432649324321643,0.0428104731416811,1.0,0.0,0.0,1.0,0.0
svb,0.1,0.03,0.03,rise,60,3,3,0,3,0,0,3,0,0,0.0413255139982006,0.0440528069820625,0.0430313564571211,1.0,0.0,0.0,1.0,0.0
svb,0.1,0.03,0.03,fall,40,3,3,0,3,0,0,3,0,0,0.0454713411465266,0.0459247855667757,0.0458219108328092,1.0,0.0,0.0,1.0,0.0
svb,0.1,0.03,0.03,fall,50,3,3,0,3,0,0,3,0,0,0.0450063553933463,0.0459482109449754,0.0451975011118019,1.0,0.0,0.0,1.0,0.0
svb,0.1,0.03,0.03,fall,60,3,3,0,3,0,0,3,0,0,0.0442712495400394,0.0460494273817866,0.0449760376342067,1.0,0.0,0.0,1.0,0.0
svb,0.1,0.03,0.1,rise,40,3,3,0,3,0,0,3,0,0,0.0770573976292997,0.0884024306083061,0.0850811112814363,1.0,0.0,0.0,1.0,0.0
svb,0.1,0.03,0.1,rise,50,3,3,0,3,0,0,3,0,0,0.0814377689246368,0.0893570764170856,0.0874703380397554,1.0,0.0,0.0,1.0,0.0
svb,0.1,0.03,0.1,rise,60,3,3,0,3,0,0,3,0,0,0.0861061315634474,0.0897660554027259,0.0895419279664286,1.0,0.0,0.0,1.0,0.0
svb,0.1,0.03,0.1,fall,40,3,3,0,3,0,0,3,0,0,0.1069005952431727,0.1292691510508811,0.1172627197221954,1.0,0.0,0.0,1.0,0.0
svb,0.1,0.03,0.1,fall,50,3,3,0,3,0,0,3,0,0,0.0991992219360068,0.1292355925890532,0.1138178257559986,1.0,0.0,0.0,1.0,0.0
svb,0.1,0.03,0.1,fall,60,3,3,0,3,0,0,3,0,0,0.0931043003067939,0.1299710093529048,0.1111124370438177,1.0,0.0,0.0,1.0,0.0
svb,0.1,0.03,0.3,rise,40,3,3,0,3,0,0,3,0,0,0.1232704725278393,0.1536595262436422,0.1419367374918617,1.0,0.0,0.0,1.0,0.0
svb,0.1,0.03,0.3,rise,50,3,3,0,3,0,0,3,0,0,0.1352139836613848,0.1572439134069549,0.1489487559206025,1.0,0.0,0.0,1.0,0.0
svb,0.1,0.03,0.3,rise,60,3,3,0,3,0,0,3,0,0,0.1492941404702642,0.1592459776444171,0.1554272258363437,1.0,0.0,0.0,1.0,0.0
svb,0.1,0.03,0.3,fall,40,3,3,0,3,0,0,3,0,0,0.2974730750417362,0.3476186381032387,0.3175892106377443,1.0,0.0,0.0,1.0,0.0
svb,0.1,0.03,0.3,fall,50,3,3,0,3,0,0,3,0,0,0.2477796871800278,0.3274475903870727,0.2830512008979118,1.0,0.0,0.0,1.0,0.0
svb,0.1,0.03,0.3,fall,60,3,3,0,3,0,0,3,0,0,0.2102506078684626,0.3150071101426283,0.2601711439970035,1.0,0.0,0.0,1.0,0.0
svb,0.1,0.03,1.0,rise,40,3,3,0,3,0,0,3,0,0,0.1727130673404096,0.2072829880364186,0.1938436137717113,1.0,0.0,0.0,1.0,0.0
svb,0.1,0.03,1.0,rise,50,3,3,0,3,0,0,3,0,0,0.1958169419323937,0.2131296500083421,0.2062042123882332,1.0,0.0,0.0,1.0,0.0
svb,0.1,0.03,1.0,rise,60,3,3,0,3,0,0,3,0,0,0.2163575610091873,0.2218385496428688,0.2181024059451389,1.0,0.0,0.0,1.0,0.0
svb,0.1,0.03,1.0,fall,40,3,3,0,3,0,0,3,0,0,0.9696493982809562,1.058833682529808,1.0123483885742193,1.0,0.0,0.0,1.0,0.0
svb,0.1,0.03,1.0,fall,50,3,3,0,3,0,0,3,0,0,0.7637613552499474,0.8834893316355297,0.8216414222383699,1.0,0.0,0.0,1.0,0.0
svb,0.1,0.03,1.0,fall,60,3,3,0,3,0,0,3,0,0,0.5986353160243076,0.7488016781155831,0.6716839892190187,1.0,0.0,0.0,1.0,0.0
svb,0.1,0.03,3.0,rise,40,3,3,0,3,0,0,3,0,0,0.2025183390131617,0.2312607849011057,0.2204121713758071,1.0,0.0,0.0,1.0,0.0
svb,0.1,0.03,3.0,rise,50,3,3,0,3,0,0,3,0,0,0.2323932246376745,0.2382007014803843,0.2360034943332714,1.0,0.0,0.0,1.0,0.0
svb,0.1,0.03,3.0,rise,60,3,3,0,3,0,0,3,0,0,0.2420674448734848,0.2653351703317508,0.2513429279585917,1.0,0.0,0.0,1.0,0.0
svb,0.1,0.03,3.0,fall,40,3,3,0,3,0,0,3,0,0,2.8291313424657094,2.95985268130986,2.893630400081017,1.0,0.0,0.0,1.0,0.0
svb,0.1,0.03,3.0,fall,50,3,3,0,3,0,0,3,0,0,2.176956245395117,2.338221209915898,2.2566363510031358,1.0,0.0,0.0,1.0,0.0
svb,0.1,0.03,3.0,fall,60,3,3,0,3,0,0,3,0,0,1.6471871879223543,1.8388905069377557,1.7420357594067577,1.0,0.0,0.0,1.0,0.0
svb,0.1,0.1,0.01,rise,40,3,3,0,3,0,0,3,0,0,0.0295921707150908,0.0309852120955353,0.0303649856464845,1.0,0.0,0.0,1.0,0.0
svb,0.1,0.1,0.01,rise,50,3,3,0,3,0,0,3,0,0,0.029467146227461,0.0311621017408755,0.0304127431919353,1.0,0.0,0.0,1.0,0.0
svb,0.1,0.1,0.01,rise,60,3,3,0,3,0,0,3,0,0,0.029303481962564,0.0312858238367187,0.0304506254660851,1.0,0.0,0.0,1.0,0.0
svb,0.1,0.1,0.01,fall,40,3,3,0,3,0,0,3,0,0,0.0306177964017068,0.0316848929621946,0.0308606569296688,1.0,0.0,0.0,1.0,0.0
svb,0.1,0.1,0.01,fall,50,3,3,0,3,0,0,3,0,0,0.0305851026410436,0.0318121184584482,0.0308094949584715,1.0,0.0,0.0,1.0,0.0
svb,0.1,0.1,0.01,fall,60,3,3,0,3,0,0,3,0,0,0.0305583758599811,0.0317365896756559,0.030770235965956,1.0,0.0,0.0,1.0,0.0
svb,0.1,0.1,0.03,rise,40,3,3,0,3,0,0,3,0,0,0.035951131871071,0.0375162305935628,0.0368614092546184,1.0,0.0,0.0,1.0,0.0
svb,0.1,0.1,0.03,rise,50,3,3,0,3,0,0,3,0,0,0.0358141180485304,0.037896045062986,0.0369713202959428,1.0,0.0,0.0,1.0,0.0
svb,0.1,0.1,0.03,rise,60,3,3,0,3,0,0,3,0,0,0.0356194686603511,0.0382094766132367,0.0370604432869076,1.0,0.0,0.0,1.0,0.0
svb,0.1,0.1,0.03,fall,40,3,3,0,3,0,0,3,0,0,0.037796926683809,0.0392023963700678,0.0380901688100822,1.0,0.0,0.0,1.0,0.0
svb,0.1,0.1,0.03,fall,50,3,3,0,3,0,0,3,0,0,0.0377352027397014,0.039074649062376,0.0379591054312838,1.0,0.0,0.0,1.0,0.0
svb,0.1,0.1,0.03,fall,60,3,3,0,3,0,0,3,0,0,0.0376916667806719,0.0387954950639265,0.0378589245427157,1.0,0.0,0.0,1.0,0.0
svb,0.1,0.1,0.1,rise,40,3,3,0,3,0,0,3,0,0,0.0614612414048061,0.0653711657274331,0.0643940092626005,1.0,0.0,0.0,1.0,0.0
svb,0.1,0.1,0.1,rise,50,3,3,0,3,0,0,3,0,0,0.0645449215097159,0.0659392000978811,0.0658370065107594,1.0,0.0,0.0,1.0,0.0
svb,0.1,0.1,0.1,rise,60,3,3,0,3,0,0,3,0,0,0.0659132960111423,0.0679623593138411,0.0673137323285467,1.0,0.0,0.0,1.0,0.0
svb,0.1,0.1,0.1,fall,40,3,3,0,3,0,0,3,0,0,0.0881858246741418,0.0936587791611862,0.0890753862115056,1.0,0.0,0.0,1.0,0.0
svb,0.1,0.1,0.1,fall,50,3,3,0,3,0,0,3,0,0,0.080617313993612,0.0924815905115992,0.0859137074145524,1.0,0.0,0.0,1.0,0.0
svb,0.1,0.1,0.1,fall,60,3,3,0,3,0,0,3,0,0,0.0752771634384644,0.0917834202406581,0.0835723967168542,1.0,0.0,0.0,1.0,0.0
svb,0.1,0.1,0.3,rise,40,3,3,0,3,0,0,3,0,0,0.0991203345342494,0.1167236825419131,0.1095763882393763,1.0,0.0,0.0,1.0,0.0
svb,0.1,0.1,0.3,rise,50,3,3,0,3,0,0,3,0,0,0.1090742162471639,0.1193581900039293,0.1150803488200587,1.0,0.0,0.0,1.0,0.0
svb,0.1,0.1,0.3,rise,60,3,3,0,3,0,0,3,0,0,0.1202792047595078,0.1209040201149699,0.1207211360036399,1.0,0.0,0.0,1.0,0.0
svb,0.1,0.1,0.3,fall,40,3,3,0,3,0,0,3,0,0,0.2673825755794736,0.2909595620471871,0.2747682790166783,1.0,0.0,0.0,1.0,0.0
svb,0.1,0.1,0.3,fall,50,3,3,0,3,0,0,3,0,0,0.2221319600008083,0.2679669109844234,0.240478786882799,1.0,0.0,0.0,1.0,0.0
svb,0.1,0.1,0.3,fall,60,3,3,0,3,0,0,3,0,0,0.1866720837690879,0.2530374900780711,0.2167834776358135,1.0,0.0,0.0,1.0,0.0
svb,0.1,0.1,1.0,rise,40,3,3,0,3,0,0,3,0,0,0.1422836134267884,0.1631865564546282,0.1544800027289611,1.0,0.0,0.0,1.0,0.0
svb,0.1,0.1,1.0,rise,50,3,3,0,3,0,0,3,0,0,0.1623182159070428,0.1679901942720138,0.1649445234623654,1.0,0.0,0.0,1.0,0.0
svb,0.1,0.1,1.0,rise,60,3,3,0,3,0,0,3,0,0,0.1705899866193778,0.1847763360879302,0.1752146072758781,1.0,0.0,0.0,1.0,0.0
svb,0.1,0.1,1.0,fall,40,3,3,0,3,0,0,3,0,0,0.9241486985171948,0.9859723443855228,0.9530491579054008,1.0,0.0,0.0,1.0,0.0
svb,0.1,0.1,1.0,fall,50,3,3,0,3,0,0,3,0,0,0.7253281123499791,0.8105391796835951,0.7654828732598261,1.0,0.0,0.0,1.0,0.0
svb,0.1,0.1,1.0,fall,60,3,3,0,3,0,0,3,0,0,0.5655559657958689,0.674965843639963,0.6179229502534701,1.0,0.0,0.0,1.0,0.0
svb,0.1,0.1,3.0,rise,40,3,3,0,3,0,0,3,0,0,0.1691442757315741,0.1846951063582204,0.1783081592708451,1.0,0.0,0.0,1.0,0.0
svb,0.1,0.1,3.0,rise,50,3,3,0,3,0,0,3,0,0,0.1905794887903405,0.1955170543789083,0.1918431786033203,1.0,0.0,0.0,1.0,0.0
svb,0.1,0.1,3.0,rise,60,3,3,0,3,0,0,3,0,0,0.1938374820155908,0.2245660332782909,0.205405078979146,1.0,0.0,0.0,1.0,0.0
svb,0.1,0.1,3.0,fall,40,3,3,0,3,0,0,3,0,0,2.777642603601564,2.880395326710229,2.827811600306648,1.0,0.0,0.0,1.0,0.0
svb,0.1,0.1,3.0,fall,50,3,3,0,3,0,0,3,0,0,2.1325560354440105,2.2586941170545543,2.1939770111805994,1.0,0.0,0.0,1.0,0.0
svb,0.1,0.1,3.0,fall,60,3,3,0,3,0,0,3,0,0,1.6082425695472673,1.7585690572000798,1.681863915069067,1.0,0.0,0.0,1.0,0.0
svb,0.1,0.3,0.01,rise,40,3,3,0,3,0,0,3,0,0,0.0353090858239604,0.0366120069004581,0.0358932706265715,1.0,0.0,0.0,1.0,0.0
svb,0.1,0.3,0.01,rise,50,3,3,0,3,0,0,3,0,0,0.0352659951277052,0.0367083396800134,0.0360119725922952,1.0,0.0,0.0,1.0,0.0
svb,0.1,0.3,0.01,rise,60,3,3,0,3,0,0,3,0,0,0.0351887151931005,0.036648807776236,0.0361120490824531,1.0,0.0,0.0,1.0,0.0
svb,0.1,0.3,0.01,fall,40,3,3,0,3,0,0,3,0,0,0.0372409288900048,0.0380192136984967,0.0374136520529981,1.0,0.0,0.0,1.0,0.0
svb,0.1,0.3,0.01,fall,50,3,3,0,3,0,0,3,0,0,0.0371739764658851,0.0380192165225146,0.0374243106206826,1.0,0.0,0.0,1.0,0.0
svb,0.1,0.3,0.01,fall,60,3,3,0,3,0,0,3,0,0,0.0370224894316426,0.0380204710885705,0.0374235878967661,1.0,0.0,0.0,1.0,0.0
svb,0.1,0.3,0.03,rise,40,3,3,0,3,0,0,3,0,0,0.0373531878925048,0.0387556495636671,0.037984076245759,1.0,0.0,0.0,1.0,0.0
svb,0.1,0.3,0.03,rise,50,3,3,0,3,0,0,3,0,0,0.0373045111250521,0.0388621363111485,0.0381052207411002,1.0,0.0,0.0,1.0,0.0
svb,0.1,0.3,0.03,rise,60,3,3,0,3,0,0,3,0,0,0.0372203291109021,0.0387856587039802,0.0382070849399874,1.0,0.0,0.0,1.0,0.0
svb,0.1,0.3,0.03,fall,40,3,3,0,3,0,0,3,0,0,0.0393005397381764,0.0401023442662265,0.0394541301509636,1.0,0.0,0.0,1.0,0.0
svb,0.1,0.3,0.03,fall,50,3,3,0,3,0,0,3,0,0,0.039242504331262,0.0401116082250752,0.0395035419145364,1.0,0.0,0.0,1.0,0.0
svb,0.1,0.3,0.03,fall,60,3,3,0,3,0,0,3,0,0,0.0390924487830682,0.0401559718794628,0.0395184192317272,1.0,0.0,0.0,1.0,0.0
svb,0.1,0.3,0.1,rise,40,3,3,0,3,0,0,3,0,0,0.0500582722363484,0.0516825831146007,0.0511284689241822,1.0,0.0,0.0,1.0,0.0
svb,0.1,0.3,0.1,rise,50,3,3,0,3,0,0,3,0,0,0.0501218113454385,0.0535883509232885,0.051927424998452,1.0,0.0,0.0,1.0,0.0
svb,0.1,0.3,0.1,rise,60,3,3,0,3,0,0,3,0,0,0.049994209810094,0.0553785985677983,0.0526518857850983,1.0,0.0,0.0,1.0,0.0
svb,0.1,0.3,0.1,fall,40,3,3,0,3,0,0,3,0,0,0.0698631588687894,0.0735990287686376,0.0717137890359667,1.0,0.0,0.0,1.0,0.0
svb,0.1,0.3,0.1,fall,50,3,3,0,3,0,0,3,0,0,0.0670657242139081,0.0710754582619297,0.0689163535332766,1.0,0.0,0.0,1.0,0.0
svb,0.1,0.3,0.1,fall,60,3,3,0,3,0,0,3,0,0,0.0652345635588972,0.0678346573756196,0.0656218737602942,1.0,0.0,0.0,1.0,0.0
svb,0.1,0.3,0.3,rise,40,3,3,0,3,0,0,3,0,0,0.0778491741579208,0.0787782218741884,0.0784939199808754,1.0,0.0,0.0,1.0,0.0
svb,0.1,0.3,0.3,rise,50,3,3,0,3,0,0,3,0,0,0.0795787774263711,0.0853302386674272,0.0821838358891836,1.0,0.0,0.0,1.0,0.0
svb,0.1,0.3,0.3,rise,60,3,3,0,3,0,0,3,0,0,0.079937890629697,0.0928998796686773,0.0854839401296254,1.0,0.0,0.0,1.0,0.0
svb,0.1,0.3,0.3,fall,40,3,3,0,3,0,0,3,0,0,0.2432017258043008,0.2451651028370192,0.2445936846607721,1.0,0.0,0.0,1.0,0.0
svb,0.1,0.3,0.3,fall,50,3,3,0,3,0,0,3,0,0,0.2136283836988932,0.2147037540005867,0.2136868607162976,1.0,0.0,0.0,1.0,0.0
svb,0.1,0.3,0.3,fall,60,3,3,0,3,0,0,3,0,0,0.1843326005717029,0.1899998565957706,0.1862314086027285,1.0,0.0,0.0,1.0,0.0
svb,0.1,0.3,1.0,rise,40,3,3,0,3,0,0,3,0,0,0.1084353448884688,0.1092591547150244,0.1092141594779532,1.0,0.0,0.0,1.0,0.0
svb,0.1,0.3,1.0,rise,50,3,3,0,3,0,0,3,0,0,0.111044988663586,0.1241808963335499,0.1163322335359011,1.0,0.0,0.0,1.0,0.0
svb,0.1,0.3,1.0,rise,60,3,3,0,3,0,0,3,0,0,0.1123163079373216,0.1394354315561749,0.1235174777198607,1.0,0.0,0.0,1.0,0.0
svb,0.1,0.3,1.0,fall,40,3,3,0,3,0,0,3,0,0,0.878905006680764,0.9002048330576913,0.8917561545941102,1.0,0.0,0.0,1.0,0.0
svb,0.1,0.3,1.0,fall,50,3,3,0,3,0,0,3,0,0,0.7135800356805397,0.7367139464812006,0.7270005035835714,1.0,0.0,0.0,1.0,0.0
svb,0.1,0.3,1.0,fall,60,3,3,0,3,0,0,3,0,0,0.5732495013290326,0.6030122764323274,0.5878795941897927,1.0,0.0,0.0,1.0,0.0
svb,0.1,0.3,3.0,rise,40,3,3,0,3,0,0,3,0,0,0.1231904521995982,0.1286598446200957,0.1258917646518697,1.0,0.0,0.0,1.0,0.0
svb,0.1,0.3,3.0,rise,50,3,3,0,3,0,0,3,0,0,0.1266742151309404,0.1483409949817208,0.1353721636348374,1.0,0.0,0.0,1.0,0.0
svb,0.1,0.3,3.0,rise,60,3,3,0,3,0,0,3,0,0,0.1285295268245326,0.168677978859579,0.1451442194815135,1.0,0.0,0.0,1.0,0.0
svb,0.1,0.3,3.0,fall,40,3,3,0,3,0,0,3,0,0,2.6978334010217644,2.7495144143463905,2.7258329065492823,1.0,0.0,0.0,1.0,0.0
svb,0.1,0.3,3.0,fall,50,3,3,0,3,0,0,3,0,0,2.09521128935693,2.147742969140694,2.1232265345936785,1.0,0.0,0.0,1.0,0.0
svb,0.1,0.3,3.0,fall,60,3,3,0,3,0,0,3,0,0,1.6022951466718671,1.660100478670227,1.630752946253028,1.0,0.0,0.0,1.0,0.0
svb,0.1,1.0,0.01,rise,40,3,3,0,3,0,0,3,0,0,0.0383860871734126,0.0393759812444888,0.0388235837764928,1.0,0.0,0.0,1.0,0.0
svb,0.1,1.0,0.01,rise,50,3,3,0,3,0,0,3,0,0,0.0384120168718694,0.0394005523552866,0.0389773896952977,1.0,0.0,0.0,1.0,0.0
svb,0.1,1.0,0.01,rise,60,3,3,0,3,0,0,3,0,0,0.0384144147370423,0.039434124735904,0.0391135655321416,1.0,0.0,0.0,1.0,0.0
svb,0.1,1.0,0.01,fall,40,3,3,0,3,0,0,3,0,0,0.0405324565559856,0.0421639613378153,0.0409892342498161,1.0,0.0,0.0,1.0,0.0
svb,0.1,1.0,0.01,fall,50,3,3,0,3,0,0,3,0,0,0.0405325329963099,0.0421639848763706,0.040989232704268,1.0,0.0,0.0,1.0,0.0
svb,0.1,1.0,0.01,fall,60,3,3,0,3,0,0,3,0,0,0.0405324680270677,0.042163873659677,0.0409892400067888,1.0,0.0,0.0,1.0,0.0
svb,0.1,1.0,0.03,rise,40,3,3,0,3,0,0,3,0,0,0.0389768160106224,0.0399638351322952,0.0394097021969909,1.0,0.0,0.0,1.0,0.0
svb,0.1,1.0,0.03,rise,50,3,3,0,3,0,0,3,0,0,0.03900297870095,0.0399727244079887,0.039561382623589,1.0,0.0,0.0,1.0,0.0
svb,0.1,1.0,0.03,rise,60,3,3,0,3,0,0,3,0,0,0.0390059880722798,0.0399999099638668,0.0396954495047294,1.0,0.0,0.0,1.0,0.0
svb,0.1,1.0,0.03,fall,40,3,3,0,3,0,0,3,0,0,0.0410527647281517,0.0426417836391301,0.0414947466088853,1.0,0.0,0.0,1.0,0.0
svb,0.1,1.0,0.03,fall,50,3,3,0,3,0,0,3,0,0,0.0410527723052236,0.042641875774863,0.0414948176360971,1.0,0.0,0.0,1.0,0.0
svb,0.1,1.0,0.03,fall,60,3,3,0,3,0,0,3,0,0,0.0410527372686542,0.042641810119405,0.041494819437259,1.0,0.0,0.0,1.0,0.0
svb,0.1,1.0,0.1,rise,40,3,3,0,3,0,0,3,0,0,0.0433503013832431,0.0452991627626938,0.0442839853520889,1.0,0.0,0.0,1.0,0.0
svb,0.1,1.0,0.1,rise,50,3,3,0,3,0,0,3,0,0,0.0434055825402351,0.0459224538069603,0.0447032822023988,1.0,0.0,0.0,1.0,0.0
svb,0.1,1.0,0.1,rise,60,3,3,0,3,0,0,3,0,0,0.0433925892166329,0.0464062983336684,0.045092522222954,1.0,0.0,0.0,1.0,0.0
svb,0.1,1.0,0.1,fall,40,3,3,0,3,0,0,3,0,0,0.0537493493895482,0.0588676150558191,0.0555116295267896,1.0,0.0,0.0,1.0,0.0
svb,0.1,1.0,0.1,fall,50,3,3,0,3,0,0,3,0,0,0.0537321549800975,0.0588483652334628,0.0554946479320024,1.0,0.0,0.0,1.0,0.0
svb,0.1,1.0,0.1,fall,60,3,3,0,3,0,0,3,0,0,0.0536489134758972,0.0587554352627985,0.0554125985305589,1.0,0.0,0.0,1.0,0.0
svb,0.1,1.0,0.3,rise,40,3,3,0,3,0,0,3,0,0,0.0547654470291415,0.0592501928105943,0.0569682597555407,1.0,0.0,0.0,1.0,0.0
svb,0.1,1.0,0.3,rise,50,3,3,0,3,0,0,3,0,0,0.0551920313670798,0.0627303949594984,0.0587194236372722,1.0,0.0,0.0,1.0,0.0
svb,0.1,1.0,0.3,rise,60,3,3,0,3,0,0,3,0,0,0.0553421427690434,0.0659630247160287,0.0604739365875104,1.0,0.0,0.0,1.0,0.0
svb,0.1,1.0,0.3,fall,40,3,3,0,3,0,0,3,0,0,0.1875811143551216,0.2059679750549741,0.1957585860628365,1.0,0.0,0.0,1.0,0.0
svb,0.1,1.0,0.3,fall,50,3,3,0,3,0,0,3,0,0,0.1794994273457637,0.1968751381661786,0.1872345371579606,1.0,0.0,0.0,1.0,0.0
svb,0.1,1.0,0.3,fall,60,3,3,0,3,0,0,3,0,0,0.1683326216644527,0.1842165825630493,0.175417962594657,1.0,0.0,0.0,1.0,0.0
svb,0.1,1.0,1.0,rise,40,3,3,0,3,0,0,3,0,0,0.0681771004184412,0.0767026665691897,0.0721090180814691,1.0,0.0,0.0,1.0,0.0
svb,0.1,1.0,1.0,rise,50,3,3,0,3,0,0,3,0,0,0.0693434096598385,0.0843528019140903,0.0759296993674785,1.0,0.0,0.0,1.0,0.0
svb,0.1,1.0,1.0,rise,60,3,3,0,3,0,0,3,0,0,0.0699700297634257,0.0919728152874064,0.0799291521026772,1.0,0.0,0.0,1.0,0.0
svb,0.1,1.0,1.0,fall,40,3,3,0,3,0,0,3,0,0,0.8776253771430633,0.9058574323901364,0.8911907738384173,1.0,0.0,0.0,1.0,0.0
svb,0.1,1.0,1.0,fall,50,3,3,0,3,0,0,3,0,0,0.7645256249297252,0.7898573207517696,0.7766562809559547,1.0,0.0,0.0,1.0,0.0
svb,0.1,1.0,1.0,fall,60,3,3,0,3,0,0,3,0,0,0.6546435632286001,0.6763784415755887,0.6650029929941528,1.0,0.0,0.0,1.0,0.0
svb,0.1,1.0,3.0,rise,40,3,3,0,3,0,0,3,0,0,0.0750223422263554,0.086917922203324,0.0803415038360518,1.0,0.0,0.0,1.0,0.0
svb,0.1,1.0,3.0,rise,50,3,3,0,3,0,0,3,0,0,0.0766546125814371,0.0971784661961628,0.0854440475587882,1.0,0.0,0.0,1.0,0.0
svb,0.1,1.0,3.0,rise,60,3,3,0,3,0,0,3,0,0,0.0776217678413593,0.1076724836603952,0.0908903272137651,1.0,0.0,0.0,1.0,0.0
svb,0.1,1.0,3.0,fall,40,3,3,0,3,0,0,3,0,0,2.725831817325101,2.752545851596987,2.738623732406168,1.0,0.0,0.0,1.0,0.0
svb,0.1,1.0,3.0,fall,50,3,3,0,3,0,0,3,0,0,2.2360753254220205,2.261113748974116,2.24800945858098,1.0,0.0,0.0,1.0,0.0
svb,0.1,1.0,3.0,fall,60,3,3,0,3,0,0,3,0,0,1.8133649809492145,1.8359351421126788,1.824038098965646,1.0,0.0,0.0,1.0,0.0
svb,0.1,3.0,0.01,rise,40,3,3,0,3,0,0,3,0,0,0.0395634126706262,0.0402707102375133,0.0398570863596065,1.0,0.0,0.0,1.0,0.0
svb,0.1,3.0,0.01,rise,50,3,3,0,3,0,0,3,0,0,0.0396378481609247,0.0403288354871206,0.0400344435241767,1.0,0.0,0.0,1.0,0.0
svb,0.1,3.0,0.01,rise,60,3,3,0,3,0,0,3,0,0,0.0396938025449529,0.040392308260946,0.0401981366911325,1.0,0.0,0.0,1.0,0.0
svb,0.1,3.0,0.01,fall,40,3,3,0,3,0,0,3,0,0,0.0421559806563647,0.0442597493717156,0.0428990165130169,1.0,0.0,0.0,1.0,0.0
svb,0.1,3.0,0.01,fall,50,3,3,0,3,0,0,3,0,0,0.0421560030492069,0.0442597504872561,0.0428990020156669,1.0,0.0,0.0,1.0,0.0
svb,0.1,3.0,0.01,fall,60,3,3,0,3,0,0,3,0,0,0.0421560012120405,0.0442597474283115,0.0428990032050644,1.0,0.0,0.0,1.0,0.0
svb,0.1,3.0,0.03,rise,40,3,3,0,3,0,0,3,0,0,0.0397557377503756,0.0404560426076366,0.0400461194893155,1.0,0.0,0.0,1.0,0.0
svb,0.1,3.0,0.03,rise,50,3,3,0,3,0,0,3,0,0,0.0398302754128838,0.0405111743210981,0.0402222687320383,1.0,0.0,0.0,1.0,0.0
svb,0.1,3.0,0.03,rise,60,3,3,0,3,0,0,3,0,0,0.0398864636441237,0.0405735623950712,0.0403848124144516,1.0,0.0,0.0,1.0,0.0
svb,0.1,3.0,0.03,fall,40,3,3,0,3,0,0,3,0,0,0.0423060400117973,0.044346267997962,0.0430325374971469,1.0,0.0,0.0,1.0,0.0
svb,0.1,3.0,0.03,fall,50,3,3,0,3,0,0,3,0,0,0.0423060456931274,0.0443462526953797,0.0430325421682833,1.0,0.0,0.0,1.0,0.0
svb,0.1,3.0,0.03,fall,60,3,3,0,3,0,0,3,0,0,0.0423060420889882,0.0443462486177441,0.0430325417850498,1.0,0.0,0.0,1.0,0.0
svb,0.1,3.0,0.1,rise,40,3,3,0,3,0,0,3,0,0,0.0413483903443818,0.0424904876235147,0.0418507725641256,1.0,0.0,0.0,1.0,0.0
svb,0.1,3.0,0.1,rise,50,3,3,0,3,0,0,3,0,0,0.0414418874489893,0.0427375676637596,0.0421356504272366,1.0,0.0,0.0,1.0,0.0
svb,0.1,3.0,0.1,rise,60,3,3,0,3,0,0,3,0,0,0.0415034152611041,0.0429468844588284,0.0424057846261355,1.0,0.0,0.0,1.0,0.0
svb,0.1,3.0,0.1,fall,40,3,3,0,3,0,0,3,0,0,0.0481968192724377,0.0542016058303094,0.0502717497415363,1.0,0.0,0.0,1.0,0.0
svb,0.1,3.0,0.1,fall,50,3,3,0,3,0,0,3,0,0,0.0481968456721246,0.0542016179658015,0.0502717351142387,1.0,0.0,0.0,1.0,0.0
svb,0.1,3.0,0.1,fall,60,3,3,0,3,0,0,3,0,0,0.0481968418146987,0.0542016129103486,0.0502717300330846,1.0,0.0,0.0,1.0,0.0
svb,0.1,3.0,0.3,rise,40,3,3,0,3,0,0,3,0,0,0.045801597074093,0.0487315279674757,0.0471527358144956,1.0,0.0,0.0,1.0,0.0
svb,0.1,3.0,0.3,rise,50,3,3,0,3,0,0,3,0,0,0.0460597326478205,0.0502254653142308,0.0480504602055209,1.0,0.0,0.0,1.0,0.0
svb,0.1,3.0,0.3,rise,60,3,3,0,3,0,0,3,0,0,0.0462124884603233,0.0516536515825408,0.0489708788887056,1.0,0.0,0.0,1.0,0.0
svb,0.1,3.0,0.3,fall,40,3,3,0,3,0,0,3,0,0,0.1363409975201057,0.166138449838737,0.1492266699002971,1.0,0.0,0.0,1.0,0.0
svb,0.1,3.0,0.3,fall,50,3,3,0,3,0,0,3,0,0,0.1362359448082046,0.1660047292923683,0.149108632188462,1.0,0.0,0.0,1.0,0.0
svb,0.1,3.0,0.3,fall,60,3,3,0,3,0,0,3,0,0,0.1357301826260633,0.1653605547123291,0.148540238447338,1.0,0.0,0.0,1.0,0.0
svb,0.1,3.0,1.0,rise,40,3,3,0,3,0,0,3,0,0,0.0512446080348746,0.0569290240763776,0.0537839476879128,1.0,0.0,0.0,1.0,0.0
svb,0.1,3.0,1.0,rise,50,3,3,0,3,0,0,3,0,0,0.0518332304961296,0.0604321591955157,0.0556653074412366,1.0,0.0,0.0,1.0,0.0
svb,0.1,3.0,1.0,rise,60,3,3,0,3,0,0,3,0,0,0.0522187738616918,0.0640285906683934,0.0576854113042256,1.0,0.0,0.0,1.0,0.0
svb,0.1,3.0,1.0,fall,40,3,3,0,3,0,0,3,0,0,0.8248648701184762,0.8934564568759584,0.8576333491050261,1.0,0.0,0.0,1.0,0.0
svb,0.1,3.0,1.0,fall,50,3,3,0,3,0,0,3,0,0,0.7814030921926136,0.8483178424992377,0.8133132358506994,1.0,0.0,0.0,1.0,0.0
svb,0.1,3.0,1.0,fall,60,3,3,0,3,0,0,3,0,0,0.7233471997039351,0.7877919595558267,0.7539955203243318,1.0,0.0,0.0,1.0,0.0
svb,0.1,3.0,3.0,rise,40,3,3,0,3,0,0,3,0,0,0.0540247701177258,0.0615380761561946,0.0573173521455365,1.0,0.0,0.0,1.0,0.0
svb,0.1,3.0,3.0,rise,50,3,3,0,3,0,0,3,0,0,0.0548201720218604,0.0662559804693216,0.0597819439937784,1.0,0.0,0.0,1.0,0.0
svb,0.1,3.0,3.0,rise,60,3,3,0,3,0,0,3,0,0,0.05536585553225,0.0712216906549171,0.0624752792499107,1.0,0.0,0.0,1.0,0.0
svb,0.1,3.0,3.0,fall,40,3,3,0,3,0,0,3,0,0,2.9450921500417864,3.03263469902122,2.987954156412508,1.0,0.0,0.0,1.0,0.0
svb,0.1,3.0,3.0,fall,50,3,3,0,3,0,0,3,0,0,2.5872562146212186,2.672622113169122,2.6289635922274024,1.0,0.0,0.0,1.0,0.0
svb,0.1,3.0,3.0,fall,60,3,3,0,3,0,0,3,0,0,2.234388457478707,2.3169684119550165,2.274619588527923,1.0,0.0,0.0,1.0,0.0
svb,0.3,0.01,0.01,rise,40,3,3,0,3,0,0,3,0,0,0.0930980577506058,0.1102419028482604,0.1014600854082272,1.0,0.0,0.0,1.0,0.0
svb,0.3,0.01,0.01,rise,50,3,3,0,3,0,0,3,0,0,0.0921067572964244,0.1133893948691748,0.1028554049483914,1.0,0.0,0.0,1.0,0.0
svb,0.3,0.01,0.01,rise,60,3,3,0,3,0,0,3,0,0,0.0905522284375893,0.1157086072897793,0.1039696265269174,1.0,0.0,0.0,1.0,0.0
svb,0.3,0.01,0.01,fall,40,3,3,0,3,0,0,3,0,0,0.1129752176949369,0.1229932853420483,0.1160702730653063,1.0,0.0,0.0,1.0,0.0
svb,0.3,0.01,0.01,fall,50,3,3,0,3,0,0,3,0,0,0.1123537603998537,0.1217681687021301,0.1146905254440636,1.0,0.0,0.0,1.0,0.0
svb,0.3,0.01,0.01,fall,60,3,3,0,3,0,0,3,0,0,0.1119653590981425,0.1202454338128516,0.113576304427553,1.0,0.0,0.0,1.0,0.0
svb,0.3,0.01,0.03,rise,40,3,3,0,3,0,0,3,0,0,0.1094730226260333,0.1246822438203798,0.1177468121766652,1.0,0.0,0.0,1.0,0.0
svb,0.3,0.01,0.03,rise,50,3,3,0,3,0,0,3,0,0,0.1085873254206545,0.1285133857159883,0.1195025357656966,1.0,0.0,0.0,1.0,0.0
svb,0.3,0.01,0.03,rise,60,3,3,0,3,0,0,3,0,0,0.1070680157150311,0.1314954323712527,0.1209026171618726,1.0,0.0,0.0,1.0,0.0
svb,0.3,0.01,0.03,fall,40,3,3,0,3,0,0,3,0,0,0.1345019619136424,0.1415209307315297,0.136015266465814,1.0,0.0,0.0,1.0,0.0
svb,0.3,0.01,0.03,fall,50,3,3,0,3,0,0,3,0,0,0.1340992226333932,0.1394739188133791,0.1343322463078401,1.0,0.0,0.0,1.0,0.0
svb,0.3,0.01,0.03,fall,60,3,3,0,3,0,0,3,0,0,0.132931603934626,0.137253948039594,0.1340716887848589,1.0,0.0,0.0,1.0,0.0
svb,0.3,0.01,0.1,rise,40,3,3,0,3,0,0,3,0,0,0.1569378219587752,0.1603926461189529,0.1582408385507123,1.0,0.0,0.0,1.0,0.0
svb,0.3,0.01,0.1,rise,50,3,3,0,3,0,0,3,0,0,0.1574632480772801,0.1651247785729921,0.1644626537595661,1.0,0.0,0.0,1.0,0.0
svb,0.3,0.01,0.1,rise,60,3,3,0,3,0,0,3,0,0,0.1569299709364583,0.1715942113015366,0.1678910335244066,1.0,0.0,0.0,1.0,0.0
svb,0.3,0.01,0.1,fall,40,3,3,0,3,0,0,3,0,0,0.2047890917336279,0.2207022948324858,0.2104713549653272,1.0,0.0,0.0,1.0,0.0
svb,0.3,0.01,0.1,fall,50,3,3,0,3,0,0,3,0,0,0.1958990868378025,0.219994048258171,0.2056286547732746,1.0,0.0,0.0,1.0,0.0
svb,0.3,0.01,0.1,fall,60,3,3,0,3,0,0,3,0,0,0.1885705727697391,0.220421347497413,0.2015930300304259,1.0,0.0,0.0,1.0,0.0
svb,0.3,0.01,0.3,rise,40,3,3,0,3,0,0,3,0,0,0.2036203064148685,0.2240789693701251,0.2170835509703562,1.0,0.0,0.0,1.0,0.0
svb,0.3,0.01,0.3,rise,50,3,3,0,3,0,0,3,0,0,0.2170809027115431,0.2279766605067207,0.2258213791852552,1.0,0.0,0.0,1.0,0.0
svb,0.3,0.01,0.3,rise,60,3,3,0,3,0,0,3,0,0,0.229988597969116,0.2337477751489353,0.2314748276745879,1.0,0.0,0.0,1.0,0.0
svb,0.3,0.01,0.3,fall,40,3,3,0,3,0,0,3,0,0,0.3950701416625191,0.4415256874747292,0.4123691087454488,1.0,0.0,0.0,1.0,0.0
svb,0.3,0.01,0.3,fall,50,3,3,0,3,0,0,3,0,0,0.346018829111941,0.4206502718325609,0.3779719382435139,1.0,0.0,0.0,1.0,0.0
svb,0.3,0.01,0.3,fall,60,3,3,0,3,0,0,3,0,0,0.3091277583068705,0.4072945845260795,0.3542675948866854,1.0,0.0,0.0,1.0,0.0
svb,0.3,0.01,1.0,rise,40,3,3,0,3,0,0,3,0,0,0.2527875734448139,0.2810997369553356,0.2703440061997486,1.0,0.0,0.0,1.0,0.0
svb,0.3,0.01,1.0,rise,50,3,3,0,3,0,0,3,0,0,0.2758577327428642,0.288015039819933,0.2845473974228488,1.0,0.0,0.0,1.0,0.0
svb,0.3,0.01,1.0,rise,60,3,3,0,3,0,0,3,0,0,0.2928100307354071,0.3014888408639786,0.2980719577096591,1.0,0.0,0.0,1.0,0.0
svb,0.3,0.01,1.0,fall,40,3,3,0,3,0,0,3,0,0,1.0707735393347768,1.153491144338464,1.1091919364628475,1.0,0.0,0.0,1.0,0.0
svb,0.3,0.01,1.0,fall,50,3,3,0,3,0,0,3,0,0,0.8655216773785006,0.978483008999132,0.9186638867131344,1.0,0.0,0.0,1.0,0.0
svb,0.3,0.01,1.0,fall,60,3,3,0,3,0,0,3,0,0,0.7010052328446779,0.8441587174667986,0.7688514026199682,1.0,0.0,0.0,1.0,0.0
svb,0.3,0.01,3.0,rise,40,3,3,0,3,0,0,3,0,0,0.2825784647281312,0.3071815999917026,0.2983633188397633,1.0,0.0,0.0,1.0,0.0
svb,0.3,0.01,3.0,rise,50,3,3,0,3,0,0,3,0,0,0.3123490524916851,0.3159642694594414,0.3157223451640181,1.0,0.0,0.0,1.0,0.0
svb,0.3,0.01,3.0,rise,60,3,3,0,3,0,0,3,0,0,0.3220998802426899,0.3452402777466651,0.3331489281984742,1.0,0.0,0.0,1.0,0.0
svb,0.3,0.01,3.0,fall,40,3,3,0,3,0,0,3,0,0,2.9372478284077856,3.058907296076542,2.995208014329741,1.0,0.0,0.0,1.0,0.0
svb,0.3,0.01,3.0,fall,50,3,3,0,3,0,0,3,0,0,2.2857088449227927,2.437612077585597,2.3583928941162187,1.0,0.0,0.0,1.0,0.0
svb,0.3,0.01,3.0,fall,60,3,3,0,3,0,0,3,0,0,1.7565493089979731,1.938644722699994,1.8439372043925597,1.0,0.0,0.0,1.0,0.0
svb,0.3,0.03,0.01,rise,40,3,3,0,3,0,0,3,0,0,0.0804443585639738,0.0989057165683648,0.0888558738482088,1.0,0.0,0.0,1.0,0.0
svb,0.3,0.03,0.01,rise,50,3,3,0,3,0,0,3,0,0,0.0793929104844221,0.1010782576280351,0.0899073411507477,1.0,0.0,0.0,1.0,0.0
svb,0.3,0.03,0.01,rise,60,3,3,0,3,0,0,3,0,0,0.077856547427584,0.1024448191347221,0.0907430806014279,1.0,0.0,0.0,1.0,0.0
svb,0.3,0.03,0.01,fall,40,3,3,0,3,0,0,3,0,0,0.095159889342815,0.107277693532517,0.0997762361944747,1.0,0.0,0.0,1.0,0.0
svb,0.3,0.03,0.01,fall,50,3,3,0,3,0,0,3,0,0,0.0943301393766652,0.1072100040846915,0.0987435175370964,1.0,0.0,0.0,1.0,0.0
svb,0.3,0.03,0.01,fall,60,3,3,0,3,0,0,3,0,0,0.0935967069238303,0.1067411672952129,0.0979083621621959,1.0,0.0,0.0,1.0,0.0
svb,0.3,0.03,0.03,rise,40,3,3,0,3,0,0,3,0,0,0.0967602578079688,0.1132994041125583,0.105078008003224,1.0,0.0,0.0,1.0,0.0
svb,0.3,0.03,0.03,rise,50,3,3,0,3,0,0,3,0,0,0.0958151523768221,0.116152744894742,0.1064880286169749,1.0,0.0,0.0,1.0,0.0
svb,0.3,0.03,0.03,rise,60,3,3,0,3,0,0,3,0,0,0.0943153971827523,0.1181804942032486,0.1076082110709871,1.0,0.0,0.0,1.0,0.0
svb,0.3,0.03,0.03,fall,40,3,3,0,3,0,0,3,0,0,0.1165814336278817,0.1257349747501357,0.119639332107607,1.0,0.0,0.0,1.0,0.0
svb,0.3,0.03,0.03,fall,50,3,3,0,3,0,0,3,0,0,0.1159656783582137,0.1248471213985469,0.1183058307434659,1.0,0.0,0.0,1.0,0.0
svb,0.3,0.03,0.03,fall,60,3,3,0,3,0,0,3,0,0,0.1155867026542306,0.1236828104362235,0.1171856574568235,1.0,0.0,0.0,1.0,0.0
svb,0.3,0.03,0.1,rise,40,3,3,0,3,0,0,3,0,0,0.1441029000935209,0.1476047100160849,0.1467746254345062,1.0,0.0,0.0,1.0,0.0
svb,0.3,0.03,0.1,rise,50,3,3,0,3,0,0,3,0,0,0.1445681102090316,0.1526767419267427,0.1513249750656973,1.0,0.0,0.0,1.0,0.0
svb,0.3,0.03,0.1,rise,60,3,3,0,3,0,0,3,0,0,0.144054166033077,0.1581892230650211,0.1544702824364752,1.0,0.0,0.0,1.0,0.0
svb,0.3,0.03,0.1,fall,40,3,3,0,3,0,0,3,0,0,0.1888947938709806,0.2025892375804228,0.193942972549645,1.0,0.0,0.0,1.0,0.0
svb,0.3,0.03,0.1,fall,50,3,3,0,3,0,0,3,0,0,0.1811651259773525,0.2016594355831131,0.1894520870940493,1.0,0.0,0.0,1.0,0.0
svb,0.3,0.03,0.1,fall,60,3,3,0,3,0,0,3,0,0,0.1748922999978466,0.2017241820253084,0.1857000146636692,1.0,0.0,0.0,1.0,0.0
svb,0.3,0.03,0.3,rise,40,3,3,0,3,0,0,3,0,0,0.1920664252603357,0.2111290481570754,0.2041912472949281,1.0,0.0,0.0,1.0,0.0
svb,0.3,0.03,0.3,rise,50,3,3,0,3,0,0,3,0,0,0.2045398330603198,0.2149638698715024,0.2125755722567535,1.0,0.0,0.0,1.0,0.0
svb,0.3,0.03,0.3,rise,60,3,3,0,3,0,0,3,0,0,0.2169934412687744,0.2202161345761979,0.2179689377528738,1.0,0.0,0.0,1.0,0.0
svb,0.3,0.03,0.3,fall,40,3,3,0,3,0,0,3,0,0,0.3790531270922683,0.4232690452587953,0.3957135700913305,1.0,0.0,0.0,1.0,0.0
svb,0.3,0.03,0.3,fall,50,3,3,0,3,0,0,3,0,0,0.3311848212891901,0.4021687144705852,0.3616702018252025,1.0,0.0,0.0,1.0,0.0
svb,0.3,0.03,0.3,fall,60,3,3,0,3,0,0,3,0,0,0.2953646977529496,0.3884478253193795,0.3382474982608361,1.0,0.0,0.0,1.0,0.0
svb,0.3,0.03,1.0,rise,40,3,3,0,3,0,0,3,0,0,0.2411699377387495,0.2680833710796654,0.2573852927875734,1.0,0.0,0.0,1.0,0.0
svb,0.3,0.03,1.0,rise,50,3,3,0,3,0,0,3,0,0,0.2632468595527717,0.2749353883571194,0.2712334543910886,1.0,0.0,0.0,1.0,0.0
svb,0.3,0.03,1.0,rise,60,3,3,0,3,0,0,3,0,0,0.2797481527762891,0.2879068236553441,0.2844706037138739,1.0,0.0,0.0,1.0,0.0
svb,0.3,0.03,1.0,fall,40,3,3,0,3,0,0,3,0,0,1.0546631662738437,1.1351388661319688,1.092437057427261,1.0,0.0,0.0,1.0,0.0
svb,0.3,0.03,1.0,fall,50,3,3,0,3,0,0,3,0,0,0.8505954005052834,0.9599117046405584,0.9022678421458178,1.0,0.0,0.0,1.0,0.0
svb,0.3,0.03,1.0,fall,60,3,3,0,3,0,0,3,0,0,0.6871551206886752,0.8252259803442722,0.7527444564029654,1.0,0.0,0.0,1.0,0.0
svb,0.3,0.03,3.0,rise,40,3,3,0,3,0,0,3,0,0,0.2709343973036942,0.2941416481448504,0.28537925507626,1.0,0.0,0.0,1.0,0.0
svb,0.3,0.03,3.0,rise,50,3,3,0,3,0,0,3,0,0,0.2997098686737041,0.3026242523033143,0.3026190671373852,1.0,0.0,0.0,1.0,0.0
svb,0.3,0.03,3.0,rise,60,3,3,0,3,0,0,3,0,0,0.309014065955813,0.3316287975343264,0.3195208889784076,1.0,0.0,0.0,1.0,0.0
svb,0.3,0.03,3.0,fall,40,3,3,0,3,0,0,3,0,0,2.921100930435559,3.04052031402218,2.978417709221111,1.0,0.0,0.0,1.0,0.0
svb,0.3,0.03,3.0,fall,50,3,3,0,3,0,0,3,0,0,2.2707460264258894,2.419006056753967,2.341961469527014,1.0,0.0,0.0,1.0,0.0
svb,0.3,0.03,3.0,fall,60,3,3,0,3,0,0,3,0,0,1.7426626320059777,1.9196772504018236,1.8277948597572808,1.0,0.0,0.0,1.0,0.0
svb,0.3,0.1,0.01,rise,40,3,3,0,3,0,0,3,0,0,0.0646047662321571,0.0845115004018892,0.0735185904724175,1.0,0.0,0.0,1.0,0.0
svb,0.3,0.1,0.01,rise,50,3,3,0,3,0,0,3,0,0,0.0634253396128599,0.0842698537882686,0.0737894295305368,1.0,0.0,0.0,1.0,0.0
svb,0.3,0.1,0.01,rise,60,3,3,0,3,0,0,3,0,0,0.0619686030266859,0.0830541610964215,0.0739561026893431,1.0,0.0,0.0,1.0,0.0
svb,0.3,0.1,0.01,fall,40,3,3,0,3,0,0,3,0,0,0.0684790176513812,0.0806867910621755,0.0740879638203353,1.0,0.0,0.0,1.0,0.0
svb,0.3,0.1,0.01,fall,50,3,3,0,3,0,0,3,0,0,0.0680386910383549,0.0845969911186383,0.0743399480654296,1.0,0.0,0.0,1.0,0.0
svb,0.3,0.1,0.01,fall,60,3,3,0,3,0,0,3,0,0,0.0675379520854307,0.087445261056795,0.0743579548156666,1.0,0.0,0.0,1.0,0.0
svb,0.3,0.1,0.03,rise,40,3,3,0,3,0,0,3,0,0,0.0774642428332299,0.0969205709233239,0.0863604493592382,1.0,0.0,0.0,1.0,0.0
svb,0.3,0.1,0.03,rise,50,3,3,0,3,0,0,3,0,0,0.0763544567952223,0.0971847460124709,0.0867966589373066,1.0,0.0,0.0,1.0,0.0
svb,0.3,0.1,0.03,rise,60,3,3,0,3,0,0,3,0,0,0.0749437678461174,0.0964857987512145,0.0870890872981719,1.0,0.0,0.0,1.0,0.0
svb,0.3,0.1,0.03,fall,40,3,3,0,3,0,0,3,0,0,0.0823388426244288,0.0951118919593005,0.0882967554784837,1.0,0.0,0.0,1.0,0.0
svb,0.3,0.1,0.03,fall,50,3,3,0,3,0,0,3,0,0,0.0818320898411186,0.0983946403461453,0.0885032760705086,1.0,0.0,0.0,1.0,0.0
svb,0.3,0.1,0.03,fall,60,3,3,0,3,0,0,3,0,0,0.0812899765363814,0.100741275393382,0.0884488938601005,1.0,0.0,0.0,1.0,0.0
svb,0.3,0.1,0.1,rise,40,3,3,0,3,0,0,3,0,0,0.1173133637120483,0.127347587712315,0.1226534851926829,1.0,0.0,0.0,1.0,0.0
svb,0.3,0.1,0.1,rise,50,3,3,0,3,0,0,3,0,0,0.1173211349671845,0.1305108911030856,0.1249363521707895,1.0,0.0,0.0,1.0,0.0
svb,0.3,0.1,0.1,rise,60,3,3,0,3,0,0,3,0,0,0.1166959202195135,0.1331824968347059,0.1268593008320672,1.0,0.0,0.0,1.0,0.0
svb,0.3,0.1,0.1,fall,40,3,3,0,3,0,0,3,0,0,0.1517431480110984,0.1531978397974633,0.1523024048319633,1.0,0.0,0.0,1.0,0.0
svb,0.3,0.1,0.1,fall,50,3,3,0,3,0,0,3,0,0,0.1490252516558701,0.1507194118892894,0.1494248848183044,1.0,0.0,0.0,1.0,0.0
svb,0.3,0.1,0.1,fall,60,3,3,0,3,0,0,3,0,0,0.1464820786856673,0.1496568497139666,0.1466819262251145,1.0,0.0,0.0,1.0,0.0
svb,0.3,0.1,0.3,rise,40,3,3,0,3,0,0,3,0,0,0.1689741943849358,0.1770251844555124,0.1735682179408015,1.0,0.0,0.0,1.0,0.0
svb,0.3,0.1,0.3,rise,50,3,3,0,3,0,0,3,0,0,0.1784520693844569,0.1801243565482274,0.1800302705483664,1.0,0.0,0.0,1.0,0.0
svb,0.3,0.1,0.3,rise,60,3,3,0,3,0,0,3,0,0,0.1816703531627991,0.1886329540258761,0.1861922438315756,1.0,0.0,0.0,1.0,0.0
svb,0.3,0.1,0.3,fall,40,3,3,0,3,0,0,3,0,0,0.3387357017140882,0.3608129893747359,0.3458219605912415,1.0,0.0,0.0,1.0,0.0
svb,0.3,0.1,0.3,fall,50,3,3,0,3,0,0,3,0,0,0.2964612617972721,0.3382785130574434,0.3132259960512161,1.0,0.0,0.0,1.0,0.0
svb,0.3,0.1,0.3,fall,60,3,3,0,3,0,0,3,0,0,0.2642381398237927,0.3229402748555605,0.2906520881719946,1.0,0.0,0.0,1.0,0.0
svb,0.3,0.1,1.0,rise,40,3,3,0,3,0,0,3,0,0,0.2146327164985452,0.2296059197902219,0.2227681978425107,1.0,0.0,0.0,1.0,0.0
svb,0.3,0.1,1.0,rise,50,3,3,0,3,0,0,3,0,0,0.2332345893539977,0.2355128961470619,0.2345499065910622,1.0,0.0,0.0,1.0,0.0
svb,0.3,0.1,1.0,rise,60,3,3,0,3,0,0,3,0,0,0.2398824719777896,0.254053761224133,0.2459986290769471,1.0,0.0,0.0,1.0,0.0
svb,0.3,0.1,1.0,fall,40,3,3,0,3,0,0,3,0,0,1.005216933313895,1.0630667991578222,1.0327121525282454,1.0,0.0,0.0,1.0,0.0
svb,0.3,0.1,1.0,fall,50,3,3,0,3,0,0,3,0,0,0.8085175507190239,0.8879316045740064,0.8459502958243077,1.0,0.0,0.0,1.0,0.0
svb,0.3,0.1,1.0,fall,60,3,3,0,3,0,0,3,0,0,0.6508682477643033,0.7525580622952378,0.6990268400016211,1.0,0.0,0.0,1.0,0.0
svb,0.3,0.1,3.0,rise,40,3,3,0,3,0,0,3,0,0,0.2426610340904547,0.254077471528384,0.2490539958791989,1.0,0.0,0.0,1.0,0.0
svb,0.3,0.1,3.0,rise,50,3,3,0,3,0,0,3,0,0,0.2615869830086171,0.2677075021934637,0.2641279243722123,1.0,0.0,0.0,1.0,0.0
svb,0.3,0.1,3.0,rise,60,3,3,0,3,0,0,3,0,0,0.2675070447760869,0.2955384341020772,0.2791379187313476,1.0,0.0,0.0,1.0,0.0
svb,0.3,0.1,3.0,fall,40,3,3,0,3,0,0,3,0,0,2.8678737948540864,2.9642363908273874,2.914571556104309,1.0,0.0,0.0,1.0,0.0
svb,0.3,0.1,3.0,fall,50,3,3,0,3,0,0,3,0,0,2.224900672119702,2.342827070743667,2.281534962530199,1.0,0.0,0.0,1.0,0.0
svb,0.3,0.1,3.0,fall,60,3,3,0,3,0,0,3,0,0,1.7026726706188526,1.8428728436555977,1.7700280405642306,1.0,0.0,0.0,1.0,0.0
svb,0.3,0.3,0.01,rise,40,3,3,0,3,0,0,3,0,0,0.0846268107720067,0.0946824469153675,0.0887902723141343,1.0,0.0,0.0,1.0,0.0
svb,0.3,0.3,0.01,rise,50,3,3,0,3,0,0,3,0,0,0.0846623548818764,0.0939063591771284,0.0896394927232951,1.0,0.0,0.0,1.0,0.0
svb,0.3,0.3,0.01,rise,60,3,3,0,3,0,0,3,0,0,0.0845122734362044,0.0926539507458402,0.0903192202340429,1.0,0.0,0.0,1.0,0.0
svb,0.3,0.3,0.01,fall,40,3,3,0,3,0,0,3,0,0,0.0918593954336211,0.0945033615336734,0.0919292624660179,1.0,0.0,0.0,1.0,0.0
svb,0.3,0.3,0.01,fall,50,3,3,0,3,0,0,3,0,0,0.0928394996444583,0.0945236576791854,0.0932130856054127,1.0,0.0,0.0,1.0,0.0
svb,0.3,0.3,0.01,fall,60,3,3,0,3,0,0,3,0,0,0.0928965116866622,0.0957534650545031,0.0947275569348036,1.0,0.0,0.0,1.0,0.0
svb,0.3,0.3,0.03,rise,40,3,3,0,3,0,0,3,0,0,0.0895188541730571,0.1001346364765761,0.0939262897415626,1.0,0.0,0.0,1.0,0.0
svb,0.3,0.3,0.03,rise,50,3,3,0,3,0,0,3,0,0,0.0894956784692826,0.0992230149028237,0.094648022292876,1.0,0.0,0.0,1.0,0.0
svb,0.3,0.3,0.03,rise,60,3,3,0,3,0,0,3,0,0,0.0893103453748286,0.0977164658663271,0.0952064955971947,1.0,0.0,0.0,1.0,0.0
svb,0.3,0.3,0.03,fall,40,3,3,0,3,0,0,3,0,0,0.0929625501876485,0.0951494746505285,0.0934598943735827,1.0,0.0,0.0,1.0,0.0
svb,0.3,0.3,0.03,fall,50,3,3,0,3,0,0,3,0,0,0.0948957787500013,0.0959002414211103,0.0952114401551791,1.0,0.0,0.0,1.0,0.0
svb,0.3,0.3,0.03,fall,60,3,3,0,3,0,0,3,0,0,0.0952452264564522,0.0987831241364285,0.097310734192588,1.0,0.0,0.0,1.0,0.0
svb,0.3,0.3,0.1,rise,40,3,3,0,3,0,0,3,0,0,0.1090168584066531,0.1193052376637632,0.1136977991821679,1.0,0.0,0.0,1.0,0.0
svb,0.3,0.3,0.1,rise,50,3,3,0,3,0,0,3,0,0,0.109196655981429,0.1203201521572401,0.1151293103924685,1.0,0.0,0.0,1.0,0.0
svb,0.3,0.3,0.1,rise,60,3,3,0,3,0,0,3,0,0,0.1090976460422082,0.1207875985438699,0.1163110087934701,1.0,0.0,0.0,1.0,0.0
svb,0.3,0.3,0.1,fall,40,3,3,0,3,0,0,3,0,0,0.1252244188845639,0.1299184756277474,0.1269035858955367,1.0,0.0,0.0,1.0,0.0
svb,0.3,0.3,0.1,fall,50,3,3,0,3,0,0,3,0,0,0.1251100842218457,0.1302309870980051,0.1272125801425097,1.0,0.0,0.0,1.0,0.0
svb,0.3,0.3,0.1,fall,60,3,3,0,3,0,0,3,0,0,0.1245600935352926,0.1306104887635204,0.1272326231898866,1.0,0.0,0.0,1.0,0.0
svb,0.3,0.3,0.3,rise,40,3,3,0,3,0,0,3,0,0,0.1450857094806967,0.1503864242694504,0.1476267786161108,1.0,0.0,0.0,1.0,0.0
svb,0.3,0.3,0.3,rise,50,3,3,0,3,0,0,3,0,0,0.1467544256755925,0.156702678177572,0.151958738842083,1.0,0.0,0.0,1.0,0.0
svb,0.3,0.3,0.3,rise,60,3,3,0,3,0,0,3,0,0,0.1479131975853359,0.1632038044509616,0.1559982413675605,1.0,0.0,0.0,1.0,0.0
svb,0.3,0.3,0.3,fall,40,3,3,0,3,0,0,3,0,0,0.3039529064280752,0.3070803881281971,0.3067315074287142,1.0,0.0,0.0,1.0,0.0
svb,0.3,0.3,0.3,fall,50,3,3,0,3,0,0,3,0,0,0.2772586469336722,0.2784580293443079,0.2783888588535073,1.0,0.0,0.0,1.0,0.0
svb,0.3,0.3,0.3,fall,60,3,3,0,3,0,0,3,0,0,0.2517029848522349,0.2566268748603733,0.2531490041040602,1.0,0.0,0.0,1.0,0.0
svb,0.3,0.3,1.0,rise,40,3,3,0,3,0,0,3,0,0,0.1809448517165013,0.1849747850963133,0.1829189115901403,1.0,0.0,0.0,1.0,0.0
svb,0.3,0.3,1.0,rise,50,3,3,0,3,0,0,3,0,0,0.1847527214425642,0.1986759250773752,0.1913155060953347,1.0,0.0,0.0,1.0,0.0
svb,0.3,0.3,1.0,rise,60,3,3,0,3,0,0,3,0,0,0.1880279892437112,0.2135303853836164,0.1996262906643899,1.0,0.0,0.0,1.0,0.0
svb,0.3,0.3,1.0,fall,40,3,3,0,3,0,0,3,0,0,0.9496226165179796,0.9695590693546856,0.961828965189556,1.0,0.0,0.0,1.0,0.0
svb,0.3,0.3,1.0,fall,50,3,3,0,3,0,0,3,0,0,0.7851108298101048,0.8075822348945032,0.7978134629845435,1.0,0.0,0.0,1.0,0.0
svb,0.3,0.3,1.0,fall,60,3,3,0,3,0,0,3,0,0,0.6459824895592536,0.6756137387209099,0.660599538803103,1.0,0.0,0.0,1.0,0.0
svb,0.3,0.3,3.0,rise,40,3,3,0,3,0,0,3,0,0,0.1985802553018576,0.2060793408693768,0.2021778749709731,1.0,0.0,0.0,1.0,0.0
svb,0.3,0.3,3.0,rise,50,3,3,0,3,0,0,3,0,0,0.2037178817707572,0.2248749007495925,0.2131965157066763,1.0,0.0,0.0,1.0,0.0
svb,0.3,0.3,3.0,rise,60,3,3,0,3,0,0,3,0,0,0.2082628890294874,0.2452759896864622,0.2243973286224865,1.0,0.0,0.0,1.0,0.0
svb,0.3,0.3,3.0,fall,40,3,3,0,3,0,0,3,0,0,2.778350037710519,2.8277017197293253,2.804659729934447,1.0,0.0,0.0,1.0,0.0
svb,0.3,0.3,3.0,fall,50,3,3,0,3,0,0,3,0,0,2.1757440152219165,2.22682989908225,2.2021113369575445,1.0,0.0,0.0,1.0,0.0
svb,0.3,0.3,3.0,fall,60,3,3,0,3,0,0,3,0,0,1.682906008389105,1.7400620250280086,1.710587253849374,1.0,0.0,0.0,1.0,0.0
svb,0.3,1.0,0.01,rise,40,3,3,0,3,0,0,3,0,0,0.1062736974978985,0.1117907294019698,0.1086378394030585,1.0,0.0,0.0,1.0,0.0
svb,0.3,1.0,0.01,rise,50,3,3,0,3,0,0,3,0,0,0.1070478433765347,0.1120180382170532,0.1100404303053762,1.0,0.0,0.0,1.0,0.0
svb,0.3,1.0,0.01,rise,60,3,3,0,3,0,0,3,0,0,0.1082102244229821,0.1122299475300032,0.1112540349161562,1.0,0.0,0.0,1.0,0.0
svb,0.3,1.0,0.01,fall,40,3,3,0,3,0,0,3,0,0,0.1186453166557235,0.120546847734869,0.1203683639181918,1.0,0.0,0.0,1.0,0.0
svb,0.3,1.0,0.01,fall,50,3,3,0,3,0,0,3,0,0,0.1186453428204603,0.1205469262412144,0.1203684168011127,1.0,0.0,0.0,1.0,0.0
svb,0.3,1.0,0.01,fall,60,3,3,0,3,0,0,3,0,0,0.1186455063222386,0.1205469913902443,0.1203685352870862,1.0,0.0,0.0,1.0,0.0
svb,0.3,1.0,0.03,rise,40,3,3,0,3,0,0,3,0,0,0.1075169708222643,0.1128716387721276,0.1097477455076629,1.0,0.0,0.0,1.0,0.0
svb,0.3,1.0,0.03,rise,50,3,3,0,3,0,0,3,0,0,0.1082775496655108,0.1128048273945755,0.1110521672095347,1.0,0.0,0.0,1.0,0.0
svb,0.3,1.0,0.03,rise,60,3,3,0,3,0,0,3,0,0,0.1094515600296965,0.1127430326248709,0.1121732231036698,1.0,0.0,0.0,1.0,0.0
svb,0.3,1.0,0.03,fall,40,3,3,0,3,0,0,3,0,0,0.1176399897783253,0.1189352256482159,0.1184773410741679,1.0,0.0,0.0,1.0,0.0
svb,0.3,1.0,0.03,fall,50,3,3,0,3,0,0,3,0,0,0.1176400206077641,0.1189352163759289,0.1184774096113678,1.0,0.0,0.0,1.0,0.0
svb,0.3,1.0,0.03,fall,60,3,3,0,3,0,0,3,0,0,0.117640220280172,0.1189352052667045,0.1184774557913292,1.0,0.0,0.0,1.0,0.0
svb,0.3,1.0,0.1,rise,40,3,3,0,3,0,0,3,0,0,0.1138886543186247,0.1200680680225634,0.1165876027351466,1.0,0.0,0.0,1.0,0.0
svb,0.3,1.0,0.1,rise,50,3,3,0,3,0,0,3,0,0,0.1146752049849699,0.1203754340204364,0.118045581972878,1.0,0.0,0.0,1.0,0.0
svb,0.3,1.0,0.1,rise,60,3,3,0,3,0,0,3,0,0,0.1159291456108452,0.1204641545642731,0.1193007312965819,1.0,0.0,0.0,1.0,0.0
svb,0.3,1.0,0.1,fall,40,3,3,0,3,0,0,3,0,0,0.1251850386100006,0.1280132340306274,0.1269081010211425,1.0,0.0,0.0,1.0,0.0
svb,0.3,1.0,0.1,fall,50,3,3,0,3,0,0,3,0,0,0.1251959790794654,0.1280248151229572,0.1269186482063233,1.0,0.0,0.0,1.0,0.0
svb,0.3,1.0,0.1,fall,60,3,3,0,3,0,0,3,0,0,0.1252484189558442,0.1280803567534809,0.1269693457937766,1.0,0.0,0.0,1.0,0.0
svb,0.3,1.0,0.3,rise,40,3,3,0,3,0,0,3,0,0,0.1285526370589499,0.1365118777501552,0.132402229787284,1.0,0.0,0.0,1.0,0.0
svb,0.3,1.0,0.3,rise,50,3,3,0,3,0,0,3,0,0,0.1299162089318565,0.1398380801305609,0.1353179090539505,1.0,0.0,0.0,1.0,0.0
svb,0.3,1.0,0.3,rise,60,3,3,0,3,0,0,3,0,0,0.1317439762978796,0.142988595567423,0.1380587784863483,1.0,0.0,0.0,1.0,0.0
svb,0.3,1.0,0.3,fall,40,3,3,0,3,0,0,3,0,0,0.2521126064290218,0.2666840525668417,0.2595040179378729,1.0,0.0,0.0,1.0,0.0
svb,0.3,1.0,0.3,fall,50,3,3,0,3,0,0,3,0,0,0.2449788121974405,0.2587471867568374,0.2520070317076779,1.0,0.0,0.0,1.0,0.0
svb,0.3,1.0,0.3,fall,60,3,3,0,3,0,0,3,0,0,0.2351901501299984,0.2477924622066587,0.2416926289287835,1.0,0.0,0.0,1.0,0.0
svb,0.3,1.0,1.0,rise,40,3,3,0,3,0,0,3,0,0,0.1451449786162,0.1561225162101838,0.1504999662562761,1.0,0.0,0.0,1.0,0.0
svb,0.3,1.0,1.0,rise,50,3,3,0,3,0,0,3,0,0,0.1476581842794663,0.1640020854336107,0.1557507435331085,1.0,0.0,0.0,1.0,0.0
svb,0.3,1.0,1.0,rise,60,3,3,0,3,0,0,3,0,0,0.1505773503457865,0.1720278032953119,0.1610330885771898,1.0,0.0,0.0,1.0,0.0
svb,0.3,1.0,1.0,fall,40,3,3,0,3,0,0,3,0,0,0.9408700241241752,0.9638155892187634,0.9529141916515338,1.0,0.0,0.0,1.0,0.0
svb,0.3,1.0,1.0,fall,50,3,3,0,3,0,0,3,0,0,0.8291692520462901,0.8494516906306953,0.8398492541393945,1.0,0.0,0.0,1.0,0.0
svb,0.3,1.0,1.0,fall,60,3,3,0,3,0,0,3,0,0,0.7209999945181689,0.7380097853325691,0.7300102035488163,1.0,0.0,0.0,1.0,0.0
svb,0.3,1.0,3.0,rise,40,3,3,0,3,0,0,3,0,0,0.153716492547839,0.1675702984283459,0.1603098342962189,1.0,0.0,0.0,1.0,0.0
svb,0.3,1.0,3.0,rise,50,3,3,0,3,0,0,3,0,0,0.1569850088232943,0.1783631981634288,0.1670327297471012,1.0,0.0,0.0,1.0,0.0
svb,0.3,1.0,3.0,rise,60,3,3,0,3,0,0,3,0,0,0.1606223804753538,0.1896023451758808,0.1739874947924065,1.0,0.0,0.0,1.0,0.0
svb,0.3,1.0,3.0,fall,40,3,3,0,3,0,0,3,0,0,2.791320134971495,2.8119856954724614,2.8023798043937247,1.0,0.0,0.0,1.0,0.0
svb,0.3,1.0,3.0,fall,50,3,3,0,3,0,0,3,0,0,2.302238021793232,2.3213205653609608,2.3124664457942226,1.0,0.0,0.0,1.0,0.0
svb,0.3,1.0,3.0,fall,60,3,3,0,3,0,0,3,0,0,1.880515686171088,1.897274321572613,1.889526085686908,1.0,0.0,0.0,1.0,0.0
svb,0.3,3.0,0.01,rise,40,3,3,0,3,0,0,3,0,0,0.1147130498518663,0.1194946117727134,0.1171913033418762,1.0,0.0,0.0,1.0,0.0
svb,0.3,3.0,0.01,rise,50,3,3,0,3,0,0,3,0,0,0.1158989107240675,0.1200453262782312,0.1188453116828863,1.0,0.0,0.0,1.0,0.0
svb,0.3,3.0,0.01,rise,60,3,3,0,3,0,0,3,0,0,0.117946548026836,0.1206460064970937,0.1203345561421538,1.0,0.0,0.0,1.0,0.0
svb,0.3,3.0,0.01,fall,40,3,3,0,3,0,0,3,0,0,0.1299671657645622,0.1308529939346399,0.1308302384236368,1.0,0.0,0.0,1.0,0.0
svb,0.3,3.0,0.01,fall,50,3,3,0,3,0,0,3,0,0,0.1299671610508248,0.1308530218311037,0.1308302706382758,1.0,0.0,0.0,1.0,0.0
svb,0.3,3.0,0.01,fall,60,3,3,0,3,0,0,3,0,0,0.1299671614375541,0.1308530235619884,0.1308302726370884,1.0,0.0,0.0,1.0,0.0
svb,0.3,3.0,0.03,rise,40,3,3,0,3,0,0,3,0,0,0.1150538960012271,0.1196928696793526,0.1174538175016393,1.0,0.0,0.0,1.0,0.0
svb,0.3,3.0,0.03,rise,50,3,3,0,3,0,0,3,0,0,0.1162334123227906,0.1201376905489304,0.1190640847777241,1.0,0.0,0.0,1.0,0.0
svb,0.3,3.0,0.03,rise,60,3,3,0,3,0,0,3,0,0,0.1182765227476428,0.1206880134307213,0.1205107986559413,1.0,0.0,0.0,1.0,0.0
svb,0.3,3.0,0.03,fall,40,3,3,0,3,0,0,3,0,0,0.1287500648545796,0.1297052546375581,0.1291944028802532,1.0,0.0,0.0,1.0,0.0
svb,0.3,3.0,0.03,fall,50,3,3,0,3,0,0,3,0,0,0.1287501122832752,0.1297053105696228,0.129194430789044,1.0,0.0,0.0,1.0,0.0
svb,0.3,3.0,0.03,fall,60,3,3,0,3,0,0,3,0,0,0.1287501152260723,0.1297053140400241,0.1291944284993378,1.0,0.0,0.0,1.0,0.0
svb,0.3,3.0,0.1,rise,40,3,3,0,3,0,0,3,0,0,0.1172656083304096,0.1221451692863842,0.1197698519260719,1.0,0.0,0.0,1.0,0.0
svb,0.3,3.0,0.1,rise,50,3,3,0,3,0,0,3,0,0,0.1184751325455325,0.1226149925108271,0.1214172399172919,1.0,0.0,0.0,1.0,0.0
svb,0.3,3.0,0.1,rise,60,3,3,0,3,0,0,3,0,0,0.1205521324068008,0.1231309135109599,0.1228955763837541,1.0,0.0,0.0,1.0,0.0
svb,0.3,3.0,0.1,fall,40,3,3,0,3,0,0,3,0,0,0.1310055090723416,0.1315336885963502,0.1313098462058062,1.0,0.0,0.0,1.0,0.0
svb,0.3,3.0,0.1,fall,50,3,3,0,3,0,0,3,0,0,0.1310055098686735,0.1315337299352221,0.1313098650470814,1.0,0.0,0.0,1.0,0.0
svb,0.3,3.0,0.1,fall,60,3,3,0,3,0,0,3,0,0,0.1310055108771126,0.1315337367110367,0.1313098749207291,1.0,0.0,0.0,1.0,0.0
svb,0.3,3.0,0.3,rise,40,3,3,0,3,0,0,3,0,0,0.1230103251113334,0.1293830836678149,0.1263096578228163,1.0,0.0,0.0,1.0,0.0
svb,0.3,3.0,0.3,rise,50,3,3,0,3,0,0,3,0,0,0.1245041741981598,0.1311942623708545,0.1286167920975937,1.0,0.0,0.0,1.0,0.0
svb,0.3,3.0,0.3,rise,60,3,3,0,3,0,0,3,0,0,0.1268391935535343,0.1329799512134115,0.130791230016682,1.0,0.0,0.0,1.0,0.0
svb,0.3,3.0,0.3,fall,40,3,3,0,3,0,0,3,0,0,0.2087726279812263,0.2298925324976006,0.2187282362718767,1.0,0.0,0.0,1.0,0.0
svb,0.3,3.0,0.3,fall,50,3,3,0,3,0,0,3,0,0,0.2086852779157348,0.2297827053123775,0.2186303597720664,1.0,0.0,0.0,1.0,0.0
svb,0.3,3.0,0.3,fall,60,3,3,0,3,0,0,3,0,0,0.2082648794745818,0.2292538099867496,0.218158966315821,1.0,0.0,0.0,1.0,0.0
svb,0.3,3.0,1.0,rise,40,3,3,0,3,0,0,3,0,0,0.1299567045433599,0.1387171110614722,0.134343356599479,1.0,0.0,0.0,1.0,0.0
svb,0.3,3.0,1.0,rise,50,3,3,0,3,0,0,3,0,0,0.1320058573665558,0.142789071126244,0.1377829551789531,1.0,0.0,0.0,1.0,0.0
svb,0.3,3.0,1.0,rise,60,3,3,0,3,0,0,3,0,0,0.1348603539092784,0.1470044802782037,0.1412289255416765,1.0,0.0,0.0,1.0,0.0
svb,0.3,3.0,1.0,fall,40,3,3,0,3,0,0,3,0,0,0.8855751031795225,0.9430180701276556,0.914863302890036,1.0,0.0,0.0,1.0,0.0
svb,0.3,3.0,1.0,fall,50,3,3,0,3,0,0,3,0,0,0.8428586927118094,0.8987098532349993,0.8713114778293365,1.0,0.0,0.0,1.0,0.0
svb,0.3,3.0,1.0,fall,60,3,3,0,3,0,0,3,0,0,0.7858943535757152,0.8394095699686259,0.8131233796430628,1.0,0.0,0.0,1.0,0.0
svb,0.3,3.0,3.0,rise,40,3,3,0,3,0,0,3,0,0,0.1335860113403379,0.1439793312519195,0.1386505884320621,1.0,0.0,0.0,1.0,0.0
svb,0.3,3.0,3.0,rise,50,3,3,0,3,0,0,3,0,0,0.1359896184630304,0.1494370372148052,0.1427802779868456,1.0,0.0,0.0,1.0,0.0
svb,0.3,3.0,3.0,rise,60,3,3,0,3,0,0,3,0,0,0.1391866497947418,0.1552135822780665,0.1470295470694611,1.0,0.0,0.0,1.0,0.0
svb,0.3,3.0,3.0,fall,40,3,3,0,3,0,0,3,0,0,3.001759542928049,3.076657171987368,3.040990211631625,1.0,0.0,0.0,1.0,0.0
svb,0.3,3.0,3.0,fall,50,3,3,0,3,0,0,3,0,0,2.6448339942316546,2.717573666425272,2.682919544970939,1.0,0.0,0.0,1.0,0.0
svb,0.3,3.0,3.0,fall,60,3,3,0,3,0,0,3,0,0,2.2931276786760804,2.363110598232308,2.3297519539209306,1.0,0.0,0.0,1.0,0.0
svb,1.0,0.01,0.01,rise,40,3,3,0,3,0,0,3,0,0,0.3670025396990399,0.3957496805738238,0.386386800986328,1.0,0.0,0.0,1.0,0.0
svb,1.0,0.01,0.01,rise,50,3,3,0,3,0,0,3,0,0,0.3848104132787063,0.4037947823303649,0.3993564877650749,1.0,0.0,0.0,1.0,0.0
svb,1.0,0.01,0.01,rise,60,3,3,0,3,0,0,3,0,0,0.3973020539984829,0.4097687292957823,0.4067147838590208,1.0,0.0,0.0,1.0,0.0
svb,1.0,0.01,0.01,fall,40,3,3,0,3,0,0,3,0,0,0.4242649928599007,0.4259515415753676,0.425793794084367,1.0,0.0,0.0,1.0,0.0
svb,1.0,0.01,0.01,fall,50,3,3,0,3,0,0,3,0,0,0.423789962208758,0.4261468954933558,0.4256080019596735,1.0,0.0,0.0,1.0,0.0
svb,1.0,0.01,0.01,fall,60,3,3,0,3,0,0,3,0,0,0.4231352238398644,0.4263557182388164,0.4255056412057971,1.0,0.0,0.0,1.0,0.0
svb,1.0,0.01,0.03,rise,40,3,3,0,3,0,0,3,0,0,0.3838095521813099,0.4066494466527652,0.4002097490900248,1.0,0.0,0.0,1.0,0.0
svb,1.0,0.01,0.03,rise,50,3,3,0,3,0,0,3,0,0,0.4007011287833006,0.4155633536560209,0.4131503081728561,1.0,0.0,0.0,1.0,0.0
svb,1.0,0.01,0.03,rise,60,3,3,0,3,0,0,3,0,0,0.4125291324006095,0.4225533695891118,0.4208600300546908,1.0,0.0,0.0,1.0,0.0
svb,1.0,0.01,0.03,fall,40,3,3,0,3,0,0,3,0,0,0.4441355070853039,0.4450251182954947,0.4444421820935571,1.0,0.0,0.0,1.0,0.0
svb,1.0,0.01,0.03,fall,50,3,3,0,3,0,0,3,0,0,0.4429378173321348,0.4445885891163792,0.4440283001629392,1.0,0.0,0.0,1.0,0.0
svb,1.0,0.01,0.03,fall,60,3,3,0,3,0,0,3,0,0,0.4420178771747296,0.4442512482575755,0.443598248395008,1.0,0.0,0.0,1.0,0.0
svb,1.0,0.01,0.1,rise,40,3,3,0,3,0,0,3,0,0,0.425910791034633,0.4339372904823217,0.431929038195853,1.0,0.0,0.0,1.0,0.0
svb,1.0,0.01,0.1,rise,50,3,3,0,3,0,0,3,0,0,0.4420957768767256,0.4476852178860618,0.4432356558784499,1.0,0.0,0.0,1.0,0.0
svb,1.0,0.01,0.1,rise,60,3,3,0,3,0,0,3,0,0,0.4526528091969412,0.4572589147467256,0.4534862416728511,1.0,0.0,0.0,1.0,0.0
svb,1.0,0.01,0.1,fall,40,3,3,0,3,0,0,3,0,0,0.5079044560279906,0.5251045667470344,0.5172321167046667,1.0,0.0,0.0,1.0,0.0
svb,1.0,0.01,0.1,fall,50,3,3,0,3,0,0,3,0,0,0.5018935250410128,0.5231807503117538,0.5124595098564715,1.0,0.0,0.0,1.0,0.0
svb,1.0,0.01,0.1,fall,60,3,3,0,3,0,0,3,0,0,0.4976226662462144,0.5219697481059851,0.508434249325519,1.0,0.0,0.0,1.0,0.0
svb,1.0,0.01,0.3,rise,40,3,3,0,3,0,0,3,0,0,0.4690179924247385,0.4816649485481027,0.4791301634831769,1.0,0.0,0.0,1.0,0.0
svb,1.0,0.01,0.3,rise,50,3,3,0,3,0,0,3,0,0,0.4842797738792618,0.4985679252685687,0.4954838266930962,1.0,0.0,0.0,1.0,0.0
svb,1.0,0.01,0.3,rise,60,3,3,0,3,0,0,3,0,0,0.4975276257507489,0.510806491161764,0.5087972477888165,1.0,0.0,0.0,1.0,0.0
svb,1.0,0.01,0.3,fall,40,3,3,0,3,0,0,3,0,0,0.6929790227995176,0.7414388147738391,0.7156114363382868,1.0,0.0,0.0,1.0,0.0
svb,1.0,0.01,0.3,fall,50,3,3,0,3,0,0,3,0,0,0.6545413216109985,0.7179768350834805,0.6849048634529082,1.0,0.0,0.0,1.0,0.0
svb,1.0,0.01,0.3,fall,60,3,3,0,3,0,0,3,0,0,0.6295111291891715,0.700118478145358,0.661543700253056,1.0,0.0,0.0,1.0,0.0
svb,1.0,0.01,1.0,rise,40,3,3,0,3,0,0,3,0,0,0.5150489977117196,0.5370973740550286,0.526386560788873,1.0,0.0,0.0,1.0,0.0
svb,1.0,0.01,1.0,rise,50,3,3,0,3,0,0,3,0,0,0.5353881944375449,0.5558979245182529,0.5469003948900327,1.0,0.0,0.0,1.0,0.0
svb,1.0,0.01,1.0,rise,60,3,3,0,3,0,0,3,0,0,0.5546202605333489,0.5700680375094285,0.565448547479329,1.0,0.0,0.0,1.0,0.0
svb,1.0,0.01,1.0,fall,40,3,3,0,3,0,0,3,0,0,1.3810146875549925,1.444773665093382,1.4098310254254196,1.0,0.0,0.0,1.0,0.0
svb,1.0,0.01,1.0,fall,50,3,3,0,3,0,0,3,0,0,1.1863784715931525,1.2714384327470625,1.2246809529240652,1.0,0.0,0.0,1.0,0.0
svb,1.0,0.01,1.0,fall,60,3,3,0,3,0,0,3,0,0,1.0344510098250086,1.1375505697885562,1.0795491523188476,1.0,0.0,0.0,1.0,0.0
svb,1.0,0.01,3.0,rise,40,3,3,0,3,0,0,3,0,0,0.5461838266423515,0.5693660618728638,0.5555618196050018,1.0,0.0,0.0,1.0,0.0
svb,1.0,0.01,3.0,rise,50,3,3,0,3,0,0,3,0,0,0.5704065034812767,0.5898481600473258,0.579373933963026,1.0,0.0,0.0,1.0,0.0
svb,1.0,0.01,3.0,rise,60,3,3,0,3,0,0,3,0,0,0.5947821092731439,0.6059680270086976,0.6020303243537819,1.0,0.0,0.0,1.0,0.0
svb,1.0,0.01,3.0,fall,40,3,3,0,3,0,0,3,0,0,3.2636873191772766,3.364181314188046,3.3137496527886725,1.0,0.0,0.0,1.0,0.0
svb,1.0,0.01,3.0,fall,50,3,3,0,3,0,0,3,0,0,2.622763932989492,2.744559017136077,2.6823124461787358,1.0,0.0,0.0,1.0,0.0
svb,1.0,0.01,3.0,fall,60,3,3,0,3,0,0,3,0,0,2.106193341820872,2.2460280312219325,2.172537631687219,1.0,0.0,0.0,1.0,0.0
svb,1.0,0.03,0.01,rise,40,3,3,0,3,0,0,3,0,0,0.3576950117484629,0.3873523141180743,0.3773138780982487,1.0,0.0,0.0,1.0,0.0
svb,1.0,0.03,0.01,rise,50,3,3,0,3,0,0,3,0,0,0.3752285777806877,0.394304628724581,0.3893123634807321,1.0,0.0,0.0,1.0,0.0
svb,1.0,0.03,0.01,rise,60,3,3,0,3,0,0,3,0,0,0.3876265207557263,0.3992278198617324,0.3958864709471014,1.0,0.0,0.0,1.0,0.0
svb,1.0,0.03,0.01,fall,40,3,3,0,3,0,0,3,0,0,0.4056822206685058,0.4087107808120689,0.4081050889301121,1.0,0.0,0.0,1.0,0.0
svb,1.0,0.03,0.01,fall,50,3,3,0,3,0,0,3,0,0,0.4053035395230158,0.4094347571001127,0.408886814359966,1.0,0.0,0.0,1.0,0.0
svb,1.0,0.03,0.01,fall,60,3,3,0,3,0,0,3,0,0,0.4045683616251108,0.4099512517033534,0.409634022231504,1.0,0.0,0.0,1.0,0.0
svb,1.0,0.03,0.03,rise,40,3,3,0,3,0,0,3,0,0,0.3745019831364142,0.3982520748988367,0.3911368004126664,1.0,0.0,0.0,1.0,0.0
svb,1.0,0.03,0.03,rise,50,3,3,0,3,0,0,3,0,0,0.3911192501799411,0.4060731944605147,0.4031061582546761,1.0,0.0,0.0,1.0,0.0
svb,1.0,0.03,0.03,rise,60,3,3,0,3,0,0,3,0,0,0.402853553451217,0.4120124541575017,0.4100316890506493,1.0,0.0,0.0,1.0,0.0
svb,1.0,0.03,0.03,fall,40,3,3,0,3,0,0,3,0,0,0.4258592924742874,0.4271785760911191,0.4270524319233135,1.0,0.0,0.0,1.0,0.0
svb,1.0,0.03,0.03,fall,50,3,3,0,3,0,0,3,0,0,0.4255417586433352,0.4273284254068235,0.4267645146102541,1.0,0.0,0.0,1.0,0.0
svb,1.0,0.03,0.03,fall,60,3,3,0,3,0,0,3,0,0,0.425031264038632,0.4275294752951935,0.4264634327349885,1.0,0.0,0.0,1.0,0.0
svb,1.0,0.03,0.1,rise,40,3,3,0,3,0,0,3,0,0,0.4166032176678553,0.4248643390188876,0.4235316653779171,1.0,0.0,0.0,1.0,0.0
svb,1.0,0.03,0.1,rise,50,3,3,0,3,0,0,3,0,0,0.4325138942618743,0.4376410654417229,0.4337454956686971,1.0,0.0,0.0,1.0,0.0
svb,1.0,0.03,0.1,rise,60,3,3,0,3,0,0,3,0,0,0.4421118926757678,0.4464305711423256,0.4438106589065025,1.0,0.0,0.0,1.0,0.0
svb,1.0,0.03,0.1,fall,40,3,3,0,3,0,0,3,0,0,0.4908213795184153,0.5065216735072995,0.4993855721060525,1.0,0.0,0.0,1.0,0.0
svb,1.0,0.03,0.1,fall,50,3,3,0,3,0,0,3,0,0,0.485720221096737,0.5046942047937768,0.4951993438582978,1.0,0.0,0.0,1.0,0.0
svb,1.0,0.03,0.1,fall,60,3,3,0,3,0,0,3,0,0,0.4820682205223536,0.5034027593334056,0.4917124741073206,1.0,0.0,0.0,1.0,0.0
svb,1.0,0.03,0.3,rise,40,3,3,0,3,0,0,3,0,0,0.4606206174052879,0.4723573704177707,0.4700572084926619,1.0,0.0,0.0,1.0,0.0
svb,1.0,0.03,0.3,rise,50,3,3,0,3,0,0,3,0,0,0.4747896112835802,0.4889860380920372,0.4854396707292425,1.0,0.0,0.0,1.0,0.0
svb,1.0,0.03,0.3,rise,60,3,3,0,3,0,0,3,0,0,0.4869867066673703,0.501130903984522,0.4979689005775571,1.0,0.0,0.0,1.0,0.0
svb,1.0,0.03,0.3,fall,40,3,3,0,3,0,0,3,0,0,0.6758959430151965,0.7228559162258121,0.6977648874634697,1.0,0.0,0.0,1.0,0.0
svb,1.0,0.03,0.3,fall,50,3,3,0,3,0,0,3,0,0,0.6383680150517879,0.6994902842063431,0.6676446934068399,1.0,0.0,0.0,1.0,0.0
svb,1.0,0.03,0.3,fall,60,3,3,0,3,0,0,3,0,0,0.6139566809615964,0.6815514837953836,0.644821921223157,1.0,0.0,0.0,1.0,0.0
svb,1.0,0.03,1.0,rise,40,3,3,0,3,0,0,3,0,0,0.506651619313794,0.5277897921254411,0.51731360220954,1.0,0.0,0.0,1.0,0.0
svb,1.0,0.03,1.0,rise,50,3,3,0,3,0,0,3,0,0,0.5258980281020045,0.5463160336982914,0.5368562352211139,1.0,0.0,0.0,1.0,0.0
svb,1.0,0.03,1.0,rise,60,3,3,0,3,0,0,3,0,0,0.5440793373313562,0.560392446852155,0.5546201964239652,1.0,0.0,0.0,1.0,0.0
svb,1.0,0.03,1.0,fall,40,3,3,0,3,0,0,3,0,0,1.3639316006211504,1.4261907599131531,1.391984469798747,1.0,0.0,0.0,1.0,0.0
svb,1.0,0.03,1.0,fall,50,3,3,0,3,0,0,3,0,0,1.1702051582597834,1.2529518756077436,1.207420776606035,1.0,0.0,0.0,1.0,0.0
svb,1.0,0.03,1.0,fall,60,3,3,0,3,0,0,3,0,0,1.0188965555936835,1.1189835695460868,1.0628273674623818,1.0,0.0,0.0,1.0,0.0
svb,1.0,0.03,3.0,rise,40,3,3,0,3,0,0,3,0,0,0.5377864461337398,0.5600584778577915,0.5464888589996048,1.0,0.0,0.0,1.0,0.0
svb,1.0,0.03,3.0,rise,50,3,3,0,3,0,0,3,0,0,0.5609163348038034,0.5802662671688574,0.5693297721604432,1.0,0.0,0.0,1.0,0.0
svb,1.0,0.03,3.0,rise,60,3,3,0,3,0,0,3,0,0,0.5842411835152886,0.5962924343253491,0.5912019710570929,1.0,0.0,0.0,1.0,0.0
svb,1.0,0.03,3.0,fall,40,3,3,0,3,0,0,3,0,0,3.2466042281231937,3.3455984051750827,3.295903093048153,1.0,0.0,0.0,1.0,0.0
svb,1.0,0.03,3.0,fall,50,3,3,0,3,0,0,3,0,0,2.606590615535292,2.7260724561634744,2.6650522657451368,1.0,0.0,0.0,1.0,0.0
svb,1.0,0.03,3.0,fall,60,3,3,0,3,0,0,3,0,0,2.090638883466186,2.227461027151019,2.155815842713876,1.0,0.0,0.0,1.0,0.0
svb,1.0,0.1,0.01,rise,40,3,3,0,3,0,0,3,0,0,0.3328416916630403,0.3682788895278711,0.3548995542034163,1.0,0.0,0.0,1.0,0.0
svb,1.0,0.1,0.01,rise,50,3,3,0,3,0,0,3,0,0,0.3487870050859641,0.3726765786954087,0.364012042179752,1.0,0.0,0.0,1.0,0.0
svb,1.0,0.1,0.01,rise,60,3,3,0,3,0,0,3,0,0,0.3601981141904967,0.3750711697848841,0.3678391404648263,1.0,0.0,0.0,1.0,0.0
svb,1.0,0.1,0.01,fall,40,3,3,0,3,0,0,3,0,0,0.331415286342442,0.3500563127103013,0.3413957178295927,1.0,0.0,0.0,1.0,0.0
svb,1.0,0.1,0.01,fall,50,3,3,0,3,0,0,3,0,0,0.3327856660919384,0.355482763906279,0.3461620704144921,1.0,0.0,0.0,1.0,0.0
svb,1.0,0.1,0.01,fall,60,3,3,0,3,0,0,3,0,0,0.3332041977950104,0.3590680352423061,0.3503220663861828,1.0,0.0,0.0,1.0,0.0
svb,1.0,0.1,0.03,rise,40,3,3,0,3,0,0,3,0,0,0.3495419967220843,0.3791658897540079,0.3686624469689159,1.0,0.0,0.0,1.0,0.0
svb,1.0,0.1,0.03,rise,50,3,3,0,3,0,0,3,0,0,0.3645768460770185,0.3844364071290592,0.3777533141234398,1.0,0.0,0.0,1.0,0.0
svb,1.0,0.1,0.03,rise,60,3,3,0,3,0,0,3,0,0,0.3753262532427684,0.3878471619158247,0.3819297876579045,1.0,0.0,0.0,1.0,0.0
svb,1.0,0.1,0.03,fall,40,3,3,0,3,0,0,3,0,0,0.3514683823493989,0.3683706716685688,0.3603971179064729,1.0,0.0,0.0,1.0,0.0
svb,1.0,0.1,0.03,fall,50,3,3,0,3,0,0,3,0,0,0.3528916653544605,0.3727799402544725,0.3645349423428836,1.0,0.0,0.0,1.0,0.0
svb,1.0,0.1,0.03,fall,60,3,3,0,3,0,0,3,0,0,0.3535260674448635,0.375549711031661,0.3681504578547905,1.0,0.0,0.0,1.0,0.0
svb,1.0,0.1,0.1,rise,40,3,3,0,3,0,0,3,0,0,0.3914124952228641,0.4044367181385944,0.4022627623825948,1.0,0.0,0.0,1.0,0.0
svb,1.0,0.1,0.1,rise,50,3,3,0,3,0,0,3,0,0,0.4057451144043799,0.4121752214938358,0.412105451642358,1.0,0.0,0.0,1.0,0.0
svb,1.0,0.1,0.1,rise,60,3,3,0,3,0,0,3,0,0,0.4160538311244098,0.4182105762756302,0.4179434003756508,1.0,0.0,0.0,1.0,0.0
svb,1.0,0.1,0.1,fall,40,3,3,0,3,0,0,3,0,0,0.4317942922152729,0.4324339937096764,0.4321034673213406,1.0,0.0,0.0,1.0,0.0
svb,1.0,0.1,0.1,fall,50,3,3,0,3,0,0,3,0,0,0.4316718806595909,0.4322415138367328,0.4316800291011566,1.0,0.0,0.0,1.0,0.0
svb,1.0,0.1,0.1,fall,60,3,3,0,3,0,0,3,0,0,0.4310674853478282,0.4321719193409759,0.4315104082059324,1.0,0.0,0.0,1.0,0.0
svb,1.0,0.1,0.3,rise,40,3,3,0,3,0,0,3,0,0,0.4414799187051188,0.4473000270742363,0.4469162407913002,1.0,0.0,0.0,1.0,0.0
svb,1.0,0.1,0.3,rise,50,3,3,0,3,0,0,3,0,0,0.4531011384279323,0.4619685602202465,0.4598207125052475,1.0,0.0,0.0,1.0,0.0
svb,1.0,0.1,0.3,rise,60,3,3,0,3,0,0,3,0,0,0.4627704539064734,0.4731232927453492,0.4695889323623989,1.0,0.0,0.0,1.0,0.0
svb,1.0,0.1,0.3,fall,40,3,3,0,3,0,0,3,0,0,0.6172545333218049,0.6477433373141763,0.6306382955495253,1.0,0.0,0.0,1.0,0.0
svb,1.0,0.1,0.3,fall,50,3,3,0,3,0,0,3,0,0,0.5843457314181475,0.6260738329817159,0.6044974717309433,1.0,0.0,0.0,1.0,0.0
svb,1.0,0.1,0.3,fall,60,3,3,0,3,0,0,3,0,0,0.5628979343368852,0.6092401134592558,0.5850882669255222,1.0,0.0,0.0,1.0,0.0
svb,1.0,0.1,1.0,rise,40,3,3,0,3,0,0,3,0,0,0.4873667598443535,0.5021473712462762,0.494385146616671,1.0,0.0,0.0,1.0,0.0
svb,1.0,0.1,1.0,rise,50,3,3,0,3,0,0,3,0,0,0.5040512107093272,0.5190990220447023,0.5110587220599,1.0,0.0,0.0,1.0,0.0
svb,1.0,0.1,1.0,rise,60,3,3,0,3,0,0,3,0,0,0.519692471436662,0.5321884440871324,0.5260513002310456,1.0,0.0,0.0,1.0,0.0
svb,1.0,0.1,1.0,fall,40,3,3,0,3,0,0,3,0,0,1.304726219299559,1.3505406430658862,1.324341948965711,1.0,0.0,0.0,1.0,0.0
svb,1.0,0.1,1.0,fall,50,3,3,0,3,0,0,3,0,0,1.1157909518133031,1.1790878577439825,1.143888245730654,1.0,0.0,0.0,1.0,0.0
svb,1.0,0.1,1.0,fall,60,3,3,0,3,0,0,3,0,0,0.967607894132227,1.0462908326175666,1.002803841130557,1.0,0.0,0.0,1.0,0.0
svb,1.0,0.1,3.0,rise,40,3,3,0,3,0,0,3,0,0,0.518388981687857,0.5342986805506854,0.5234531142842093,1.0,0.0,0.0,1.0,0.0
svb,1.0,0.1,3.0,rise,50,3,3,0,3,0,0,3,0,0,0.5389450529385348,0.5529307766768283,0.5434172686722941,1.0,0.0,0.0,1.0,0.0
svb,1.0,0.1,3.0,rise,60,3,3,0,3,0,0,3,0,0,0.5597166529097826,0.5679697934395356,0.5625095398591948,1.0,0.0,0.0,1.0,0.0
svb,1.0,0.1,3.0,fall,40,3,3,0,3,0,0,3,0,0,3.187058008941874,3.269581267483177,3.2278905113497816,1.0,0.0,0.0,1.0,0.0
svb,1.0,0.1,3.0,fall,50,3,3,0,3,0,0,3,0,0,2.55183690632823,2.65184306465246,2.601151187480502,1.0,0.0,0.0,1.0,0.0
svb,1.0,0.1,3.0,fall,60,3,3,0,3,0,0,3,0,0,2.0390167405797803,2.1544109669822724,2.0954305056199947,1.0,0.0,0.0,1.0,0.0
svb,1.0,0.3,0.01,rise,40,3,3,0,3,0,0,3,0,0,0.3231831178946115,0.350539863052415,0.3416376263722788,1.0,0.0,0.0,1.0,0.0
svb,1.0,0.3,0.01,rise,50,3,3,0,3,0,0,3,0,0,0.3361832933556243,0.3518654277894761,0.3465430860382361,1.0,0.0,0.0,1.0,0.0
svb,1.0,0.3,0.01,rise,60,3,3,0,3,0,0,3,0,0,0.3456293241603214,0.3509127322871479,0.3471326329841304,1.0,0.0,0.0,1.0,0.0
svb,1.0,0.3,0.01,fall,40,3,3,0,3,0,0,3,0,0,0.2209183722863779,0.2301291091172126,0.2283183072222028,1.0,0.0,0.0,1.0,0.0
svb,1.0,0.3,0.01,fall,50,3,3,0,3,0,0,3,0,0,0.2350309718984293,0.2611157884698352,0.2489980527771789,1.0,0.0,0.0,1.0,0.0
svb,1.0,0.3,0.01,fall,60,3,3,0,3,0,0,3,0,0,0.2453660534777555,0.2821076231675159,0.2647052291412561,1.0,0.0,0.0,1.0,0.0
svb,1.0,0.3,0.03,rise,40,3,3,0,3,0,0,3,0,0,0.3368219360929213,0.361109524203946,0.3537643367826487,1.0,0.0,0.0,1.0,0.0
svb,1.0,0.3,0.03,rise,50,3,3,0,3,0,0,3,0,0,0.3489976225047133,0.3633819826863421,0.3588081416366753,1.0,0.0,0.0,1.0,0.0
svb,1.0,0.3,0.03,rise,60,3,3,0,3,0,0,3,0,0,0.3577717886464522,0.3634392090887585,0.3596520401106402,1.0,0.0,0.0,1.0,0.0
svb,1.0,0.3,0.03,fall,40,3,3,0,3,0,0,3,0,0,0.235568121103062,0.2469856390226865,0.2438193031917459,1.0,0.0,0.0,1.0,0.0
svb,1.0,0.3,0.03,fall,50,3,3,0,3,0,0,3,0,0,0.2497615131978996,0.2772025806940317,0.2642952816438872,1.0,0.0,0.0,1.0,0.0
svb,1.0,0.3,0.03,fall,60,3,3,0,3,0,0,3,0,0,0.2602724026781291,0.29730996787051,0.2797169392740168,1.0,0.0,0.0,1.0,0.0
svb,1.0,0.3,0.1,rise,40,3,3,0,3,0,0,3,0,0,0.3722108838832815,0.3864747725147055,0.3840994202452065,1.0,0.0,0.0,1.0,0.0
svb,1.0,0.3,0.1,rise,50,3,3,0,3,0,0,3,0,0,0.3836701710413654,0.3913046065869791,0.3902503481674868,1.0,0.0,0.0,1.0,0.0
svb,1.0,0.3,0.1,rise,60,3,3,0,3,0,0,3,0,0,0.3917846602250596,0.3938236795813851,0.3927963658166062,1.0,0.0,0.0,1.0,0.0
svb,1.0,0.3,0.1,fall,40,3,3,0,3,0,0,3,0,0,0.3032664447397897,0.3110735835760625,0.3096147421925335,1.0,0.0,0.0,1.0,0.0
svb,1.0,0.3,0.1,fall,50,3,3,0,3,0,0,3,0,0,0.3156923589890437,0.3346488003666927,0.3261236823700666,1.0,0.0,0.0,1.0,0.0
svb,1.0,0.3,0.1,fall,60,3,3,0,3,0,0,3,0,0,0.3252117564380352,0.3500631610978806,0.3381155847840909,1.0,0.0,0.0,1.0,0.0
svb,1.0,0.3,0.3,rise,40,3,3,0,3,0,0,3,0,0,0.4208630665966372,0.4252562656238604,0.4229241167914662,1.0,0.0,0.0,1.0,0.0
svb,1.0,0.3,0.3,rise,50,3,3,0,3,0,0,3,0,0,0.4316784843281164,0.4340829749032298,0.4329795375461371,1.0,0.0,0.0,1.0,0.0
svb,1.0,0.3,0.3,rise,60,3,3,0,3,0,0,3,0,0,0.4381503513684256,0.4417487103377269,0.4401767927179725,1.0,0.0,0.0,1.0,0.0
svb,1.0,0.3,0.3,fall,40,3,3,0,3,0,0,3,0,0,0.5118526190831283,0.5125271246785938,0.5120367286286516,1.0,0.0,0.0,1.0,0.0
svb,1.0,0.3,0.3,fall,50,3,3,0,3,0,0,3,0,0,0.4968357250825166,0.5013676739378299,0.4982337525500051,1.0,0.0,0.0,1.0,0.0
svb,1.0,0.3,0.3,fall,60,3,3,0,3,0,0,3,0,0,0.4845114467786724,0.4931524603649742,0.4886663516895322,1.0,0.0,0.0,1.0,0.0
svb,1.0,0.3,1.0,rise,40,3,3,0,3,0,0,3,0,0,0.4654878538234153,0.4703939292643354,0.467890173392216,1.0,0.0,0.0,1.0,0.0
svb,1.0,0.3,1.0,rise,50,3,3,0,3,0,0,3,0,0,0.4790060060039897,0.4843651828173079,0.4806710062064681,1.0,0.0,0.0,1.0,0.0
svb,1.0,0.3,1.0,rise,60,3,3,0,3,0,0,3,0,0,0.491244296889835,0.4950393185353533,0.4916876170398148,1.0,0.0,0.0,1.0,0.0
svb,1.0,0.3,1.0,fall,40,3,3,0,3,0,0,3,0,0,1.1926204346666316,1.207288989545189,1.1997903191425137,1.0,0.0,0.0,1.0,0.0
svb,1.0,0.3,1.0,fall,50,3,3,0,3,0,0,3,0,0,1.031738216585887,1.0526834578879245,1.0407347769604929,1.0,0.0,0.0,1.0,0.0
svb,1.0,0.3,1.0,fall,60,3,3,0,3,0,0,3,0,0,0.8986468591589485,0.9303093049998892,0.9125292337220384,1.0,0.0,0.0,1.0,0.0
svb,1.0,0.3,3.0,rise,40,3,3,0,3,0,0,3,0,0,0.493363686314011,0.4989104515175744,0.4938998332773481,1.0,0.0,0.0,1.0,0.0
svb,1.0,0.3,3.0,rise,50,3,3,0,3,0,0,3,0,0,0.5097207943102862,0.5144572770334455,0.5104323228285642,1.0,0.0,0.0,1.0,0.0
svb,1.0,0.3,3.0,rise,60,3,3,0,3,0,0,3,0,0,0.5245409260581565,0.5274310356415806,0.5270088308333734,1.0,0.0,0.0,1.0,0.0
svb,1.0,0.3,3.0,fall,40,3,3,0,3,0,0,3,0,0,3.054234427150968,3.102533834510716,3.0806654224411734,1.0,0.0,0.0,1.0,0.0
svb,1.0,0.3,3.0,fall,50,3,3,0,3,0,0,3,0,0,2.45169741391585,2.506133053487627,2.4799114808530254,1.0,0.0,0.0,1.0,0.0
svb,1.0,0.3,3.0,fall,60,3,3,0,3,0,0,3,0,0,1.9599983568499684,2.0249844883365693,1.993052105653065,1.0,0.0,0.0,1.0,0.0
svb,1.0,1.0,0.01,rise,40,3,3,0,3,0,0,3,0,0,0.3631513257894347,0.368438584174743,0.3650274622394134,1.0,0.0,0.0,1.0,0.0
svb,1.0,1.0,0.01,rise,50,3,3,0,3,0,0,3,0,0,0.3658583290832722,0.373395553482123,0.3716205382506069,1.0,0.0,0.0,1.0,0.0
svb,1.0,1.0,0.01,rise,60,3,3,0,3,0,0,3,0,0,0.3633773347698686,0.3800215830490663,0.3720110268762238,1.0,0.0,0.0,1.0,0.0
svb,1.0,1.0,0.01,fall,40,3,3,0,3,0,0,3,0,0,0.2647343013934131,0.2820714053456363,0.2695575928858891,1.0,0.0,0.0,1.0,0.0
svb,1.0,1.0,0.01,fall,50,3,3,0,3,0,0,3,0,0,0.2647342632492915,0.2820714155971224,0.2695575293732091,1.0,0.0,0.0,1.0,0.0
svb,1.0,1.0,0.01,fall,60,3,3,0,3,0,0,3,0,0,0.2647343201490082,0.2821001835983374,0.2695576117916045,1.0,0.0,0.0,1.0,0.0
svb,1.0,1.0,0.03,rise,40,3,3,0,3,0,0,3,0,0,0.3694493928383711,0.3751900284606444,0.3716087324146409,1.0,0.0,0.0,1.0,0.0
svb,1.0,1.0,0.03,rise,50,3,3,0,3,0,0,3,0,0,0.373150613297134,0.3791847417529607,0.3783605158295261,1.0,0.0,0.0,1.0,0.0
svb,1.0,1.0,0.03,rise,60,3,3,0,3,0,0,3,0,0,0.3712691989545577,0.3853964544991901,0.3786832873434067,1.0,0.0,0.0,1.0,0.0
svb,1.0,1.0,0.03,fall,40,3,3,0,3,0,0,3,0,0,0.258513366032095,0.2731226766570698,0.2611775538863647,1.0,0.0,0.0,1.0,0.0
svb,1.0,1.0,0.03,fall,50,3,3,0,3,0,0,3,0,0,0.2585134100022759,0.2731244899713829,0.2611779995375722,1.0,0.0,0.0,1.0,0.0
svb,1.0,1.0,0.03,fall,60,3,3,0,3,0,0,3,0,0,0.2585397398660969,0.2737607634259809,0.2613296529551279,1.0,0.0,0.0,1.0,0.0
svb,1.0,1.0,0.1,rise,40,3,3,0,3,0,0,3,0,0,0.3882831192046809,0.3941749030493917,0.3910037144762758,1.0,0.0,0.0,1.0,0.0
svb,1.0,1.0,0.1,rise,50,3,3,0,3,0,0,3,0,0,0.3946422409494836,0.3982428461067236,0.3973937638811721,1.0,0.0,0.0,1.0,0.0
svb,1.0,1.0,0.1,rise,60,3,3,0,3,0,0,3,0,0,0.3949235320129965,0.4029936743567097,0.3994441096200651,1.0,0.0,0.0,1.0,0.0
svb,1.0,1.0,0.1,fall,40,3,3,0,3,0,0,3,0,0,0.2572341900149633,0.2640493866638769,0.2595806827307072,1.0,0.0,0.0,1.0,0.0
svb,1.0,1.0,0.1,fall,50,3,3,0,3,0,0,3,0,0,0.259085965281967,0.2660934814458773,0.2612015699633461,1.0,0.0,0.0,1.0,0.0
svb,1.0,1.0,0.1,fall,60,3,3,0,3,0,0,3,0,0,0.2671875552943763,0.2749572183434174,0.2683705011177937,1.0,0.0,0.0,1.0,0.0
svb,1.0,1.0,0.3,rise,40,3,3,0,3,0,0,3,0,0,0.418405028225822,0.4221603962430069,0.4200475353432867,1.0,0.0,0.0,1.0,0.0
svb,1.0,1.0,0.3,rise,50,3,3,0,3,0,0,3,0,0,0.4268980453965338,0.4285167180710129,0.4280221750508127,1.0,0.0,0.0,1.0,0.0
svb,1.0,1.0,0.3,rise,60,3,3,0,3,0,0,3,0,0,0.4309276319177729,0.4340685360751724,0.4323988010163129,1.0,0.0,0.0,1.0,0.0
svb,1.0,1.0,0.3,fall,40,3,3,0,3,0,0,3,0,0,0.4008867596475531,0.4041612275544604,0.4011305958494375,1.0,0.0,0.0,1.0,0.0
svb,1.0,1.0,0.3,fall,50,3,3,0,3,0,0,3,0,0,0.4050194719564157,0.4084296978771262,0.4053690072812519,1.0,0.0,0.0,1.0,0.0
svb,1.0,1.0,0.3,fall,60,3,3,0,3,0,0,3,0,0,0.4102785909590978,0.4138570267742711,0.4107591758366367,1.0,0.0,0.0,1.0,0.0
svb,1.0,1.0,1.0,rise,40,3,3,0,3,0,0,3,0,0,0.450252143106203,0.4509727295722385,0.4505913717943123,1.0,0.0,0.0,1.0,0.0
svb,1.0,1.0,1.0,rise,50,3,3,0,3,0,0,3,0,0,0.4604280198895668,0.461347038889686,0.4611589657369868,1.0,0.0,0.0,1.0,0.0
svb,1.0,1.0,1.0,rise,60,3,3,0,3,0,0,3,0,0,0.4681164614816737,0.4699856027092256,0.4690541921250692,1.0,0.0,0.0,1.0,0.0
svb,1.0,1.0,1.0,fall,40,3,3,0,3,0,0,3,0,0,1.1206947593809486,1.124576729090874,1.1223081567330715,1.0,0.0,0.0,1.0,0.0
svb,1.0,1.0,1.0,fall,50,3,3,0,3,0,0,3,0,0,1.0163255962084916,1.0208275384371484,1.019396652155043,1.0,0.0,0.0,1.0,0.0
svb,1.0,1.0,1.0,fall,60,3,3,0,3,0,0,3,0,0,0.9169088270238668,0.922134503792942,0.9216776867610564,1.0,0.0,0.0,1.0,0.0
svb,1.0,1.0,3.0,rise,40,3,3,0,3,0,0,3,0,0,0.4674385713857277,0.4688800138281807,0.4676351550003815,1.0,0.0,0.0,1.0,0.0
svb,1.0,1.0,3.0,rise,50,3,3,0,3,0,0,3,0,0,0.4792312493730294,0.4819629947572548,0.4796097126688691,1.0,0.0,0.0,1.0,0.0
svb,1.0,1.0,3.0,rise,60,3,3,0,3,0,0,3,0,0,0.4887331095063191,0.4942990571079346,0.4896377050713123,1.0,0.0,0.0,1.0,0.0
svb,1.0,1.0,3.0,fall,40,3,3,0,3,0,0,3,0,0,2.9818888455627848,2.9971941202609758,2.994433245899981,1.0,0.0,0.0,1.0,0.0
svb,1.0,1.0,3.0,fall,50,3,3,0,3,0,0,3,0,0,2.4951397877550923,2.511754596412872,2.5083069744055573,1.0,0.0,0.0,1.0,0.0
svb,1.0,1.0,3.0,fall,60,3,3,0,3,0,0,3,0,0,2.076810713841559,2.0953139851487204,2.0908774487060877,1.0,0.0,0.0,1.0,0.0
svb,1.0,3.0,0.01,rise,40,3,3,0,3,0,0,3,0,0,0.4009914728518555,0.4036579761295933,0.4023646751531944,1.0,0.0,0.0,1.0,0.0
svb,1.0,3.0,0.01,rise,50,3,3,0,3,0,0,3,0,0,0.4044667603336327,0.4110493331972213,0.407938848006425,1.0,0.0,0.0,1.0,0.0
svb,1.0,3.0,0.01,rise,60,3,3,0,3,0,0,3,0,0,0.4056661497763162,0.4154871745304784,0.4098997492789777,1.0,0.0,0.0,1.0,0.0
svb,1.0,3.0,0.01,fall,40,3,3,0,3,0,0,3,0,0,0.3810881785350384,0.3898166246223873,0.3858565717165572,1.0,0.0,0.0,1.0,0.0
svb,1.0,3.0,0.01,fall,50,3,3,0,3,0,0,3,0,0,0.3810881701329975,0.3898166594204348,0.3858565897568522,1.0,0.0,0.0,1.0,0.0
svb,1.0,3.0,0.01,fall,60,3,3,0,3,0,0,3,0,0,0.3810881808711346,0.3898166615795384,0.3858565914457181,1.0,0.0,0.0,1.0,0.0
svb,1.0,3.0,0.03,rise,40,3,3,0,3,0,0,3,0,0,0.4033845580070962,0.4059869721783431,0.4047047052160493,1.0,0.0,0.0,1.0,0.0
svb,1.0,3.0,0.03,rise,50,3,3,0,3,0,0,3,0,0,0.4069526084480241,0.4132068037178555,0.4101252472550349,1.0,0.0,0.0,1.0,0.0
svb,1.0,3.0,0.03,rise,60,3,3,0,3,0,0,3,0,0,0.407761770368756,0.4175212781382715,0.4119123639520652,1.0,0.0,0.0,1.0,0.0
svb,1.0,3.0,0.03,fall,40,3,3,0,3,0,0,3,0,0,0.3681192203335897,0.3813243432572548,0.3747947956189676,1.0,0.0,0.0,1.0,0.0
svb,1.0,3.0,0.03,fall,50,3,3,0,3,0,0,3,0,0,0.3681192163879601,0.3813243705408844,0.3747948047905858,1.0,0.0,0.0,1.0,0.0
svb,1.0,3.0,0.03,fall,60,3,3,0,3,0,0,3,0,0,0.3681192267604807,0.3813243784974132,0.3747948072070599,1.0,0.0,0.0,1.0,0.0
svb,1.0,3.0,0.1,rise,40,3,3,0,3,0,0,3,0,0,0.4115190720520638,0.414100317227525,0.4126938863533229,1.0,0.0,0.0,1.0,0.0
svb,1.0,3.0,0.1,rise,50,3,3,0,3,0,0,3,0,0,0.4159119088291678,0.4209441022981692,0.4184993822509952,1.0,0.0,0.0,1.0,0.0
svb,1.0,3.0,0.1,rise,60,3,3,0,3,0,0,3,0,0,0.417101437692346,0.425086577435527,0.420467946659143,1.0,0.0,0.0,1.0,0.0
svb,1.0,3.0,0.1,fall,40,3,3,0,3,0,0,3,0,0,0.3410702948215656,0.3564760129146949,0.3468866217412429,1.0,0.0,0.0,1.0,0.0
svb,1.0,3.0,0.1,fall,50,3,3,0,3,0,0,3,0,0,0.3410702843421349,0.3564760623575562,0.3468866436838227,1.0,0.0,0.0,1.0,0.0
svb,1.0,3.0,0.1,fall,60,3,3,0,3,0,0,3,0,0,0.341070391882984,0.3564761444743989,0.3468867292791739,1.0,0.0,0.0,1.0,0.0
svb,1.0,3.0,0.3,rise,40,3,3,0,3,0,0,3,0,0,0.4267271233344916,0.4284794309791084,0.4272334370179591,1.0,0.0,0.0,1.0,0.0
svb,1.0,3.0,0.3,rise,50,3,3,0,3,0,0,3,0,0,0.4329726759384722,0.4358252488370873,0.4342247697718695,1.0,0.0,0.0,1.0,0.0
svb,1.0,3.0,0.3,rise,60,3,3,0,3,0,0,3,0,0,0.4363183219020504,0.4404088128325669,0.43772636206588,1.0,0.0,0.0,1.0,0.0
svb,1.0,3.0,0.3,fall,40,3,3,0,3,0,0,3,0,0,0.3924131317472907,0.3943218901845728,0.3929808121756437,1.0,0.0,0.0,1.0,0.0
svb,1.0,3.0,0.3,fall,50,3,3,0,3,0,0,3,0,0,0.3925326530760937,0.3944222746529151,0.3930910599662809,1.0,0.0,0.0,1.0,0.0
svb,1.0,3.0,0.3,fall,60,3,3,0,3,0,0,3,0,0,0.3931054284134179,0.3949035244412804,0.3936197240691101,1.0,0.0,0.0,1.0,0.0
svb,1.0,3.0,1.0,rise,40,3,3,0,3,0,0,3,0,0,0.4428038702951624,0.4439003661359819,0.4435735781079941,1.0,0.0,0.0,1.0,0.0
svb,1.0,3.0,1.0,rise,50,3,3,0,3,0,0,3,0,0,0.4515363963300409,0.4522411755540885,0.4521029432660686,1.0,0.0,0.0,1.0,0.0
svb,1.0,3.0,1.0,rise,60,3,3,0,3,0,0,3,0,0,0.4573898986621774,0.4585429459064664,0.457948459211255,1.0,0.0,0.0,1.0,0.0
svb,1.0,3.0,1.0,fall,40,3,3,0,3,0,0,3,0,0,1.042925689369513,1.0617943609381788,1.0555879403973014,1.0,0.0,0.0,1.0,0.0
svb,1.0,3.0,1.0,fall,50,3,3,0,3,0,0,3,0,0,1.0051420553765635,1.0226965065305835,1.017112916942469,1.0,0.0,0.0,1.0,0.0
svb,1.0,3.0,1.0,fall,60,3,3,0,3,0,0,3,0,0,0.9553060577729462,0.97097725443121,0.9662876577998438,1.0,0.0,0.0,1.0,0.0
svb,1.0,3.0,3.0,rise,40,3,3,0,3,0,0,3,0,0,0.45086273622347,0.4531682357537532,0.4523429876108855,1.0,0.0,0.0,1.0,0.0
svb,1.0,3.0,3.0,rise,50,3,3,0,3,0,0,3,0,0,0.4608600007333039,0.4631245512534572,0.461156835292982,1.0,0.0,0.0,1.0,0.0
svb,1.0,3.0,3.0,rise,60,3,3,0,3,0,0,3,0,0,0.4673680261160813,0.47163756616351,0.4685345954772648,1.0,0.0,0.0,1.0,0.0
svb,1.0,3.0,3.0,fall,40,3,3,0,3,0,0,3,0,0,3.1538793648273185,3.1837049076463844,3.1733722495435366,1.0,0.0,0.0,1.0,0.0
svb,1.0,3.0,3.0,fall,50,3,3,0,3,0,0,3,0,0,2.802071589574929,2.8295530819224863,2.820340273042188,1.0,0.0,0.0,1.0,0.0
svb,1.0,3.0,3.0,fall,60,3,3,0,3,0,0,3,0,0,2.4568531873831247,2.481371648621894,2.4735762967737216,1.0,0.0,0.0,1.0,0.0
svb,3.0,0.01,0.01,rise,40,3,3,0,3,0,0,3,0,0,1.2976974831431518,1.3158498320667953,1.306552734082124,1.0,0.0,0.0,1.0,0.0
svb,3.0,0.01,0.01,rise,50,3,3,0,3,0,0,3,0,0,1.2783464930028865,1.2941106454733071,1.2848611122574016,1.0,0.0,0.0,1.0,0.0
svb,3.0,0.01,0.01,rise,60,3,3,0,3,0,0,3,0,0,1.261072212116798,1.2715501612260105,1.2634992082683776,1.0,0.0,0.0,1.0,0.0
svb,3.0,0.01,0.01,fall,40,3,3,0,3,0,0,3,0,0,1.2776422037270514,1.2792544392771503,1.2785626212470138,1.0,0.0,0.0,1.0,0.0
svb,3.0,0.01,0.01,fall,50,3,3,0,3,0,0,3,0,0,1.2773645915233645,1.278942718986937,1.278330667474874,1.0,0.0,0.0,1.0,0.0
svb,3.0,0.01,0.01,fall,60,3,3,0,3,0,0,3,0,0,1.2771311483906027,1.2780212080539677,1.2779787306447743,1.0,0.0,0.0,1.0,0.0
svb,3.0,0.01,0.03,rise,40,3,3,0,3,0,0,3,0,0,1.302489700481048,1.321064893771707,1.3117417119256718,1.0,0.0,0.0,1.0,0.0
svb,3.0,0.01,0.03,rise,50,3,3,0,3,0,0,3,0,0,1.2843512978337563,1.3002208920413882,1.2911061466144396,1.0,0.0,0.0,1.0,0.0
svb,3.0,0.01,0.03,rise,60,3,3,0,3,0,0,3,0,0,1.2685516266242405,1.2791992194076751,1.2713418783035089,1.0,0.0,0.0,1.0,0.0
svb,3.0,0.01,0.03,fall,40,3,3,0,3,0,0,3,0,0,1.2994834974721314,1.299842919512558,1.2996022821375155,1.0,0.0,0.0,1.0,0.0
svb,3.0,0.01,0.03,fall,50,3,3,0,3,0,0,3,0,0,1.2992405021901965,1.299336063522449,1.299312348344885,1.0,0.0,0.0,1.0,0.0
svb,3.0,0.01,0.03,fall,60,3,3,0,3,0,0,3,0,0,1.2985121347787,1.2989370641270723,1.298784394026074,1.0,0.0,0.0,1.0,0.0
svb,3.0,0.01,0.1,rise,40,3,3,0,3,0,0,3,0,0,1.31285916401126,1.334717620489202,1.324542710930891,1.0,0.0,0.0,1.0,0.0
svb,3.0,0.01,0.1,rise,50,3,3,0,3,0,0,3,0,0,1.297401342166072,1.3164404685061506,1.3066526656814483,1.0,0.0,0.0,1.0,0.0
svb,3.0,0.01,0.1,rise,60,3,3,0,3,0,0,3,0,0,1.2849289054752284,1.2997014661240094,1.2910505576847426,1.0,0.0,0.0,1.0,0.0
svb,3.0,0.01,0.1,fall,40,3,3,0,3,0,0,3,0,0,1.3667826741846762,1.380507755572606,1.3749200454116766,1.0,0.0,0.0,1.0,0.0
svb,3.0,0.01,0.1,fall,50,3,3,0,3,0,0,3,0,0,1.3656043201218973,1.3775543029702515,1.3711223277021405,1.0,0.0,0.0,1.0,0.0
svb,3.0,0.01,0.1,fall,60,3,3,0,3,0,0,3,0,0,1.3646289684303858,1.3745006112489508,1.367689486063477,1.0,0.0,0.0,1.0,0.0
svb,3.0,0.01,0.3,rise,40,3,3,0,3,0,0,3,0,0,1.3286276839079936,1.3579463817399966,1.3451363064396638,1.0,0.0,0.0,1.0,0.0
svb,3.0,0.01,0.3,rise,50,3,3,0,3,0,0,3,0,0,1.317369751917464,1.3447979322553685,1.332105124115856,1.0,0.0,0.0,1.0,0.0
svb,3.0,0.01,0.3,rise,60,3,3,0,3,0,0,3,0,0,1.310384482251009,1.336150229850619,1.3238878142404022,1.0,0.0,0.0,1.0,0.0
svb,3.0,0.01,0.3,fall,40,3,3,0,3,0,0,3,0,0,1.5457313905795875,1.5892479218535227,1.5689362793583674,1.0,0.0,0.0,1.0,0.0
svb,3.0,0.01,0.3,fall,50,3,3,0,3,0,0,3,0,0,1.5201038956120967,1.565257618642764,1.5424994934506286,1.0,0.0,0.0,1.0,0.0
svb,3.0,0.01,0.3,fall,60,3,3,0,3,0,0,3,0,0,1.5058875764840418,1.5444205043874044,1.5221244952675057,1.0,0.0,0.0,1.0,0.0
svb,3.0,0.01,1.0,rise,40,3,3,0,3,0,0,3,0,0,1.3547440733774878,1.3949703912682836,1.3770217854409776,1.0,0.0,0.0,1.0,0.0
svb,3.0,0.01,1.0,rise,50,3,3,0,3,0,0,3,0,0,1.350702287925319,1.3919683940271286,1.3726614514757332,1.0,0.0,0.0,1.0,0.0
svb,3.0,0.01,1.0,rise,60,3,3,0,3,0,0,3,0,0,1.3540884897208243,1.398193950298324,1.377682691160692,1.0,0.0,0.0,1.0,0.0
svb,3.0,0.01,1.0,fall,40,3,3,0,3,0,0,3,0,0,2.226365198622675,2.2735975740622645,2.248745755930962,1.0,0.0,0.0,1.0,0.0
svb,3.0,0.01,1.0,fall,50,3,3,0,3,0,0,3,0,0,2.045006434388477,2.104531199239324,2.070929090651591,1.0,0.0,0.0,1.0,0.0
svb,3.0,0.01,1.0,fall,60,3,3,0,3,0,0,3,0,0,1.9071874941352367,1.9734826651945696,1.933409259610393,1.0,0.0,0.0,1.0,0.0
svb,3.0,0.01,3.0,rise,40,3,3,0,3,0,0,3,0,0,1.383199681393967,1.428136577164199,1.4064256680414415,1.0,0.0,0.0,1.0,0.0
svb,3.0,0.01,3.0,rise,50,3,3,0,3,0,0,3,0,0,1.3874585061699032,1.43604080050053,1.411346577623814,1.0,0.0,0.0,1.0,0.0
svb,3.0,0.01,3.0,rise,60,3,3,0,3,0,0,3,0,0,1.4037760524715004,1.4576795068332713,1.4306203305146223,1.0,0.0,0.0,1.0,0.0
svb,3.0,0.01,3.0,fall,40,3,3,0,3,0,0,3,0,0,4.117335621604491,4.197680799662498,4.1560321940473255,1.0,0.0,0.0,1.0,0.0
svb,3.0,0.01,3.0,fall,50,3,3,0,3,0,0,3,0,0,3.489689731131614,3.582327313559148,3.531928446661064,1.0,0.0,0.0,1.0,0.0
svb,3.0,0.01,3.0,fall,60,3,3,0,3,0,0,3,0,0,2.98722778498449,3.0866357495676584,3.029765542353311,1.0,0.0,0.0,1.0,0.0
svb,3.0,0.03,0.01,rise,40,3,3,0,3,0,0,3,0,0,1.292913555140683,1.309797677121611,1.30082137449586,1.0,0.0,0.0,1.0,0.0
svb,3.0,0.03,0.01,rise,50,3,3,0,3,0,0,3,0,0,1.2723915052956525,1.2865454512993617,1.2776978253799005,1.0,0.0,0.0,1.0,0.0
svb,3.0,0.03,0.01,rise,60,3,3,0,3,0,0,3,0,0,1.2539262268681162,1.2624719285549908,1.2549032641745868,1.0,0.0,0.0,1.0,0.0
svb,3.0,0.03,0.01,fall,40,3,3,0,3,0,0,3,0,0,1.2571802768564249,1.260769326919256,1.2589712780724271,1.0,0.0,0.0,1.0,0.0
svb,3.0,0.03,0.01,fall,50,3,3,0,3,0,0,3,0,0,1.2570049807192358,1.2606859197198583,1.2591275186605122,1.0,0.0,0.0,1.0,0.0
svb,3.0,0.03,0.01,fall,60,3,3,0,3,0,0,3,0,0,1.2568304097738392,1.2599181828884225,1.25917310394687,1.0,0.0,0.0,1.0,0.0
svb,3.0,0.03,0.03,rise,40,3,3,0,3,0,0,3,0,0,1.2977057724785792,1.315012732875147,1.306010349813282,1.0,0.0,0.0,1.0,0.0
svb,3.0,0.03,0.03,rise,50,3,3,0,3,0,0,3,0,0,1.278396310126522,1.2926556909206883,1.283942856703751,1.0,0.0,0.0,1.0,0.0
svb,3.0,0.03,0.03,rise,60,3,3,0,3,0,0,3,0,0,1.2614056413755592,1.270120978062835,1.262745930410683,1.0,0.0,0.0,1.0,0.0
svb,3.0,0.03,0.03,fall,40,3,3,0,3,0,0,3,0,0,1.279140268028677,1.2809983237345408,1.2802515006358708,1.0,0.0,0.0,1.0,0.0
svb,3.0,0.03,0.03,fall,50,3,3,0,3,0,0,3,0,0,1.2788808072954594,1.2810554886199146,1.2801328452596894,1.0,0.0,0.0,1.0,0.0
svb,3.0,0.03,0.03,fall,60,3,3,0,3,0,0,3,0,0,1.2786362443829966,1.2804515276000132,1.2799362259384433,1.0,0.0,0.0,1.0,0.0
svb,3.0,0.03,0.1,rise,40,3,3,0,3,0,0,3,0,0,1.308075236008791,1.3286654595926424,1.318811348818501,1.0,0.0,0.0,1.0,0.0
svb,3.0,0.03,0.1,rise,50,3,3,0,3,0,0,3,0,0,1.2914463544588377,1.308875267385451,1.29948937577076,1.0,0.0,0.0,1.0,0.0
svb,3.0,0.03,0.1,rise,60,3,3,0,3,0,0,3,0,0,1.2777829202265472,1.2906232247791696,1.2824546097919165,1.0,0.0,0.0,1.0,0.0
svb,3.0,0.03,0.1,fall,40,3,3,0,3,0,0,3,0,0,1.3482975004470856,1.3600457414637672,1.355328626534989,1.0,0.0,0.0,1.0,0.0
svb,3.0,0.03,0.1,fall,50,3,3,0,3,0,0,3,0,0,1.3473474603969269,1.3571946080755146,1.3519191094393808,1.0,0.0,0.0,1.0,0.0
svb,3.0,0.03,0.1,fall,60,3,3,0,3,0,0,3,0,0,1.3465683612516992,1.354199791504875,1.3488413179758465,1.0,0.0,0.0,1.0,0.0
svb,3.0,0.03,0.3,rise,40,3,3,0,3,0,0,3,0,0,1.3238437559055247,1.3518942208434366,1.3394049443272735,1.0,0.0,0.0,1.0,0.0
svb,3.0,0.03,0.3,rise,50,3,3,0,3,0,0,3,0,0,1.3114147642102296,1.3372327311346683,1.3249418342051675,1.0,0.0,0.0,1.0,0.0
svb,3.0,0.03,0.3,rise,60,3,3,0,3,0,0,3,0,0,1.3032384970023276,1.3270719885057791,1.315291866347576,1.0,0.0,0.0,1.0,0.0
svb,3.0,0.03,0.3,fall,40,3,3,0,3,0,0,3,0,0,1.5272462168419971,1.568785907744684,1.5493448604816802,1.0,0.0,0.0,1.0,0.0
svb,3.0,0.03,0.3,fall,50,3,3,0,3,0,0,3,0,0,1.5018470358871263,1.5448979237480271,1.5232962751878691,1.0,0.0,0.0,1.0,0.0
svb,3.0,0.03,0.3,fall,60,3,3,0,3,0,0,3,0,0,1.4878269693053552,1.524119684643328,1.5032763271798748,1.0,0.0,0.0,1.0,0.0
svb,3.0,0.03,1.0,rise,40,3,3,0,3,0,0,3,0,0,1.3499601453750194,1.3889182303717238,1.371290423328588,1.0,0.0,0.0,1.0,0.0
svb,3.0,0.03,1.0,rise,50,3,3,0,3,0,0,3,0,0,1.3447473002180843,1.3844031929064289,1.3654981615650448,1.0,0.0,0.0,1.0,0.0
svb,3.0,0.03,1.0,rise,60,3,3,0,3,0,0,3,0,0,1.346942504472143,1.3891157089534842,1.3690867432678655,1.0,0.0,0.0,1.0,0.0
svb,3.0,0.03,1.0,fall,40,3,3,0,3,0,0,3,0,0,2.2078800248850845,2.2531355599534257,2.2291543370542746,1.0,0.0,0.0,1.0,0.0
svb,3.0,0.03,1.0,fall,50,3,3,0,3,0,0,3,0,0,2.0267495746635067,2.084171504344587,2.051725872388832,1.0,0.0,0.0,1.0,0.0
svb,3.0,0.03,1.0,fall,60,3,3,0,3,0,0,3,0,0,1.88912688695655,1.953181845450494,1.9145610915227624,1.0,0.0,0.0,1.0,0.0
svb,3.0,0.03,3.0,rise,40,3,3,0,3,0,0,3,0,0,1.3784157533914982,1.422084416267639,1.4006943059290515,1.0,0.0,0.0,1.0,0.0
svb,3.0,0.03,3.0,rise,50,3,3,0,3,0,0,3,0,0,1.3815035184626685,1.4284755993798302,1.4041832877131255,1.0,0.0,0.0,1.0,0.0
svb,3.0,0.03,3.0,rise,60,3,3,0,3,0,0,3,0,0,1.396630067222819,1.4486012654884317,1.422024382621796,1.0,0.0,0.0,1.0,0.0
svb,3.0,0.03,3.0,fall,40,3,3,0,3,0,0,3,0,0,4.098850447866901,4.177218785553659,4.136440775170638,1.0,0.0,0.0,1.0,0.0
svb,3.0,0.03,3.0,fall,50,3,3,0,3,0,0,3,0,0,3.471432871406644,3.561967618664412,3.5127252283983044,1.0,0.0,0.0,1.0,0.0
svb,3.0,0.03,3.0,fall,60,3,3,0,3,0,0,3,0,0,2.9691671778058035,3.0663349298235825,3.0109173742656803,1.0,0.0,0.0,1.0,0.0
svb,3.0,0.1,0.01,rise,40,3,3,0,3,0,0,3,0,0,1.2832483618263206,1.2942648747093644,1.287388935662278,1.0,0.0,0.0,1.0,0.0
svb,3.0,0.1,0.01,rise,50,3,3,0,3,0,0,3,0,0,1.26035144838513,1.267129444471531,1.260907921589426,1.0,0.0,0.0,1.0,0.0
svb,3.0,0.1,0.01,rise,60,3,3,0,3,0,0,3,0,0,1.2347553820728887,1.2394781600339346,1.2391727229760867,1.0,0.0,0.0,1.0,0.0
svb,3.0,0.1,0.01,fall,40,3,3,0,3,0,0,3,0,0,1.1813030614999542,1.1982779207179215,1.1890946704673522,1.0,0.0,0.0,1.0,0.0
svb,3.0,0.1,0.01,fall,50,3,3,0,3,0,0,3,0,0,1.183864420729734,1.2002014819795352,1.192937842525875,1.0,0.0,0.0,1.0,0.0
svb,3.0,0.1,0.01,fall,60,3,3,0,3,0,0,3,0,0,1.1865100029260276,1.2008939163739876,1.1962002334906043,1.0,0.0,0.0,1.0,0.0
svb,3.0,0.1,0.03,rise,40,3,3,0,3,0,0,3,0,0,1.2880405808098845,1.2994799304464129,1.2925779117491234,1.0,0.0,0.0,1.0,0.0
svb,3.0,0.1,0.03,rise,50,3,3,0,3,0,0,3,0,0,1.2663562553846064,1.2732396844686014,1.267152954073084,1.0,0.0,0.0,1.0,0.0
svb,3.0,0.1,0.03,rise,60,3,3,0,3,0,0,3,0,0,1.2425980500959497,1.246957577412544,1.2468217733006537,1.0,0.0,0.0,1.0,0.0
svb,3.0,0.1,0.03,fall,40,3,3,0,3,0,0,3,0,0,1.2032631584599485,1.218507010848532,1.2103749907863954,1.0,0.0,0.0,1.0,0.0
svb,3.0,0.1,0.03,fall,50,3,3,0,3,0,0,3,0,0,1.2057402760771878,1.220571131440686,1.2139432334353035,1.0,0.0,0.0,1.0,0.0
svb,3.0,0.1,0.03,fall,60,3,3,0,3,0,0,3,0,0,1.208315833789436,1.2214273282776875,1.2169633938644,1.0,0.0,0.0,1.0,0.0
svb,3.0,0.1,0.1,rise,40,3,3,0,3,0,0,3,0,0,1.2984100489656114,1.313132657809262,1.305378914048399,1.0,0.0,0.0,1.0,0.0
svb,3.0,0.1,0.1,rise,50,3,3,0,3,0,0,3,0,0,1.279406305758315,1.2894592628314772,1.2826994777964718,1.0,0.0,0.0,1.0,0.0
svb,3.0,0.1,0.1,rise,60,3,3,0,3,0,0,3,0,0,1.2623067362004623,1.2673240233830445,1.263334864403932,1.0,0.0,0.0,1.0,0.0
svb,3.0,0.1,0.1,fall,40,3,3,0,3,0,0,3,0,0,1.2841684980221175,1.2858060813474843,1.285452002509996,1.0,0.0,0.0,1.0,0.0
svb,3.0,0.1,0.1,fall,50,3,3,0,3,0,0,3,0,0,1.284054020956558,1.2868630011094897,1.2857294179906722,1.0,0.0,0.0,1.0,0.0
svb,3.0,0.1,0.1,fall,60,3,3,0,3,0,0,3,0,0,1.2838793609483077,1.2875440724092853,1.285868433054017,1.0,0.0,0.0,1.0,0.0
svb,3.0,0.1,0.3,rise,40,3,3,0,3,0,0,3,0,0,1.3141785746394323,1.3363614210700894,1.3259725127159467,1.0,0.0,0.0,1.0,0.0
svb,3.0,0.1,0.3,rise,50,3,3,0,3,0,0,3,0,0,1.2993747231360724,1.3178167309962578,1.308151941333896,1.0,0.0,0.0,1.0,0.0
svb,3.0,0.1,0.3,rise,60,3,3,0,3,0,0,3,0,0,1.288790452065873,1.3037727942301027,1.2951440008677684,1.0,0.0,0.0,1.0,0.0
svb,3.0,0.1,0.3,fall,40,3,3,0,3,0,0,3,0,0,1.4647548391893728,1.49290864047711,1.4794682358885345,1.0,0.0,0.0,1.0,0.0
svb,3.0,0.1,0.3,fall,50,3,3,0,3,0,0,3,0,0,1.441362587142471,1.47175731365905,1.457106576525653,1.0,0.0,0.0,1.0,0.0
svb,3.0,0.1,0.3,fall,60,3,3,0,3,0,0,3,0,0,1.4288026651058514,1.4537992351830922,1.4403034313694727,1.0,0.0,0.0,1.0,0.0
svb,3.0,0.1,1.0,rise,40,3,3,0,3,0,0,3,0,0,1.3402949655353464,1.373385425403716,1.357857986650373,1.0,0.0,0.0,1.0,0.0
svb,3.0,0.1,1.0,rise,50,3,3,0,3,0,0,3,0,0,1.3327072614376878,1.3649871891003065,1.348708264187494,1.0,0.0,0.0,1.0,0.0
svb,3.0,0.1,1.0,rise,60,3,3,0,3,0,0,3,0,0,1.3324944648405568,1.3658165118881638,1.3489388743075452,1.0,0.0,0.0,1.0,0.0
svb,3.0,0.1,1.0,fall,40,3,3,0,3,0,0,3,0,0,2.1453885610764267,2.177258219796714,2.159277640583234,1.0,0.0,0.0,1.0,0.0
svb,3.0,0.1,1.0,fall,50,3,3,0,3,0,0,3,0,0,1.96626508191502,2.011030838980712,1.9855361278752768,1.0,0.0,0.0,1.0,0.0
svb,3.0,0.1,1.0,fall,60,3,3,0,3,0,0,3,0,0,1.830102566411569,1.8828613519075696,1.851588167941784,1.0,0.0,0.0,1.0,0.0
svb,3.0,0.1,3.0,rise,40,3,3,0,3,0,0,3,0,0,1.3687505607141337,1.406551593307235,1.3872618542803754,1.0,0.0,0.0,1.0,0.0
svb,3.0,0.1,3.0,rise,50,3,3,0,3,0,0,3,0,0,1.3694634638010197,1.4090595732735238,1.3873933720691871,1.0,0.0,0.0,1.0,0.0
svb,3.0,0.1,3.0,rise,60,3,3,0,3,0,0,3,0,0,1.3821820075974796,1.42530203990662,1.4018764903608765,1.0,0.0,0.0,1.0,0.0
svb,3.0,0.1,3.0,fall,40,3,3,0,3,0,0,3,0,0,4.036358898462345,4.10134134330297,4.066563984401248,1.0,0.0,0.0,1.0,0.0
svb,3.0,0.1,3.0,fall,50,3,3,0,3,0,0,3,0,0,3.410948293443987,3.4888268519793653,3.4465353901377465,1.0,0.0,0.0,1.0,0.0
svb,3.0,0.1,3.0,fall,60,3,3,0,3,0,0,3,0,0,2.910142774357694,2.996014338666372,2.9479443595761947,1.0,0.0,0.0,1.0,0.0
svb,3.0,0.3,0.01,rise,40,3,3,0,3,0,0,3,0,0,1.2682559523593526,1.270628925772321,1.2701105385801417,1.0,0.0,0.0,1.0,0.0
svb,3.0,0.3,0.01,rise,50,3,3,0,3,0,0,3,0,0,1.236979379152711,1.2439699091893628,1.2375576813192568,1.0,0.0,0.0,1.0,0.0
svb,3.0,0.3,0.01,rise,60,3,3,0,3,0,0,3,0,0,1.2037050041883135,1.2198285794619772,1.2060569129045744,1.0,0.0,0.0,1.0,0.0
svb,3.0,0.3,0.01,fall,40,3,3,0,3,0,0,3,0,0,0.9880025449199294,1.0330407813795237,1.0092924696526344,1.0,0.0,0.0,1.0,0.0
svb,3.0,0.3,0.01,fall,50,3,3,0,3,0,0,3,0,0,1.0117051818260014,1.0588565562517744,1.035972846932868,1.0,0.0,0.0,1.0,0.0
svb,3.0,0.3,0.01,fall,60,3,3,0,3,0,0,3,0,0,1.0321361497845958,1.073563134193141,1.0566780608467714,1.0,0.0,0.0,1.0,0.0
svb,3.0,0.3,0.03,rise,40,3,3,0,3,0,0,3,0,0,1.2734512498830166,1.27584301016679,1.2749143006087635,1.0,0.0,0.0,1.0,0.0
svb,3.0,0.3,0.03,rise,50,3,3,0,3,0,0,3,0,0,1.2432335318089238,1.2499897945353649,1.2436695743064692,1.0,0.0,0.0,1.0,0.0
svb,3.0,0.3,0.03,rise,60,3,3,0,3,0,0,3,0,0,1.2113587706581057,1.22732774806921,1.2139131716001432,1.0,0.0,0.0,1.0,0.0
svb,3.0,0.3,0.03,fall,40,3,3,0,3,0,0,3,0,0,1.0099045847333246,1.0532166986257936,1.0305347414456745,1.0,0.0,0.0,1.0,0.0
svb,3.0,0.3,0.03,fall,50,3,3,0,3,0,0,3,0,0,1.0335308639200025,1.079173664015284,1.056944955077712,1.0,0.0,0.0,1.0,0.0
svb,3.0,0.3,0.03,fall,60,3,3,0,3,0,0,3,0,0,1.053899623307455,1.0940524878214366,1.07741170376862,1.0,0.0,0.0,1.0,0.0
svb,3.0,0.3,0.1,rise,40,3,3,0,3,0,0,3,0,0,1.2853197078210847,1.289511883948155,1.286282176275726,1.0,0.0,0.0,1.0,0.0
svb,3.0,0.3,0.1,rise,50,3,3,0,3,0,0,3,0,0,1.2588207977080106,1.2630863514878974,1.2599164021919569,1.0,0.0,0.0,1.0,0.0
svb,3.0,0.3,0.1,rise,60,3,3,0,3,0,0,3,0,0,1.2319021563351928,1.2437667560087653,1.2336791548694936,1.0,0.0,0.0,1.0,0.0
svb,3.0,0.3,0.1,fall,40,3,3,0,3,0,0,3,0,0,1.0907208551670329,1.1204857456581596,1.105615583557484,1.0,0.0,0.0,1.0,0.0
svb,3.0,0.3,0.1,fall,50,3,3,0,3,0,0,3,0,0,1.1117846250033323,1.1453319730060985,1.128724422857804,1.0,0.0,0.0,1.0,0.0
svb,3.0,0.3,0.1,fall,60,3,3,0,3,0,0,3,0,0,1.1294531812475703,1.1600321197317935,1.1463072914987258,1.0,0.0,0.0,1.0,0.0
svb,3.0,0.3,0.3,rise,40,3,3,0,3,0,0,3,0,0,1.3011410869821605,1.3127784857542386,1.3069190529640975,1.0,0.0,0.0,1.0,0.0
svb,3.0,0.3,0.3,rise,50,3,3,0,3,0,0,3,0,0,1.2831236427607302,1.2883349958816472,1.2843350962176692,1.0,0.0,0.0,1.0,0.0
svb,3.0,0.3,0.3,rise,60,3,3,0,3,0,0,3,0,0,1.2666068635999412,1.2693174840852215,1.2684404081743357,1.0,0.0,0.0,1.0,0.0
svb,3.0,0.3,0.3,fall,40,3,3,0,3,0,0,3,0,0,1.2998166001975782,1.3005186095063346,1.3002648647928026,1.0,0.0,0.0,1.0,0.0
svb,3.0,0.3,0.3,fall,50,3,3,0,3,0,0,3,0,0,1.2997607084061475,1.300465578216555,1.300255787844065,1.0,0.0,0.0,1.0,0.0
svb,3.0,0.3,0.3,fall,60,3,3,0,3,0,0,3,0,0,1.299635776308901,1.3013120260497295,1.300964522604469,1.0,0.0,0.0,1.0,0.0
svb,3.0,0.3,1.0,rise,40,3,3,0,3,0,0,3,0,0,1.3273079076194378,1.3497963100123471,1.3388028440547812,1.0,0.0,0.0,1.0,0.0
svb,3.0,0.3,1.0,rise,50,3,3,0,3,0,0,3,0,0,1.3165238750844086,1.3355212903648084,1.324904110089007,1.0,0.0,0.0,1.0,0.0
svb,3.0,0.3,1.0,rise,60,3,3,0,3,0,0,3,0,0,1.3131263752708933,1.330521836210988,1.3204369533622344,1.0,0.0,0.0,1.0,0.0
svb,3.0,0.3,1.0,fall,40,3,3,0,3,0,0,3,0,0,1.9808466489797,1.9848438767716208,1.981832302249384,1.0,0.0,0.0,1.0,0.0
svb,3.0,0.3,1.0,fall,50,3,3,0,3,0,0,3,0,0,1.8263264482007169,1.8398925563689457,1.829948005792052,1.0,0.0,0.0,1.0,0.0
svb,3.0,0.3,1.0,fall,60,3,3,0,3,0,0,3,0,0,1.703789298558457,1.729469092120846,1.7132477936590562,1.0,0.0,0.0,1.0,0.0
svb,3.0,0.3,3.0,rise,40,3,3,0,3,0,0,3,0,0,1.355702478394095,1.3828234043141374,1.3681084550449878,1.0,0.0,0.0,1.0,0.0
svb,3.0,0.3,3.0,rise,50,3,3,0,3,0,0,3,0,0,1.3532069584823376,1.379422911426718,1.3634715657223295,1.0,0.0,0.0,1.0,0.0
svb,3.0,0.3,3.0,rise,60,3,3,0,3,0,0,3,0,0,1.362727164143366,1.3897902593888285,1.3732279052133165,1.0,0.0,0.0,1.0,0.0
svb,3.0,0.3,3.0,fall,40,3,3,0,3,0,0,3,0,0,3.8713952393024913,3.907356140448674,3.88665544013484,1.0,0.0,0.0,1.0,0.0
svb,3.0,0.3,3.0,fall,50,3,3,0,3,0,0,3,0,0,3.2699881999109484,3.3165190352568543,3.289863904212369,1.0,0.0,0.0,1.0,0.0
svb,3.0,0.3,3.0,fall,60,3,3,0,3,0,0,3,0,0,2.7832963815695586,2.8419619153696054,2.809020100718932,1.0,0.0,0.0,1.0,0.0
svb,3.0,1.0,0.01,rise,40,3,3,0,3,0,0,3,0,0,1.2470889401415746,1.2544043649585206,1.2489657187318917,1.0,0.0,0.0,1.0,0.0
svb,3.0,1.0,0.01,rise,50,3,3,0,3,0,0,3,0,0,1.2074842681146387,1.224382213069498,1.2125675989788058,1.0,0.0,0.0,1.0,0.0
svb,3.0,1.0,0.01,rise,60,3,3,0,3,0,0,3,0,0,1.1681727935096822,1.1965439699819846,1.177216041040233,1.0,0.0,0.0,1.0,0.0
svb,3.0,1.0,0.01,fall,40,3,3,0,3,0,0,3,0,0,0.4865365981524898,0.4896357443865557,0.4867971299743061,1.0,0.0,0.0,1.0,0.0
svb,3.0,1.0,0.01,fall,50,3,3,0,3,0,0,3,0,0,0.6218630846045112,0.6552211307905407,0.6400974986640389,1.0,0.0,0.0,1.0,0.0
svb,3.0,1.0,0.01,fall,60,3,3,0,3,0,0,3,0,0,0.7280400474094679,0.7856147313590229,0.7591389909307331,1.0,0.0,0.0,1.0,0.0
svb,3.0,1.0,0.03,rise,40,3,3,0,3,0,0,3,0,0,1.25230520359923,1.2594692867870567,1.2543129176696286,1.0,0.0,0.0,1.0,0.0
svb,3.0,1.0,0.03,rise,50,3,3,0,3,0,0,3,0,0,1.2136770436359974,1.2307446522846577,1.21904788119768,1.0,0.0,0.0,1.0,0.0
svb,3.0,1.0,0.03,rise,60,3,3,0,3,0,0,3,0,0,1.175997580951778,1.2045000262783097,1.1854132696186332,1.0,0.0,0.0,1.0,0.0
svb,3.0,1.0,0.03,fall,40,3,3,0,3,0,0,3,0,0,0.5057269007664549,0.5088124016079156,0.5064851280133911,1.0,0.0,0.0,1.0,0.0
svb,3.0,1.0,0.03,fall,50,3,3,0,3,0,0,3,0,0,0.641617867776175,0.6740479043318883,0.6595270320999602,1.0,0.0,0.0,1.0,0.0
svb,3.0,1.0,0.03,fall,60,3,3,0,3,0,0,3,0,0,0.7481989520274177,0.8043052021095072,0.7786631621272413,1.0,0.0,0.0,1.0,0.0
svb,3.0,1.0,0.1,rise,40,3,3,0,3,0,0,3,0,0,1.2665176846513098,1.270773851389954,1.2678928470131774,1.0,0.0,0.0,1.0,0.0
svb,3.0,1.0,0.1,rise,50,3,3,0,3,0,0,3,0,0,1.230794161968565,1.2450065560298094,1.235666823986212,1.0,0.0,0.0,1.0,0.0
svb,3.0,1.0,0.1,rise,60,3,3,0,3,0,0,3,0,0,1.1978249208723972,1.2224945319393807,1.2066450793971044,1.0,0.0,0.0,1.0,0.0
svb,3.0,1.0,0.1,fall,40,3,3,0,3,0,0,3,0,0,0.5829206408874623,0.5863252924678579,0.5847542569616411,1.0,0.0,0.0,1.0,0.0
svb,3.0,1.0,0.1,fall,50,3,3,0,3,0,0,3,0,0,0.7186746858512034,0.7402139680338267,0.7320614958959513,1.0,0.0,0.0,1.0,0.0
svb,3.0,1.0,0.1,fall,60,3,3,0,3,0,0,3,0,0,0.8236554118588315,0.8663955711580331,0.84783884372747,1.0,0.0,0.0,1.0,0.0
svb,3.0,1.0,0.3,rise,40,3,3,0,3,0,0,3,0,0,1.2880274988237252,1.290815806516877,1.289703706655425,1.0,0.0,0.0,1.0,0.0
svb,3.0,1.0,0.3,rise,50,3,3,0,3,0,0,3,0,0,1.2608973060474,1.2669087140209574,1.2628688392696323,1.0,0.0,0.0,1.0,0.0
svb,3.0,1.0,0.3,rise,60,3,3,0,3,0,0,3,0,0,1.2368334156861098,1.2506380675016269,1.242051013370716,1.0,0.0,0.0,1.0,0.0
svb,3.0,1.0,0.3,fall,40,3,3,0,3,0,0,3,0,0,0.8291925460246068,0.8347821501667068,0.8317921302213493,1.0,0.0,0.0,1.0,0.0
svb,3.0,1.0,0.3,fall,50,3,3,0,3,0,0,3,0,0,0.9282103456720096,0.9334608488757304,0.9313261303113451,1.0,0.0,0.0,1.0,0.0
svb,3.0,1.0,0.3,fall,60,3,3,0,3,0,0,3,0,0,1.009633168120572,1.0213523246500298,1.0177953776708857,1.0,0.0,0.0,1.0,0.0
svb,3.0,1.0,1.0,rise,40,3,3,0,3,0,0,3,0,0,1.3156581556704403,1.3276892306634087,1.321571151349586,1.0,0.0,0.0,1.0,0.0
svb,3.0,1.0,1.0,rise,50,3,3,0,3,0,0,3,0,0,1.302271913176522,1.3085245818779472,1.303807444080524,1.0,0.0,0.0,1.0,0.0
svb,3.0,1.0,1.0,rise,60,3,3,0,3,0,0,3,0,0,1.2968650058159077,1.2999598961886956,1.2974476040073393,1.0,0.0,0.0,1.0,0.0
svb,3.0,1.0,1.0,fall,40,3,3,0,3,0,0,3,0,0,1.6168202533756966,1.6218830699035598,1.6191617797256557,1.0,0.0,0.0,1.0,0.0
svb,3.0,1.0,1.0,fall,50,3,3,0,3,0,0,3,0,0,1.5576747830333066,1.5627421082934032,1.559966850794836,1.0,0.0,0.0,1.0,0.0
svb,3.0,1.0,1.0,fall,60,3,3,0,3,0,0,3,0,0,1.505804167136699,1.5108756378057169,1.5080489986625767,1.0,0.0,0.0,1.0,0.0
svb,3.0,1.0,3.0,rise,40,3,3,0,3,0,0,3,0,0,1.3426201801722537,1.3568917189904268,1.348373758715942,1.0,0.0,0.0,1.0,0.0
svb,3.0,1.0,3.0,rise,50,3,3,0,3,0,0,3,0,0,1.33725954202866,1.3476692051119257,1.3393663990635338,1.0,0.0,0.0,1.0,0.0
svb,3.0,1.0,3.0,rise,60,3,3,0,3,0,0,3,0,0,1.3450374637984832,1.3531330377669488,1.3458768339867422,1.0,0.0,0.0,1.0,0.0
svb,3.0,1.0,3.0,fall,40,3,3,0,3,0,0,3,0,0,3.522593078831339,3.556048892576678,3.539774280406006,1.0,0.0,0.0,1.0,0.0
svb,3.0,1.0,3.0,fall,50,3,3,0,3,0,0,3,0,0,3.051112726133092,3.085101099851052,3.0685010480131574,1.0,0.0,0.0,1.0,0.0
svb,3.0,1.0,3.0,fall,60,3,3,0,3,0,0,3,0,0,2.6541210795105843,2.6888279695951405,2.6717890208247805,1.0,0.0,0.0,1.0,0.0
svb,3.0,3.0,0.01,rise,40,3,3,0,3,0,0,3,0,0,1.2473784365485976,1.249110744164014,1.248804010746673,1.0,0.0,0.0,1.0,0.0
svb,3.0,3.0,0.01,rise,50,3,3,0,3,0,0,3,0,0,1.2088242966667733,1.21573045342369,1.211763048287923,1.0,0.0,0.0,1.0,0.0
svb,3.0,3.0,0.01,rise,60,3,3,0,3,0,0,3,0,0,1.172350804374711,1.1870798680473535,1.1782590356597795,1.0,0.0,0.0,1.0,0.0
svb,3.0,3.0,0.01,fall,40,3,3,0,3,0,0,3,0,0,0.5312827757854173,0.599837215793479,0.5640354654583177,1.0,0.0,0.0,1.0,0.0
svb,3.0,3.0,0.01,fall,50,3,3,0,3,0,0,3,0,0,0.5312827334998964,0.599837192423915,0.5640354587282479,1.0,0.0,0.0,1.0,0.0
svb,3.0,3.0,0.01,fall,60,3,3,0,3,0,0,3,0,0,0.5312827301702963,0.5998371943412169,0.5640354698987204,1.0,0.0,0.0,1.0,0.0
svb,3.0,3.0,0.03,rise,40,3,3,0,3,0,0,3,0,0,1.2528237927338792,1.254084224168027,1.2540841982851918,1.0,0.0,0.0,1.0,0.0
svb,3.0,3.0,0.03,rise,50,3,3,0,3,0,0,3,0,0,1.2149738053346235,1.222616935984466,1.2183086496367368,1.0,0.0,0.0,1.0,0.0
svb,3.0,3.0,0.03,rise,60,3,3,0,3,0,0,3,0,0,1.1803114133249355,1.195821385960436,1.186728455100114,1.0,0.0,0.0,1.0,0.0
svb,3.0,3.0,0.03,fall,40,3,3,0,3,0,0,3,0,0,0.5132922833710971,0.5831613740012793,0.5461138269928503,1.0,0.0,0.0,1.0,0.0
svb,3.0,3.0,0.03,fall,50,3,3,0,3,0,0,3,0,0,0.5132922392813768,0.5831613971683902,0.5461138313240648,1.0,0.0,0.0,1.0,0.0
svb,3.0,3.0,0.03,fall,60,3,3,0,3,0,0,3,0,0,0.5132922455271642,0.5831613952862282,0.5461138422061351,1.0,0.0,0.0,1.0,0.0
svb,3.0,3.0,0.1,rise,40,3,3,0,3,0,0,3,0,0,1.266153133708928,1.2683804066056883,1.2683175960566913,1.0,0.0,0.0,1.0,0.0
svb,3.0,3.0,0.1,rise,50,3,3,0,3,0,0,3,0,0,1.2328176652052991,1.2395390548979683,1.2362209321556712,1.0,0.0,0.0,1.0,0.0
svb,3.0,3.0,0.1,rise,60,3,3,0,3,0,0,3,0,0,1.2035793790296156,1.2175698187992456,1.210146936801714,1.0,0.0,0.0,1.0,0.0
svb,3.0,3.0,0.1,fall,40,3,3,0,3,0,0,3,0,0,0.4934070979590448,0.5510632848151067,0.5164669100191626,1.0,0.0,0.0,1.0,0.0
svb,3.0,3.0,0.1,fall,50,3,3,0,3,0,0,3,0,0,0.4934126638894902,0.5510655861302753,0.51647066130898,1.0,0.0,0.0,1.0,0.0
svb,3.0,3.0,0.1,fall,60,3,3,0,3,0,0,3,0,0,0.4945109817405071,0.551515379851276,0.5171940455326194,1.0,0.0,0.0,1.0,0.0
svb,3.0,3.0,0.3,rise,40,3,3,0,3,0,0,3,0,0,1.2868524360527434,1.292929214577621,1.2910364774719203,1.0,0.0,0.0,1.0,0.0
svb,3.0,3.0,0.3,rise,50,3,3,0,3,0,0,3,0,0,1.2644956973617716,1.2659783412545618,1.2651932567337565,1.0,0.0,0.0,1.0,0.0
svb,3.0,3.0,0.3,rise,60,3,3,0,3,0,0,3,0,0,1.2454724582786447,1.2523400927796866,1.2487715315536718,1.0,0.0,0.0,1.0,0.0
svb,3.0,3.0,0.3,fall,40,3,3,0,3,0,0,3,0,0,0.5728112621221806,0.5942717958242953,0.5778305454028851,1.0,0.0,0.0,1.0,0.0
svb,3.0,3.0,0.3,fall,50,3,3,0,3,0,0,3,0,0,0.5837133033029911,0.6048637231049057,0.5888378417609808,1.0,0.0,0.0,1.0,0.0
svb,3.0,3.0,0.3,fall,60,3,3,0,3,0,0,3,0,0,0.6278573028193661,0.6479331671696533,0.6333443579177844,1.0,0.0,0.0,1.0,0.0
svb,3.0,3.0,1.0,rise,40,3,3,0,3,0,0,3,0,0,1.3149295487451962,1.323842880194344,1.3193651366086458,1.0,0.0,0.0,1.0,0.0
svb,3.0,3.0,1.0,rise,50,3,3,0,3,0,0,3,0,0,1.3022317168171342,1.305588724065497,1.3024525568387082,1.0,0.0,0.0,1.0,0.0
svb,3.0,3.0,1.0,rise,60,3,3,0,3,0,0,3,0,0,1.2997450564988746,1.3013200240511742,1.3009476323913691,1.0,0.0,0.0,1.0,0.0
svb,3.0,3.0,1.0,fall,40,3,3,0,3,0,0,3,0,0,1.296478181356493,1.3040744928416892,1.30104551026204,1.0,0.0,0.0,1.0,0.0
svb,3.0,3.0,1.0,fall,50,3,3,0,3,0,0,3,0,0,1.301179863890641,1.3086898377177247,1.3057180179478056,1.0,0.0,0.0,1.0,0.0
svb,3.0,3.0,1.0,fall,60,3,3,0,3,0,0,3,0,0,1.3068770248881671,1.3142832791821424,1.3113801148285322,1.0,0.0,0.0,1.0,0.0
svb,3.0,3.0,3.0,rise,40,3,3,0,3,0,0,3,0,0,1.3361305882924368,1.3433083990506711,1.3388676116388096,1.0,0.0,0.0,1.0,0.0
svb,3.0,3.0,3.0,rise,50,3,3,0,3,0,0,3,0,0,1.328777341985199,1.3320984767774209,1.3301013761605949,1.0,0.0,0.0,1.0,0.0
svb,3.0,3.0,3.0,rise,60,3,3,0,3,0,0,3,0,0,1.3365198213827512,1.3396213050785206,1.3374193763874485,1.0,0.0,0.0,1.0,0.0
svb,3.0,3.0,3.0,fall,40,3,3,0,3,0,0,3,0,0,3.4594009647281343,3.474681447622194,3.470495866643838,1.0,0.0,0.0,1.0,0.0
svb,3.0,3.0,3.0,fall,50,3,3,0,3,0,0,3,0,0,3.1332406954162764,3.150515634680697,3.145188549380908,1.0,0.0,0.0,1.0,0.0
svb,3.0,3.0,3.0,fall,60,3,3,0,3,0,0,3,0,0,2.819540381169702,2.839200701638237,2.832509423893824,1.0,0.0,0.0,1.0,0.0
