Distance_(microns),eve,en,mlpt,hb,kr,gt,svb,cad,runt,odd
0,91.625,111.6875,215.6875,682.0625,118,275.625,359.0625,94.1875,158.8125,288.5
1,103.6521739,124.5652174,304.8695652,609.3913043,134.8695652,289.9130435,407.9130435,99.34782609,174.173913,248.7826087
2,103.4848485,128.5454545,352.1212121,541.0909091,130.5151515,287.030303,425.1515152,101.030303,174.0909091,226.2424242
3,100.1428571,141.4761905,391.8571429,511.2857143,125.4047619,297.3571429,422.2619048,101.3809524,174.1666667,220.4285714
4,104.22,168.52,382.88,516.4,125.72,312.5,424.36,105.62,177.8,215.84
5,113.3888889,217.7222222,396,536.1296296,135.2962963,351.4814815,456.3333333,116.2962963,188.0185185,221.1296296
6,115.9473684,277.4210526,393.4561404,514.8947368,135.4210526,359.7192982,468.7719298,117.7368421,190.0526316,215.4736842
7,118.6271186,344.4067797,393.4237288,501.5423729,133.7457627,365.6949153,484.7288136,119.7966102,196.2542373,217.8305085
8,118.1290323,398.8387097,384.2096774,486.7096774,130.4677419,366,493.7580645,120.0645161,198.2903226,215.9516129
9,117.7464789,434.2535211,360.5211268,461.028169,126.3380282,346.3521127,483.2957746,115.6197183,193.4225352,204.3802817
10,119.0116279,472.0930233,338.5348837,438.2209302,122.2209302,322.3139535,463.5813953,109.5465116,188.0116279,206.2906977
11,120.1495327,458.4859813,315.682243,431.7757009,114.8055556,291.1009174,418.0458716,102.6296296,177.9626168,209.2777778
12,132.5793651,425.0873016,331.7777778,466.7380952,125.1428571,302.5555556,429.952381,112.5793651,183.6031746,223.0396825
13,132.9565217,418.1666667,337.9347826,485.4202899,126.673913,311.4275362,439.1376812,116.7608696,184.1086957,221.4492754
14,132.5035461,418.1985816,341.4609929,493.964539,126.4964539,335.9929078,450.0496454,120.5602837,185.3617021,217.0780142
15,136.9724138,390.8137931,335.1034483,491.4137931,124.2068966,351.6,448.1586207,121.6413793,182.6068966,213.2551724
16,149.4832215,381.6778523,325.3691275,493.442953,124.4026846,360.3422819,442.0604027,123.2483221,182.4026846,215.2818792
17,154.5294118,406.4183007,313.1699346,495.7581699,124.4640523,366.8496732,434.9411765,123.9803922,182.9281046,219.3921569
18,157.1974522,442.2292994,302.8280255,502.7770701,124.1847134,377.8535032,429.4458599,124.0764331,183.5541401,223.7070064
19,160.475,466.175,294.8,509.1875,124.3875,393.0375,427.43125,125.2125,183.19375,221.75625
20,165.1656442,503.1349693,285.3251534,504.3067485,123.6380368,401.7116564,427.3803681,126.5828221,183.4355828,217.5460123
21,175.5114943,513.3793103,263.5747126,473.1436782,117.8793103,379.2068966,412.2931034,121.3908046,177.6551724,207.045977
22,203.3977901,537.5027624,257.4475138,474.6077348,120.9723757,376.8066298,424.8508287,122.7734807,183.0552486,211.7734807
23,224.8563536,558.5690608,260.4198895,493.1325967,125.8232044,391.839779,446.6906077,127.6298343,192.3038674,222.558011
24,233.9398907,528.9562842,252.3989071,495.9016393,124.0819672,401.2240437,446.1639344,127.2076503,192.1092896,222.6830601
25,256.7445652,537.2391304,249.2173913,508.1086957,124.1304348,417.2445652,443.1032609,125.7826087,192.3369565,222.4184783
26,270.4673913,531.8369565,248.3315217,518.0597826,124.7336957,422.2391304,436.0108696,123.1902174,192.4021739,223.3369565
27,265.8108108,498.772973,246.1243243,518.4918919,126.2,420.1135135,426.4972973,122.4162162,192.4432432,226.572973
28,258.6108108,462.8216216,241.5189189,513.9405405,128.8918919,427.6162162,419.8054054,124.3567568,192.8594595,232.3621622
29,250.7795699,430.8709677,232.7473118,505.0268817,129.1989247,436.3548387,414.6075269,125.6344086,191.6344086,232.8010753
30,244.3529412,421.0802139,226.5935829,503.0481283,129.7860963,440.2459893,416.6631016,126.8770053,191.5347594,231.9197861
31,242.9251337,415.4491979,222.6524064,508.2245989,131.1871658,446.6470588,424.171123,128.2941176,193.9625668,232.4759358
32,233.893617,384.1010638,215.4095745,507.8191489,131.7925532,446.9521277,427.9680851,129.2553191,195.1648936,231.6702128
33,217.7354497,355.8677249,209.2486772,509.4021164,133.1481481,440.7724868,434.2222222,131.9259259,195.5978836,232.1216931
34,197.8518519,348.7354497,206.5026455,509.978836,135.0582011,430.4656085,439.8994709,134.5238095,195.8306878,231.3492063
35,176.6963351,338.8795812,205.6230366,504.0837696,135.1570681,432.3350785,439.1099476,135.1151832,195.4816754,229.0837696
36,159.6894737,321.1842105,207.4210526,503.6,135.9210526,460.9368421,441.9263158,136.6736842,197.6578947,231.7421053
37,145.2222222,290.1481481,204.5502646,493.3439153,134.9100529,490.3386243,437.4074074,135.8412698,197.3227513,233.1798942
38,138.5263158,261.3578947,197.6315789,479.7842105,135.4894737,500.6947368,425.1421053,134.1421053,196.4842105,230.2210526
39,138.5315789,258.2789474,190.1263158,477.0210526,136.6263158,488.2,412.3315789,131.0578947,197.6421053,225.1210526
40,136.6825397,268.2010582,185.7037037,476.8412698,137.8624339,473.0687831,401.7195767,126.2910053,200.4179894,222.5291005
41,135.1368421,276.5315789,180.0736842,467.1684211,138.9210526,457.9315789,388.9789474,119.8052632,201.6473684,222.4105263
42,133.4736842,271.3473684,176.4578947,460.5789474,139.7578947,452.4473684,384.0210526,116.2473684,203.9789474,227.9
43,128.5210526,246.5368421,173.9789474,454.2631579,137.3736842,455.6105263,382.3526316,113.8631579,203.8263158,232.2789474
44,127.0157895,217.6631579,173.8263158,453.2105263,135.6263158,464.6105263,385.1789474,114.2210526,203.1315789,234.9368421
45,124.7631579,200.7263158,173.9631579,452.1894737,135.4368421,462.4421053,390.2105263,115.0947368,201.6052632,234.2789474
46,121.6084656,203,172.5502646,454.3227513,134.8941799,450.9312169,396.5925926,115.7619048,202.037037,231.6719577
47,119.2328042,205.2910053,169.8835979,453.4550265,132.7195767,438.8571429,399.6349206,116.989418,203.4074074,227.037037
48,117.287234,204.2234043,168.5585106,458.6117021,131.9680851,436.0638298,403.5265957,118.1329787,206.2074468,224.7446809
49,115.2446809,197.1968085,166.3776596,461.3989362,131.0212766,432.7180851,400.5478723,116.3670213,206.356383,222.3457447
50,115.0740741,183.968254,164.8306878,462.8888889,128.7777778,426.957672,392.2116402,113.7671958,206.7724868,220.6349206
51,116.8351064,170.9148936,165.5691489,473.4840426,127.2074468,419.4095745,387.5319149,113.0691489,211.1010638,223.9574468
52,116.7606383,160.1914894,163.1542553,480.9042553,125.4574468,405.5638298,383.2340426,111.787234,213.2180851,226.5265957
53,116.7340426,154.143617,161.0797872,486.9095745,125.2606383,393.9787234,382.8510638,110.2978723,214.9680851,228.1170213
54,117.1808511,150.2606383,160.7393617,490.4414894,126.0265957,388.8829787,389.3989362,110.5935829,219.6170213,226.643617
55,118.1390374,144.2566845,159.6898396,494.3636364,127.9839572,391.7860963,397.7379679,110.8663102,223.6737968,221.5721925
56,116.7860963,140.3796791,158,495.7967914,131.1016043,397.6524064,398.0962567,111.0695187,224.9411765,216.0106952
57,114.8342246,140.8074866,158.7593583,493.4759358,134.2459893,399.6096257,394.8609626,111.2780749,224.7807487,213
58,114.026738,141.8449198,159.8449198,484.5294118,136.368984,396.1604278,394.5454545,111.8930481,222.3048128,211.7326203
59,115.0478723,137.0425532,159.1648936,472.6223404,138.462766,396.3989362,396.8138298,112.5159574,215.606383,210.4095745
60,113.5638298,128.8723404,158.8085106,465.9680851,142.0691489,398.5638298,398.7659574,113.4255319,211.3829787,211.8297872
61,111.9893617,123.4946809,156.8138298,457.1702128,144.3404255,391.356383,389.8085106,112.1329787,205.4840426,209.6542553
62,112.7978723,122.0478723,156.8776596,458.1010638,149.1968085,386.0265957,382.3989362,110.9308511,202.8244681,207.5904255
63,111.6684492,121,157.4919786,463.2994652,152.3743316,378.8877005,379.973262,108.9946524,204.8235294,204.4491979
64,109.1604278,122.1016043,156.5989305,465.6096257,153.6256684,373.6470588,379.4545455,106.7486631,209.8770053,202.2566845
65,107.8823529,122.1016043,156.0213904,466.8128342,155.3101604,378.6631016,381.7860963,105.855615,213.5347594,201.5614973
66,106.0691489,119.7287234,154.1861702,457.2712766,154.3191489,382.1117021,384.606383,105.1223404,210.9414894,200.1010638
67,104.4787234,117.0797872,152.643617,440.7606383,154.9468085,381.5106383,389.2234043,106.0053191,208.1382979,202.3776596
68,103.5159574,115.037234,153.5531915,425.25,159.393617,382.9680851,393.7021277,108.8351064,207.6010638,205.5159574
69,103.5,111.3457447,154.4521277,404.6010638,165.3723404,381.2393617,386.1382979,110.2234043,203.5957447,205.3297872
70,103.3138298,109.5531915,155.3351064,386.6223404,171.8882979,370.787234,378.4734043,109.9787234,201.3670213,201.2340426
71,104.6648936,109.356383,157.643617,378.0265957,178.0638298,355.5,382.6755319,109.7712766,206.3776596,197.4255319
72,105.9468085,110.106383,157.8351064,371.5744681,180.6489362,338.6170213,383.8457447,109.0851064,213.3191489,195.0478723
73,107.6737968,111.7754011,157.8395722,369.2606383,184.9202128,330.540107,382.0106383,108.9839572,222.0695187,194.5080214
74,110.5,111.606383,157.1223404,372.9148936,195.3989362,329.9680851,386.106383,108.6223404,227.2287234,195.6329787
75,111.2804233,112.2751323,156.8783069,379.9047619,202.1005291,337.7407407,390.4867725,108.7301587,229.3227513,198.3915344
76,111.0846561,114.6137566,157.9153439,389.8994709,206.3068783,343.8412698,392.6507937,108.8571429,233.0899471,201.0582011
77,112.6137566,117.015873,160.0899471,400.4338624,212.4973545,342.1534392,397.1798942,109.5978836,235.984127,205.2275132
78,113.7195767,117.2751323,161.4603175,405,217.5820106,334.8201058,400.2169312,110.0529101,235.968254,210.3280423
79,114.5449735,116.7195767,161.1957672,401.8465608,221.005291,323.8730159,405.2962963,110.1851852,235.7513228,215.1904762
80,115.3105263,116.2157895,160.9631579,396.0789474,224.0473684,313.3105263,415.9526316,110.6263158,234.3210526,217.6894737
81,118.5473684,119.0526316,161.4473684,393.3526316,227.3631579,308.9631579,424.2578947,112.1368421,230.6947368,220.3842105
82,121.3736842,123,161.7578947,394.6473684,229.4421053,308.8157895,422.8894737,112.8157895,226.7947368,221.4263158
83,124.0314136,124.6439791,162.4973822,396.6335079,234.973822,317.7905759,425.9371728,113.9005236,227.8691099,223.0575916
84,126.3926702,124.973822,162.6282723,392.6858639,242.4502618,326.5445026,432.8219895,114.7853403,230.7591623,226.0209424
85,127.0364583,123.625,160.8697917,390.6927083,248.4010417,325.34375,433.5208333,113.890625,233.2135417,226.1458333
86,128.9479167,120.828125,162.4791667,401.7395833,254.421875,322.3229167,434.5729167,113.9270833,235.8697917,227.7083333
87,131.6614583,120.5729167,163.7135417,413.2291667,253.5572917,320.4270833,432.1145833,113.015625,234.9583333,230.0260417
88,133.6891192,120.5751295,162.2331606,417.5958549,249.8238342,322.9585492,429.1554404,111.4300518,231.7150259,233.0051813
89,134.3641026,121.3333333,162.2974359,422.5076923,249.7025641,325.2,430.6051282,110.8102564,230.7128205,236.9641026
90,134.0666667,121.4205128,162.825641,428.4,251.4153846,328.1179487,435.7435897,111.4717949,232.6051282,240.8512821
91,134.6479592,120.2755102,163.2091837,426.2908163,250.9336735,333.8010204,440.377551,112.3367347,234.6632653,241.3520408
92,134.459596,118.4191919,165.0555556,420.8030303,248.5606061,340.1060606,443.969697,113.520202,233.2979798,240.6515152
93,134.5076142,118.6903553,167.9086294,420.715736,247.4974619,347.8477157,447.3908629,115.213198,232.4162437,245.8375635
94,131.9447236,122.1809045,168.3115578,419.6281407,246.9949749,352.321608,447.4924623,115.8844221,230.8241206,251.3969849
95,131.005,128.245,169.305,417.93,252.255,361.29,447.36,116.725,231.86,255.615
96,130.798995,140.6432161,172.2261307,423.6030151,261.5477387,369.4874372,448.3517588,117.2211055,235.3819095,258.9497487
97,129.3631841,152.1641791,172.2935323,426.0049751,266.920398,362.9253731,446.9950249,116.6169154,237.278607,260.60199
98,127.6435644,154.4851485,172.0445545,424.049505,269.6287129,354.9455446,446.970297,115.7574257,240.0544554,262.8910891
99,126.8613861,150.4554455,173.2772277,416.1237624,274.9455446,352.0643564,446.3564356,114.960396,242.1237624,265.1435644
100,126.7881773,145.0985222,175.5566502,412.408867,288.1527094,357.1527094,447.0394089,114.3399015,241.9261084,267.1527094
101,126.546798,141.3842365,176.4334975,415.6551724,309.6108374,357.0640394,449.5320197,114.2758621,240.7044335,267.6157635
102,124.7339901,142.6650246,176.1970443,419.4384236,328.0197044,347.4778325,455.2315271,113.8128079,238.1428571,267.4876847
103,122.4660194,142.7572816,175.684466,427.2524272,332.8446602,341.2087379,462.6990291,113.2330097,234.5436893,266.907767
104,120.8647343,141.6618357,175.410628,434.7439614,331.8743961,339.1304348,471.1256039,113,231.0772947,265.4251208
105,121.131068,142.6796117,176.8446602,441.1504854,333.3883495,330.8495146,483.9951456,113.7281553,229.7524272,264.8398058
106,121.9519231,139.2788462,175.75,434.1490385,330.3461538,316.2884615,484.4951923,112.6634615,227.1298077,258.4663462
107,126.4688995,139.3557692,178.3173077,434.3684211,331.7403846,311.7596154,481.1244019,112.9134615,226.6634615,255.5528846
108,133.5748792,141.3913043,183.6521739,443.0821256,340.2270531,321.8502415,486.1884058,113.6086957,225.2125604,257.0966184
109,135.5240385,140.9182692,185.5961538,437.0240385,346.3701923,334.8990385,489.0240385,113.3413462,222.4086538,257.7740385
110,138.0526316,141.15311,185.4210526,430.722488,349.9282297,346.8899522,491.9282297,114.2631579,223.5119617,259.0095694
111,140.0956938,145.0909091,184.8851675,427.7177033,355.4066986,353.0574163,490.0526316,115.8516746,225.722488,261.2966507
112,141.1800948,156.7345972,182.4218009,421.2369668,352.3222749,351.6824645,482.3364929,116.028436,224.4170616,259.6398104
113,145.6244131,170.42723,182.1690141,422.7793427,346.1455399,353.1690141,483.4319249,116.9671362,225.2769953,260.1596244
114,150.4186047,176.1348837,183.9860465,429.3302326,336.2325581,351.5860465,489.8604651,118.0046512,229.5860465,262.3069767
115,154.4884793,172.7557604,186.5253456,436.562212,320.437788,337.1935484,494.3917051,116.9723502,234.3870968,259.9262673
116,155.8227273,164.3,189.7590909,444.3227273,305.4772727,323.2590909,500.3363636,115.4,238.4136364,253.6590909
117,153.9728507,162.2941176,192.5158371,448.0361991,299.4117647,322.0588235,508.8235294,114.9547511,243.0633484,250.7149321
118,150.8603604,172.0900901,193.8018018,442.5,296.7657658,325.6486486,510.8558559,114.3513514,245.1981982,250.509009
119,149.7488789,193.7264574,196.7578475,442.6995516,295.5784753,330.4663677,508.3811659,114.8699552,246.8026906,254.4439462
120,153.9641256,222.2556054,199.3318386,449.1883408,288.3139013,328.3497758,503.2825112,117,247.9282511,260.9327354
121,158.4844444,239.5422222,197.4533333,456.0844444,274.8666667,320.8844444,489.3911111,118.8266667,248.7688889,266.9111111
122,162.0575221,240.8893805,194.8761062,464.3318584,268.0221239,317.2389381,476.5929204,119.7035398,252.8716814,272.8097345
123,163.9385965,239.3464912,191,467.8201754,270.4649123,311.7236842,468.3903509,119.3684211,254.7807018,277.3596491
124,166.9122807,247.0877193,188.3859649,473.9166667,279.3684211,303.9254386,469.8552632,119.372807,254.9429825,285.1052632
125,166.6315789,266.3991228,188.0175439,491.7719298,289.3464912,302.0438596,477.6929825,119.3596491,255.7412281,296.1710526
126,161.5175439,285.1140351,186.7192982,517.3464912,299.1315789,304.7105263,490.5175439,119.3684211,254.3245614,306.0964912
127,158.5022026,302.8105727,186.3039648,541.7665198,309.4052863,315.8061674,510.0528634,120.9647577,253.3039648,319
128,162.9078947,329.6578947,185.0877193,555,315.2017544,327.1929825,531.0701754,123.004386,255.5219298,333.7236842
129,164.8777293,357.6855895,183.4716157,558.9170306,314.7379913,327.8558952,545.2620087,124.9475983,261.5545852,343.5982533
130,166.2105263,394.2368421,182.2850877,567.2105263,313.1842105,325.2149123,553.2236842,127.6973684,267.3114035,354.5745614
131,164.4933921,430.185022,180.0660793,578.8370044,303.9603524,320.969163,551.845815,128.8414097,264.9295154,365.2599119
132,162.9559471,449.5022026,175.9515419,594.6035242,290.3788546,313.7797357,543.9295154,128.8414097,258.3788546,369.7136564
133,163.5859031,476.30837,172.3964758,614.6167401,279.5859031,305.7004405,537.1938326,127.907489,255.6167401,369.969163
134,167.0614035,520.4517544,170.7280702,630.0482456,272.245614,302.4473684,530.6710526,125.6578947,256.6622807,371.3289474
135,165.5242291,551.6651982,170.1585903,645.6563877,263.4273128,305.5154185,527.092511,123.6651982,257.1497797,381.1277533
136,158.4513274,574.7389381,170.2256637,664.0176991,252.7477876,310.5530973,532.0973451,122.960177,255.4469027,396.8982301
137,150.4646018,621.3584071,170.079646,678.1769912,247.2389381,312.3495575,542.3628319,123.0973451,253.8672566,410.6769912
138,148.4159292,706.9115044,167.7787611,692.1946903,245.7920354,310.2212389,555.0486726,122.4690265,253.3539823,421.7522124
139,142.6177778,776.4444444,166,713.0177778,241.3955556,310.3911111,558.7288889,121.1688889,251.1066667,430.1866667
140,134.2345133,812.119469,165.4336283,732.8982301,234.7654867,308.0530973,550.1017699,120.6415929,245.9026549,432.5309735
141,126.4646018,816,164.840708,734.800885,224.9734513,301.4867257,539.579646,120.5353982,239.840708,434.5353982
142,124.2946429,808.4285714,165.1026786,719.0803571,217.0491071,294.4866071,535.5803571,121.1071429,235.7678571,440.6428571
143,124.4553571,771.5803571,166.1205357,691.1875,216.9107143,285.5357143,531.625,120.3705357,230.8928571,441.5401786
144,126.5422222,732.0177778,166.9022222,668.8755556,223.1466667,275.9644444,530.4577778,119.5911111,226.8711111,438.5066667
145,127.5973451,724.1460177,167.0353982,656.9690265,228.0707965,266.3230088,531.4955752,119.6150442,224.9734513,434.659292
146,126.6088889,730.08,165.3333333,652.6355556,232.6844444,261.5066667,530.8711111,119.5422222,224.3333333,430.1911111
147,124.1422222,733.4711111,161.7777778,647.6444444,234.3333333,260.1466667,523.9244444,118.8755556,223.0088889,420.4177778
148,121.7644444,753.9511111,159.9466667,642.4755556,235.2,257.7288889,520.5511111,118.64,220.5688889,408.7733333
149,122.40625,753.2589286,160.0892857,629.3660714,236.3973214,248.7142857,526.6964286,118.4642857,217.3526786,399.8169643
150,119.6875,670.0580357,160.4642857,608.6339286,238.4866071,234.7544643,537.0714286,117.3258929,213.03125,389.9866071
151,117.4977778,546.88,159.2088889,587.7244444,240.0711111,224.1466667,542.9733333,115.7377778,208.9422222,374.3066667
152,116.8705357,465.2946429,158.4375,581.9598214,243.4330357,221.7098214,546.4821429,115.9241071,207.21875,359.2901786
153,117.4776786,414.1651786,158.4464286,587.5669643,245.4419643,223.9866071,545.9285714,115.9955357,205.5178571,349.4285714
154,119.0403587,372.1121076,158.7264574,593.5829596,244.793722,229.8026906,541.8295964,115.0627803,202.2735426,345.7443946
155,118.8648649,340.6216216,161.2477477,597.7927928,243.7612613,236.7747748,541.1486486,114.8963964,200.1081081,347.4189189
156,116.4117647,315.1628959,162.841629,596.9321267,241.3484163,238.8371041,537.1085973,114.6968326,199.5882353,346.5384615
157,112.9279279,290.5315315,161.9279279,594.2297297,239.6171171,239.7702703,532.7657658,114.1936937,200.5135135,341.1981982
158,111.9596413,275.8026906,160.2735426,586.838565,243.0762332,242.206278,530.7264574,113.7264574,201.1345291,333.8699552
159,113.9504505,273.9594595,159.1621622,575.6441441,248.8018018,242.981982,528.2612613,113.1576577,202.0045045,328.7207207
160,115.2477477,278.9594595,157.3018018,559.1666667,249.6126126,241.7297297,525.1981982,111.7522523,202.6171171,323.1036036
161,114.239819,297.479638,156.2624434,540.0678733,249.0180995,238.8099548,524.5248869,111.2443439,202.9049774,314.6425339
162,112.2081448,288.8687783,156.6742081,519.5927602,250.4751131,239.9909502,528.1221719,112.2669683,201.9547511,304.1674208
163,112.1402715,275.2669683,157.479638,505.5882353,255.4298643,242.6877828,532.520362,113.8144796,199.6470588,289.0135747
164,111.1636364,264.6545455,157.7772727,498.9590909,260.2863636,242.9954545,532.7818182,114.7090909,197.5090909,273.0681818
165,109.4818182,253.5045455,158.2818182,491.0272727,260.2545455,238.2545455,530.8636364,114.6772727,195.7318182,262.6272727
166,109.2420091,239.0776256,158.6621005,482.6027397,255.7716895,233.3105023,529.6575342,114.4885845,193.8219178,256.9315068
167,108.8310502,225.7716895,158.5799087,480.2374429,254.7077626,230.2739726,522.7990868,113.9315068,192.2374429,252.0730594
168,108.0275229,215.1192661,157.0917431,477.1643836,261.6894977,227.369863,507.2237443,112.9678899,190.6712329,245.9680365
169,106.4036697,200.3211009,154.5963303,479.0963303,277.1834862,226.0917431,494.6788991,112.1513761,191.2293578,243.9495413
170,106.3394495,180.2431193,152.6284404,476.2477064,288.6926606,224.1972477,482.6513761,111.646789,191.0275229,243.1513761
171,106.9677419,159.7050691,151.0230415,471.1935484,294.6359447,221.9953917,477.4562212,111.6958525,190.1474654,242.4101382
172,106.2453704,146.1759259,151.7824074,463.9444444,296.5046296,219.4537037,480.7361111,112.3981481,190.2037037,240.8935185
173,104.7407407,134.1851852,151.4166667,452.1666667,292.4490741,216.4583333,481.6666667,111.5092593,188.7407407,235.3703704
174,108.5841121,124.3457944,152.6308411,442.0327103,290.4158879,219.8971963,480.8971963,111.2943925,188.4672897,231.5934579
175,110.943662,119.8967136,154.8732394,430.3521127,289.741784,219.3286385,475.9859155,111.9812207,187.657277,227.9483568
176,107.7370892,119.0234742,154.6619718,414.5399061,287.5680751,212.1690141,468.370892,111.7042254,186.7089202,224.2018779
177,107.0900474,121.3507109,154.8341232,408.6398104,292.0663507,210.2843602,472.8246445,111.8909953,189.8388626,226.1469194
178,106.1374408,120.1232227,152.7772512,403.9194313,297.3127962,209.1990521,480.5165877,110.5118483,189.478673,225.6161137
179,105.6857143,117.0333333,151.3714286,407.9761905,310.8047619,210.5142857,490.2761905,110.0047619,188.2238095,224.1333333
180,106.6904762,113.9238095,148.347619,403.1761905,323.1619048,209.1809524,483.6380952,109.3714286,184.3428571,217.7666667
181,106.4114833,112.9904306,146.569378,394.0669856,334.784689,206.2296651,468.7129187,108.4401914,181.5598086,209.9617225
182,106.0817308,116.8173077,147.8173077,389.8942308,347.5432692,202.0048077,458.8317308,107.8894231,182.4134615,204.3846154
183,104.1442308,120.0288462,147.8461538,379.9230769,351.9471154,195.7211538,452.625,106.3317308,184.0673077,197.5336538
184,105.5436893,117.0097087,148.9660194,373.0776699,350.5436893,191.2864078,457.5194175,105.3446602,188.5145631,194.6116505
185,105.538835,110.5825243,148.0242718,359.0873786,340.5485437,185.7378641,453.8446602,103.6116505,191.868932,192.5339806
186,106.995122,109.3463415,147.3853659,352.204878,335.204878,183.6829268,453.897561,104.3756098,195.2634146,194.5414634
187,109.2647059,109.5147059,147.0098039,348.1911765,335.6911765,185.1127451,459.5588235,107.0637255,196.5588235,196.3480392
188,109.1176471,109.1078431,146.3333333,339.4313725,339.8480392,186.627451,466.9460784,108.1617647,193.0539216,195.0441176
189,108.3168317,110.8613861,148.6386139,333.3910891,354.480198,189.9108911,477.0990099,109.5,192.4653465,195.1435644
190,107.5594059,109.8861386,148.6188119,320.5792079,368.6386139,193.1138614,471.039604,108.8910891,190.5346535,195.3415842
191,108.88,109.59,148.07,316.995,391.35,198.86,468.68,109.43,193.6,201.92
192,109.52,109.92,145.445,314.315,407.995,202.705,472.325,109.79,197.41,206.61
193,107.29,111.37,142.29,305.135,413.795,201.165,472.455,109.28,198.735,207.23
194,108.7397959,112.9132653,144.0765306,302.5969388,426.1632653,199.372449,476.0510204,110.372449,202.7602041,209.0510204
195,111.4642857,110.0255102,143.1785714,296.3928571,424.0918367,194.1326531,466.7040816,108.7806122,199.0816327,203.6632653
196,112.8717949,109.3794872,142.8615385,295.0769231,421.9692308,194.0153846,467.825641,107.2358974,195.6666667,198.6
197,111.3762887,109.1649485,140.1804124,290.7731959,425.3298969,195.7783505,466.5979381,105.8041237,192.8917526,190.8865979
198,112.75,109.0364583,138.84375,286.2083333,438.2708333,204.359375,466.2239583,106.1822917,192.484375,185.8645833
199,112.21875,109.5208333,138.1927083,278.6302083,445.0052083,211.578125,464.4322917,106.28125,189.9270833,181.2135417
200,111.015625,110.0416667,137.4791667,271.2552083,447.421875,215.4270833,458.890625,106.1927083,187.6614583,177.046875
201,110.3684211,109.2947368,139.3263158,271.8894737,458.1631579,222.3473684,460.4736842,107.5947368,188.5526316,178.2210526
202,108.6842105,105.7368421,140.6578947,273.0736842,467.8,229.8421053,459.4894737,106.9894737,189.1157895,177.4894737
203,112.2074468,105.4255319,142.9521277,279.1755319,483.2180851,237.0053191,465.9042553,106.6755319,191.3670213,176.8723404
204,114.9202128,105.7340426,143.537234,281.4680851,487.4095745,233.5531915,475.3829787,105.9361702,190.5478723,176.4202128
205,113.9148936,107.1170213,143.5212766,277.6914894,475.9840426,221.0585106,475,104.8031915,187.6595745,176.6968085
206,115.7925532,106.9308511,145.6489362,274.3829787,468.2393617,209.8989362,467.5744681,105.2393617,186.75,178.2553191
207,118.3743316,106.2620321,146.802139,271.6524064,461.657754,204.7754011,460.5561497,107.657754,188.3048128,179.197861
208,120.0483871,105.4032258,145.8870968,267.3602151,444.5806452,203.0322581,459.0591398,110.3602151,191.6612903,180.8064516
209,115.4812834,103.7540107,144.5240642,261.8449198,423.3582888,203.2245989,459.7005348,110.8449198,193.0213904,181.6417112
210,110.311828,103.1290323,145.2096774,259.0215054,411.516129,205.8817204,464.5561497,111.188172,192.4731183,184.327957
211,106.6594595,104.7405405,145.5675676,257.6972973,413.1081081,212.0756757,471.6918919,112.1675676,193.6756757,189.8702703
212,103.5459459,103.3135135,144.2972973,256.6108108,417.2702703,211.5351351,460.1459459,112.2756757,195.6162162,193.9459459
213,105.6648649,101.1189189,143.1351351,261.3513514,419.0486486,205.2810811,443.0972973,113.2378378,196.4918919,196.5837838
214,107.4432432,99.69189189,143.1621622,267.5297297,418.0594595,199.5081081,434.0864865,114.2540541,196.2,197.9459459
215,107.2972973,98.15135135,143.3513514,270.8648649,412.7459459,198.8216216,434.2702703,113.8108108,196.7351351,195.3243243
216,108.0483871,100.0537634,144.155914,278.0376344,409.9784946,205.8548387,437.5107527,113.1129032,200.1236559,189.4247312
217,112.3621622,104.572973,146.6,286.4216216,414.172973,216.7567568,439.5405405,112.8756757,200.9675676,184.6162162
218,115.0967742,107.2473118,147.2419355,292.5591398,414.7903226,228.3064516,438.0537634,110.7473118,198.4516129,179.9731183
219,120.7526882,109.6236559,147.5913978,298.0053763,408.8064516,240.3333333,442.2795699,107.9086022,196.6397849,177.8387097
220,126.8870968,111.6290323,148.4946237,302.7903226,402.1989247,247.1774194,451.1505376,106.6989247,195.1236559,180.8817204
221,129.4759358,112.4652406,150.2887701,308.5187166,400,246.2673797,458.0481283,107.7058824,194.4705882,184.7112299
222,130.9312169,111.5343915,151.026455,311.2222222,402.7248677,238.8994709,461.2910053,108.4973545,193.9259259,184.8359788
223,134.3473684,113.9842105,151.4526316,314.0105263,411.0263158,232.3947368,471.8368421,109.1894737,194.0157895,185.8052632
224,136.6666667,117.6878307,152.4021164,317.2116402,420.3862434,230.8359788,488.7037037,110.021164,195.9417989,189.031746
225,136.3631579,117.6473684,152.8473684,320.0210526,423.1263158,233.9,494.9526316,110.3105263,198.4526316,190.4421053
226,137.9473684,118.9578947,153.3210526,323.2684211,425.9421053,240.1842105,492.4105263,111.4210526,202.6842105,191.4684211
227,138.0631579,122.5894737,154.0684211,326.5894737,431.7052632,244.7157895,485,111.9105263,206.5789474,194.6105263
228,137.8177083,125.5104167,155.1614583,330.859375,438.484375,246.4010417,475.640625,110.3229167,207.4895833,199.0572917
229,139.9010417,123.9479167,155.6666667,336.4583333,444.0677083,246.2291667,473.5208333,108.5416667,206.7447917,201.5260417
230,142.7864583,121.5104167,154.8541667,334.8854167,445.0572917,240.3020833,473.7291667,107.3125,204.4322917,199.6979167
231,144.5885417,119.6666667,154.0625,328.546875,444.203125,232.9479167,472.1770833,107.125,202.234375,197.515625
232,146.3608247,119.0979381,151.3814433,321.4381443,438.7525773,222.5515464,467.1494845,106.9175258,200.9639175,195.6804124
233,150.7794872,120.4512821,149.4205128,319.9384615,442.2153846,217.8461538,470.3487179,107.9641026,201.0512821,198.7692308
234,157.371134,120.8350515,148.5773196,322.9072165,448.943299,221.371134,477.242268,109.2319588,199.7835052,201.742268
235,160.2615385,118.6666667,147.2717949,326.8,449.3487179,227.8717949,479.0410256,109.6923077,198.4564103,199.6564103
236,161.5076923,119.3179487,147.0615385,334.3384615,444.7641026,234.5333333,481.0205128,110.6,200.2102564,198.9025641
237,162.6410256,124.025641,147.0666667,341.6102564,442.0564103,238.6,477.9384615,110.6358974,200.7128205,199.6
238,167.9487179,130.5538462,148.3589744,349.6,445.4307692,241.4974359,468.9897436,110.4615385,200.5435897,200.2974359
239,175,140.1683673,150.1020408,354.3112245,448.7244898,241.9897959,463.7755102,110.1020408,199.0561224,199.877551
240,178.9744898,147.9030612,153.3214286,356.627551,451.6173469,239.5510204,469,110.9591837,197.5,200
241,182.372449,147.7193878,156.4132653,361.3214286,455.9081633,235.2755102,473.9897959,113.5918367,195.2602041,200.6887755
242,188,145.2994924,157.5482234,372.6192893,464.2741117,231.9593909,475.6954315,116.2690355,194.8629442,203.6142132
243,191.2121212,143.489899,158.3535354,385.959596,471.510101,233.6818182,478,118.2222222,196.1919192,206.5555556
244,193.4494949,141.4747475,159.6464646,397.6818182,483.1464646,239.1313131,480.4949495,119.7222222,199.2979798,207.3787879
245,200.1212121,141.6868687,160.989899,402.3939394,484.7070707,240.7525253,482.9292929,121.8535354,200.9040404,207.5555556
246,211.2211055,137.9949749,162.1557789,401.7788945,465.6984925,239.6130653,485.1557789,123.2110553,199.6281407,207.2964824
247,225.160804,133.281407,164.2613065,403.2512563,452.2311558,241.2512563,495.6231156,125.6432161,199.3366834,212.8693467
248,244.4522613,131.5728643,165.0603015,404.5979899,449.3366834,245.160804,504.1859296,129.9296482,200.7386935,221.6884422
249,265.395,135.38,163.405,406.17,450.845,248.65,506.665,133.89,200.715,223.88
250,275.455,139.57,162.805,414.68,460.26,252.7,511.405,135.145,203.61,222.78
251,264.5920398,149.039801,162.5174129,419.8756219,470.4328358,255.2935323,519.7810945,132,209.1492537,224.7164179
252,247.7722772,157.0643564,163.3465347,425.2475248,483.8861386,262.9158416,526.0544554,127.5544554,215.7178218,234.7227723
253,246.3382353,155.25,164.6519608,429.8137255,495.2107843,272.2990196,519.5,124.2794118,219.8088235,248.3382353
254,250.4780488,152.5073171,165.6829268,431.4146341,507.9658537,276.0341463,513.4097561,124.4634146,224.8341463,262.1268293
255,253.3834951,147.223301,165.8252427,425.7669903,515.6893204,263.9417476,508.5194175,127.1504854,227.1165049,266.7281553
256,256.5458937,144.8599034,166.2077295,416.2077295,519.2028986,240.3719807,507.5603865,131.4396135,227.2753623,260.2753623
257,255.125,143.9519231,165.4759615,403.8028846,523.4759615,219.3269231,514.4471154,135.875,227.2932692,253.9663462
258,255.7177033,146.0717703,164.3349282,393.0909091,532.3684211,206.3253589,521.7799043,139.5263158,228.6698565,252.3397129
259,257.1904762,148.6666667,163.9333333,386.5333333,547.2761905,198.1571429,526.7238095,141.8380952,227.3761905,250.1571429
260,263.9241706,148.3696682,163.3601896,383.0853081,565.478673,192.971564,535.971564,144.2511848,222.6729858,245.6350711
261,279.028436,150.7251185,164.5734597,381.1421801,582.9763033,190.8246445,547.2748815,145.6966825,217.042654,241.9952607
262,286.1745283,153.1421801,165.1462264,374.1792453,592.6792453,189.7488152,543.754717,144.1706161,211.004717,236.3679245
263,281.2641509,154.0235849,165.9198113,370.7075472,612.5283019,190.5,544.3066038,141.7877358,209.740566,232.0377358
264,267.4858491,158.5896226,164.0330189,363.9811321,634.8207547,194.4150943,543.4433962,139.7169811,207.9669811,231.9764151
265,264.6415094,166.1273585,161.9575472,358.1556604,659.254717,199.4150943,541.0330189,136.9669811,204.5518868,231.1273585
266,264.5660377,168.4811321,161.5283019,355.2122642,681.4056604,204.4009434,536.5754717,133.6509434,200.4433962,229.1415094
267,256.4386792,166.8867925,160.7971698,353.5707547,695.1084906,205.5943396,527.4245283,129.8349057,196.490566,227.5424528
268,249.5023474,164.6713615,160.2347418,350.4084507,707.9859155,205.7558685,521.7840376,126.629108,194.056338,225.7981221
269,253.629108,170.4882629,161.8779343,346.4413146,733.0516432,210.0610329,523.3849765,125.6948357,197.6760563,226.3849765
270,255.6056338,182.9577465,163.1971831,342.7323944,750.4037559,213.1032864,522.6338028,125.5492958,199.7558685,228.1079812
271,245.3598131,193.0514019,162.4158879,338.8504673,761.953271,214.1495327,523.4906542,125.9672897,200.0607477,226.3084112
272,236.4859813,203.3551402,163.2009346,335.4579439,789.7616822,218.7383178,533.6588785,128.5841121,202.3364486,224.5327103
273,229.3364486,221.9252336,163.7663551,326.8037383,814.6214953,221.2757009,538.8364486,129.9953271,201.5233645,223.9345794
274,224.0837209,237.2093023,162.5906977,315.4511628,831.6418605,220.3162791,535.0093023,128.9488372,199.9674419,225.5255814
275,226.6232558,240.3023256,162.1302326,309.1395349,851.2,221.9209302,535.427907,127.4186047,201.6046512,233.6651163
276,225.8465116,232.9581395,161.427907,304.0744186,859.8697674,223.4,536.144186,125.027907,202.0837209,243.3953488
277,217.1944444,223.5138889,160.3611111,296.6944444,858.4907407,222.25,533.5324074,121.5185185,200.6481481,248.4953704
278,213.4186047,220.0418605,161.4883721,292.9488372,866.8186047,222.3023256,535.3813953,119.9395349,201.8186047,251.4325581
279,200.1581395,219.7860465,160.8837209,285.7627907,859.2837209,217.8883721,526.7488372,118.3348837,202.0465116,251.9488372
280,189.5509259,225.5509259,159.6851852,281.037037,842.2638889,211.2731481,511.1712963,117.9953704,200.4722222,254.0833333
281,185.8018433,229.0506912,159.9354839,284.3179724,835.516129,208.3548387,501.8525346,118.4976959,200.4101382,253.5483871
282,177.5668203,241.6036866,160.1658986,284.8894009,841.2995392,208.3502304,496.1474654,118.0967742,200.6635945,252.437788
283,165.9770642,251.059633,160.1055046,276.4587156,845.9495413,210.3623853,489.5091743,117.1834862,199.2431193,250.0045872
284,153.3761468,247.4449541,160.233945,267.0412844,856.5183486,217.3807339,489.8669725,116.706422,197.6788991,247.2110092
285,148.8842593,239.5972222,160.8240741,263.3009259,870.4074074,224.8148148,494.0138889,116.9953704,197.8009259,245.3287037
286,146.3194444,233.5092593,159.3055556,260.8796296,875.4814815,221.4768519,492.0277778,116.0972222,199.1574074,244.0324074
287,144.4675926,231.4537037,158.2453704,261.5185185,883.3842593,212.587963,490.1018519,115.1296296,202.1435185,249.0416667
288,140.7953488,237.1348837,157.1953488,265.8046512,890.4976744,206.3069767,491.4651163,114.6046512,204.9906977,255.1534884
289,137.7990654,244.7009346,157.3364486,274.2336449,913.3457944,203.7663551,497.5,115.0420561,207.2570093,257.6728972
290,141.0934579,255.0794393,157.6261682,279.588785,940.9485981,203.7570093,498.5700935,114.7850467,208.7336449,255.8271028
291,149.9299065,272.9906542,158.1028037,280.7897196,960.6542056,206.1448598,494.6495327,113.6682243,209.6448598,250.9392523
292,155.0610329,298.342723,159.084507,284.7370892,970.6338028,208.7323944,491.1643192,112.42723,208.8356808,244.4413146
293,152.1137441,305.2654028,160.478673,293.7014218,976.4312796,209.3507109,494.9004739,111.3507109,204.4312796,236.1374408
294,143.3666667,278.7142857,161.8285714,306.7,988.1857143,207.8380952,508.0285714,111.0047619,199.7571429,231.0952381
295,137.3047619,232.9904762,160.8857143,314.8,992.6714286,203.8761905,521.5380952,110.7809524,196.2142857,226.9666667
296,135.7799043,208.6746411,158.5885167,315.3971292,1002.028708,198.937799,534.0239234,110.7320574,194.6937799,220.8086124
297,137.468599,205.0289855,159.6666667,312.7198068,1027.57971,198.6086957,543.0531401,111.884058,195.3140097,215.9371981
298,135.5631068,205.3495146,160.3300971,304.7184466,1047.271845,198.7669903,539.5339806,111.6650485,195.4563107,211.6067961
299,134.5485437,213.5631068,159.8009709,296.8592233,1057.728155,200.8932039,532.1699029,110.8300971,196.9174757,208.8883495
300,137.8682927,209.8341463,159.5609756,293.6390244,1065.102439,205.6682927,525.5707317,110.9073171,199.697561,210.2536585
301,140.9317073,196.7609756,157.9219512,292.7609756,1061.429268,208.0097561,513.0097561,110.3804878,200.3121951,213.8731707
302,145.1280788,182.6305419,158.226601,296.3152709,1062.891626,212.270936,507.9458128,111.0985222,202.4285714,218.4630542
303,140.3134328,173.4029851,159.0547264,296.4875622,1057.293532,217.5572139,504.39801,111.0099502,203.0746269,216.4129353
304,135.035,175.35,161.37,295.585,1052.335,220.64,505.37,110.69,203.695,212.085
305,132.53,172.48,161.875,292.875,1050.105,217.51,508.16,109.46,206.35,208.73
306,131.2070707,156.0151515,162.7070707,296.3383838,1063.444444,214.6767677,516.7424242,109.3282828,213.0505051,209.8787879
307,131.7411168,144.2588832,162.680203,302.4873096,1064.954315,211.2741117,528.8121827,109.3299492,217.5482234,211
308,131.5,141.510101,162.1767677,304.1111111,1038.767677,204.4393939,540.0151515,108.9848485,216.9040404,211.5959596
309,129.6071429,143.8112245,163.5153061,305.9081633,1014.556122,198.4387755,543.8163265,110.1530612,217.7908163,215.1071429
310,125.2717949,143.1333333,163.4717949,308.4410256,991.1230769,196.5076923,531.8769231,110.4102564,219.5538462,217.2102564
311,123.6787565,147.3989637,164.4196891,316.1606218,999.2435233,198.1606218,525.4196891,110.4507772,223.1243523,218.5492228
312,121.388601,151.6891192,164.0518135,321.5129534,1022.170984,197.6165803,524.5284974,110.0207254,224.5129534,215.1139896
313,118.765625,146.9427083,162.5052083,328.5104167,1053.223958,197.9635417,523.7864583,109.8854167,225.7864583,210.6041667
314,117.5759162,137.1675393,160.2774869,335.4502618,1081.91623,198.6335079,519.3141361,108.7486911,223.5863874,203.2931937
315,118.1623037,137.0157068,161.5183246,340.1256545,1114.780105,202.8691099,516.0680628,108.3141361,223.7225131,199.7958115
316,119.2513089,142.0210526,162.4554974,339.2473684,1132.659686,206.8219895,512.9162304,107.513089,228.0736842,200.9789474
317,119.4789474,143.6684211,161.5789474,336.3315789,1142.836842,210.1789474,511.4052632,107.8473684,228.7421053,202.0578947
318,118.6526316,138.6526316,160.3684211,336.9473684,1138.394737,212.4263158,508.0684211,108.5368421,229.0105263,201.7210526
319,121.3015873,129.2539683,159.7407407,337.7248677,1127.380952,210.2275132,505.4285714,108.0952381,229.994709,197.3333333
320,127.0744681,125.1595745,160.0478723,343.1755319,1125.25,208.1861702,510.2659574,108.3297872,233.6276596,194.8617021
321,130.3048128,120.8235294,159.657754,347.2673797,1126.128342,206.5454545,507.0641711,108.3796791,235.1657754,194.7379679
322,132.8404255,117.5106383,159.2446809,347.2606383,1112.558511,201.3617021,498.1542553,107.0585106,234.787234,194.3244681
323,135.0213904,120.1122995,159.7860963,350.0534759,1101.064171,197.1604278,494.4438503,107.6524064,238.1871658,194.8181818
324,135.5215054,121.9408602,158.172043,353.2204301,1083.758065,191.7580645,489.1290323,109.0591398,239.8978495,195.5215054
325,137.2956989,124.0752688,157.2473118,360.8333333,1074.392473,189.5860215,492.1505376,110.4784946,240.3655914,197.5537634
326,141.3945946,120.5027027,156.3675676,367.5297297,1066.637838,190.5189189,496.2918919,109.4162162,238.0324324,198.7621622
327,144.3405405,116.9945946,154.9189189,374.4648649,1037.897297,191.4378378,495.4324324,107.4054054,237.6540541,197.4
328,140.983871,116.8870968,153.2473118,378.3548387,1003.435484,191.7258065,492.8924731,106.5322581,238.5053763,195.0591398
329,136.9293478,117.7228261,154.701087,381.5163043,985.9293478,194.6413043,502.7282609,107.0706522,241.8369565,195.701087
330,132.7391304,115.3804348,156.9076087,381.2608696,980.9891304,195.5597826,510.3913043,106.8804348,239.1304348,194.1467391
331,133.136612,113.4153005,160.6830601,380.2404372,1011.04918,198.3715847,517.8415301,108.1967213,237.5901639,192.1584699
332,134.6195652,110.6195652,161.9021739,370.3043478,1037.777174,199.5054348,513.875,108.2771739,236.2934783,184.3804348
333,137.3206522,108.3478261,162.0923913,358.9565217,1057.826087,201.173913,506.7608696,107.0271739,235.8695652,176.5
334,136.6153846,109.043956,162.1813187,355.9945055,1071.467033,204.6153846,505.1868132,107.6978022,238.9010989,174.0384615
335,129.1038251,108.5191257,160.7213115,356.6284153,1053.628415,203.3497268,499.0437158,108.0601093,241.0546448,174.3661202
336,124.201087,108.3606557,159.923913,358.7826087,1026.592391,201.1304348,492.4673913,107.9289617,243.0163043,176.4891304
337,121.1092896,109.9945355,159.6612022,362.2459016,1012.513661,199.2786885,490.6065574,105.6393443,244.8032787,180.0928962
338,116.7197802,113.5494505,158.9230769,362.4065934,1001.824176,196.2527473,486.543956,104.1758242,244.8131868,183.7142857
339,114.1657459,116.3812155,160.1712707,362.4475138,990.961326,196.679558,485.1049724,105.0828729,248.6629834,186.6298343
340,115.2527473,113.8351648,159.2197802,360.3736264,962.7692308,198.0989011,479.6538462,105.010989,250.2142857,184.6703297
341,121.6978022,113.3241758,157.4120879,357.8186813,960.4120879,201.6318681,484.5604396,106.4120879,253.8351648,182.8681319
342,125.7016575,112.9668508,155.5303867,356.8232044,970.6629834,202.4309392,498.6187845,108.2265193,254.7624309,181.160221
343,123.05,113.5611111,153.95,351.2166667,967.640884,200.121547,506.5801105,108.8611111,249.9055556,178.0165746
344,120.2611111,114.4611111,153.2555556,341.6166667,981.3888889,204.1055556,513.3055556,109.2055556,246.4166667,178.3777778
345,121.8044693,115.9329609,154.6648045,338.396648,1001.843575,208.0670391,519.3910615,110.1396648,249.5027933,181.396648
346,122.2722222,117.4611111,154.8388889,336.2666667,995.0333333,204.45,519.4555556,109.7333333,252.2388889,183.1166667
347,123.1944444,120.5888889,156.0222222,338.0333333,985.9388889,198.8611111,519.15,110.0944444,254.9111111,185.4388889
348,121.726257,121.5307263,157.8156425,345.9106145,995.1955307,197.1843575,511.9162011,110.8156425,255.8659218,186.9888268
349,122.5280899,118.7921348,160.0561798,363.3202247,1025.820225,196.8033708,501.9606742,111.8651685,258.4044944,188.7191011
350,122.4494382,114.6404494,160.9157303,372.7191011,1055.685393,193.7303371,489.5280899,111.752809,258.6123596,187.2640449
351,121.5875706,113.4745763,162.779661,366.8361582,1070.926554,192.079096,482.1864407,111.5706215,257.6553672,183.1977401
352,124.0628571,115.88,167.88,358.16,1073.88,191.9028571,483.2514286,112.5428571,256.6228571,179.5371429
353,124.52,116.3257143,169.7314286,352.5771429,1047.92,187.8114286,481.6571429,111.0571429,250.6685714,175.8857143
354,123.1724138,116.6321839,168.8275862,352.2873563,1026.655172,184.9942529,484.7758621,109.5344828,247.6264368,176.8563218
355,122.2209302,116.0348837,167.4825581,349.3255814,1020.540698,185.7151163,493.3023256,110.6860465,250.8430233,181.3546512
356,119.4127907,114.122093,165.4186047,334.6918605,1005.790698,185.3139535,493.2674419,110.5697674,254.8197674,180.9244186
357,116.8058824,115.4,167.4235294,320.7647059,1015.294118,185.6823529,497.7058824,109.5823529,262.8529412,179.8470588
358,117.8461538,119,169.0059172,304.6153846,1031.763314,185.8994083,502.4201183,108.2781065,266.0473373,179.0828402
359,122.1309524,124.4821429,169.827381,291.7083333,1039.130952,186.9107143,515.4345238,108.5119048,266.5833333,181.1607143
360,124.6845238,123.3333333,168.0654762,280.2321429,1019.005952,187.297619,522.5952381,107.9107143,266.0892857,182.8988095
361,129.7185629,121.497006,165.9640719,273.6646707,1012.443114,192.251497,524.6227545,107.1377246,266.3952096,183.4491018
362,137.3192771,122.8855422,164.6626506,272.7349398,1030.722892,196.0963855,525.6686747,106.8493976,264.753012,182.6385542
363,142.2424242,122.3393939,163.1939394,272.7575758,1052.024242,192.4969697,525.2848485,107.0666667,262.6909091,180.9454545
364,145.6219512,120.2195122,163.6280488,272.6036585,1068.493902,190.2560976,523.5426829,108.1036585,264.4939024,181.25
365,146.8466258,116.9447853,165.6871166,270.0920245,1084.411043,192.5276074,522.4662577,107.8588957,270.0184049,184.5337423
366,148.6851852,114.1481481,168.4382716,270.4691358,1122.209877,199.1790123,524.8641975,107.1419753,275.2469136,187.8148148
367,150.1049383,112.5061728,169.4320988,269.6111111,1158.932099,205.845679,523.882716,106.2962963,272.9444444,186.7098765
368,147.7222222,115.5776398,170.3850932,267.3913043,1177.074074,209.0559006,518.7839506,106.4968944,268.6149068,184.3602484
369,150.5471698,118.8176101,172.4213836,269.2075472,1207.062893,208.6352201,522.2641509,107.8490566,267.9874214,183.3522013
370,152.1257862,119.1383648,173.8742138,268.6666667,1219.144654,202.6163522,515.8679245,109.427673,269,181.918239
371,153.2264151,116.5408805,176.0628931,264.9937107,1242.836478,195.1572327,508.3710692,111.1886792,275.8050314,180.7106918
372,160.4654088,114.7798742,177.5660377,256.0691824,1270.754717,191.2327044,504.9811321,112.0754717,289.8993711,180.4213836
373,178.8101266,115.3797468,177.7468354,244.6835443,1292.993671,191.0316456,505.3544304,112.6835443,309.0949367,183.0696203
374,208.5987261,120.4394904,180.2929936,234.3566879,1309.248408,195.7070064,505.8089172,115.5859873,329.133758,189.3121019
375,237.4358974,124.1987179,184.4807692,223.5769231,1313.269231,204.7628205,512.5897436,118.1602564,347.7115385,195.6410256
376,264.6666667,123.7948718,187.2692308,217.224359,1299.064103,215.6666667,525.3397436,119.8141026,365.9423077,199.5897436
377,295.0897436,125.4294872,188.025641,219.1474359,1290.076923,227.1346154,541.2564103,120.3653846,387.3461538,200.9166667
378,322.2435897,128.7179487,189.6474359,223.224359,1293.141026,237.1089744,559.8653846,120.2371795,407.775641,202.1923077
379,349.9230769,132.1474359,190.6987179,222.6987179,1310.307692,235.75,573.2307692,119.3974359,424.7948718,204.724359
380,379.2129032,135.716129,191.1483871,216.7483871,1346.283871,225.5419355,573.0580645,118.1677419,442.3032258,207.8774194
381,409.6168831,133.6428571,189.6688312,213.8051948,1374.285714,217.7207792,575.1558442,115.3506494,455.6233766,210.8441558
382,421.8116883,129.7597403,186.1948052,210.4155844,1380.824675,212.2467532,586.0779221,112.3246753,458.3116883,211.7012987
383,421.025974,131.2337662,183.0454545,207.6883117,1376.935065,206.7077922,589.5779221,111.4805195,456.0064935,213.6168831
384,433.9346405,146.1176471,180.3856209,207.3398693,1382.071895,204.8039216,584.5490196,113.3333333,454.4509804,218.7973856
385,437.3157895,166.4342105,178.0921053,205.7039474,1384.802632,206.8552632,574.3157895,115.4078947,451.3684211,223.9802632
386,434.3289474,177.5328947,177.8684211,202.2302632,1387.532895,206.875,558.75,116.7960526,449.3486842,228.3421053
387,438.06,176.3133333,181.0533333,200.22,1412.126667,211.5666667,547.94,118.9533333,452.6066667,236.78
388,432.8266667,174.3266667,182.1133333,194.2066667,1427.793333,214.4933333,540.1066667,120.8333333,446.6933333,244.46
389,432.8255034,183.114094,182.6979866,186.8053691,1443.348993,216.1543624,543.5302013,121.8053691,441.4295302,252.5167785
390,442.7449664,187.8590604,183.7315436,179.7785235,1436.52349,214.9060403,553.2885906,120.4362416,435.0671141,259.8926174
391,464.0202703,188.3040541,187.3310811,172.8310811,1420.993243,211.7364865,569.4459459,119.2972973,433.1216216,272.2567568
392,469.75,188.5608108,190.0878378,167.3243243,1389.993243,204.2837838,579.5540541,116.0540541,436.1756757,291.5743243
393,465.4794521,195.5479452,193.3972603,168.1027397,1367.424658,197.9863014,592.5410959,113.8493151,450.0479452,320.760274
394,457.8206897,205.1655172,194.4896552,169.6,1339.42069,195.5655172,593.3931034,112.3517241,457.0896552,349.6413793
395,445.5241379,215.6551724,194.7172414,167.2137931,1333.193103,197.7241379,588.7241379,111.7310345,458.5310345,379.7793103
396,432.9236111,231.9791667,195.2291667,162.9861111,1337.715278,202.7777778,591.0694444,113.5555556,463.2361111,412.2291667
397,421.0486111,255.7430556,193.8055556,155.2986111,1316.048611,202.6111111,594.1319444,114.5763889,469.0763889,437.4097222
398,409.0763889,284.8819444,191,146.5069444,1281.618056,198.125,591.1875,114.2777778,473.6736111,457.0416667
399,399.6713287,315.6713287,188.9440559,142.5384615,1268.692308,196.993007,589.3776224,114.8251748,475.8181818,477.6573427
400,385.3732394,316.2042254,186.2323944,142.528169,1239.56338,202.3450704,585.1197183,115.5422535,472.7957746,493.4647887
401,370.9225352,307.5352113,181.4084507,144.556338,1189.971831,214.2605634,578.6056338,115.2394366,466.9225352,501.1619718
402,384.0352113,291.7816901,177.7746479,146.3521127,1153.866197,236.084507,572.971831,114.7464789,458.028169,500.2183099
403,384.9014085,308.5985915,176.4084507,144.0070423,1151.633803,262.584507,571.2464789,113.6619718,445.4366197,502.5352113
404,361.4055944,330,173.3776224,135.7622378,1164.020979,276.6083916,562,111.027972,427.8181818,503.2167832
405,333.9929577,355.2887324,172.3943662,127.6830986,1194.704225,279.0492958,555.4366197,109.7746479,414.4366197,515.8802817
406,302.4965035,355.020979,170.4055944,123.0699301,1196.79021,267.2027972,547.2447552,108.013986,394.7272727,528.1818182
407,279.2867133,324.3006993,171.4055944,125.4755245,1182.384615,256.4895105,547.4195804,106.9370629,374.5454545,540.3986014
408,246.7272727,283.0979021,175.7622378,130.6923077,1161.496503,253.2097902,548.4895105,105.7132867,354.6713287,548.6503497
409,208.625,248.3125,180.7152778,135.4861111,1143.736111,251.8125,543.6597222,104.2777778,339.4722222,551.0625
410,179.5833333,223.9305556,185.5277778,141.6180556,1148.486111,247.0902778,542.4652778,103.5347222,335.6875,561.0833333
411,162.8811189,209.3706294,190.034965,146.4055944,1165.804196,238.5944056,548.4615385,104.6293706,338.2797203,575.3776224
412,150.0839161,193.2587413,194.5874126,145.4475524,1167.867133,230.1538462,549.4195804,107.951049,333.6923077,574.3496503
413,140.6293706,175.3216783,199.7202797,142.2237762,1174.13986,229.7622378,547.5384615,113.3496503,323.4055944,569.2937063
414,132.2551724,168.6206897,203.2551724,137.4551724,1182.565517,227.9517241,542.2965517,117.9586207,314.6689655,565.6344828
415,127.4896552,171.4965517,207.1103448,136.2689655,1202.296552,220.9310345,547.4482759,121.5103448,315.9517241,576.3793103
416,128.1172414,169.7517241,210.4068966,136.4758621,1198.848276,209.0068966,550.5517241,122.0344828,315.6206897,589.6413793
417,128.3541667,166.4097222,218.2638889,141.0694444,1183.131944,201.7222222,551.6041667,121.7083333,312.4722222,598.0277778
418,124.3150685,164.4109589,230.1712329,144.4315068,1147.506849,200.1643836,546.6164384,118.9383562,302.0068493,588.760274
419,120.7534247,173.0958904,245.7054795,147.9041096,1144.116438,206.109589,556.1506849,117.6369863,295.6575342,586.6232877
420,119.8082192,181.6122449,250.6734694,149.2191781,1146.176871,209.8843537,561.1836735,117.2054795,290.3401361,580.0884354
421,119.1712329,180.9726027,252.0342466,151.3082192,1166.328767,212.9520548,566.8082192,117.9931507,294.3013699,572.9794521
422,119.1836735,176.2721088,249.6598639,153.292517,1163.408163,211,564.5510204,118.8027211,297.3265306,557.7755102
423,119.5067568,173.5878378,250.4662162,154.1081081,1161.013514,209.0743243,566.2364865,119.2702703,297.2364865,549.0135135
424,116.9256757,173.0810811,255.2364865,151.9594595,1163.445946,207.3918919,572.9797297,118.277027,294.8918919,546.8243243
425,112.7414966,178.9659864,266.3469388,150.0816327,1175.816327,206.8503401,581.1088435,116.3469388,295.6802721,549.9659864
426,110.5540541,184.8445946,280.5878378,148.9391892,1184.655405,205.0472973,581.9189189,112.8445946,298.4256757,551.9324324
427,111.1756757,182.4662162,296.8445946,150.2635135,1194.371622,202.6283784,585.7297297,110.5810811,300.2297297,549.972973
428,112.2080537,178.3221477,310.8187919,150.7181208,1189.469799,199.7852349,588.9463087,109.5033557,297.4697987,534.6442953
429,112.033557,171.8322148,328.2818792,149.704698,1184.973154,199.4899329,589.1208054,110.3624161,297.0067114,524.3422819
430,109.8266667,154.8466667,343.58,147.4533333,1172.12,200.48,577.72,111.58,299.2066667,519.3266667
431,108.2516556,140.4039735,358.1655629,147.384106,1163.165563,198.9205298,562,112.7549669,304.7350993,514.1854305
432,108.2565789,134.8223684,374.7828947,148.1118421,1169.736842,196.0197368,553.1644737,113.6710526,311.2697368,510.2894737
433,106.5328947,132.8355263,392.7763158,150.1513158,1189.151316,195.1118421,559.2960526,113.3223684,318.1973684,510.4934211
434,105.6315789,133.3618421,405.3552632,150.4605263,1197.940789,195.0197368,571.6513158,112.8486842,322.9934211,507.0592105
435,107.0986842,136.8552632,416.2894737,147.0460526,1198.730263,195.1907895,588.4934211,113.8947368,324.9210526,499.8223684
436,110.3026316,141.4934211,429.1842105,140.6184211,1199.921053,195,613.6447368,115.7763158,322.8355263,485.4210526
437,109.6732026,142.0653595,437.3660131,136.6732026,1188.098039,194.5882353,637.1372549,116.8104575,322.2287582,466.1699346
438,109.0653595,137.9542484,447.0718954,137.9150327,1177.045752,195.3660131,650.2026144,117.3594771,326.5294118,455.4379085
439,106,129.9220779,452.8896104,138.8831169,1165.415584,196.3506494,647.0909091,115.461039,326.512987,444.6948052
440,107.012987,123.2597403,457.9480519,138.2337662,1155.344156,195.987013,637.4220779,111.0649351,324.9935065,430.5584416
441,109.0844156,120.5844156,464.8441558,138.2207792,1155.967532,193.6883117,631.3961039,106.7207792,323.474026,416.9155844
442,109.3051948,119.4415584,468.5974026,138.3896104,1165.915584,190.6103896,621.3246753,105.4545455,321.6818182,405.0454545
443,106.683871,117.4580645,465.1096774,137.3806452,1178.16129,188.6709677,605.2709677,106.3548387,320.8645161,392.0387097
444,104.6709677,116.1935484,463.4064516,135.3290323,1200.548387,194.2645161,600.483871,108.7612903,325.4774194,377.9806452
445,104.2709677,115.7354839,464.0451613,131.7354839,1209.529032,204.2258065,611.5419355,110.6516129,333.6,365.0387097
446,106.5320513,114.8589744,463.9487179,129.0705128,1192.775641,212.1474359,628.5961538,111.275641,341.6346154,349.8653846
447,110.0382166,114.6369427,468.4840764,128.6624204,1167.840764,213.5159236,633.2356688,110.2229299,344.7643312,336.3121019
448,111.7307692,114.6153846,479.0705128,129.6410256,1148.852564,208.6987179,633.9102564,109.8012821,346.3653846,334.9935897
449,109.974359,115.0064103,490.5512821,129.5897436,1130.096154,205.5576923,641.8141026,109.1346154,350.0128205,334.9294872
450,110.7371795,118.3910256,508.2628205,129.7307692,1125.698718,205.5897436,658.0576923,108.6346154,360.8782051,334.3141026
451,107.5506329,117.4493671,529.9556962,126.3797468,1099.594937,202.9493671,666.0063291,108.4620253,372.2911392,331.0443038
452,106.1582278,115.2658228,558.9177215,121.8417722,1069.702532,200.1962025,673.1329114,109.6582278,382.1582278,327.3734177
453,106.8037975,114.1835443,583.3924051,119.3734177,1042.006329,194.1075949,675.4556962,110.8037975,385.7848101,328.3417722
454,108.8598726,116.1082803,607.4267516,120.4968153,1052.273885,189.7898089,688.9490446,113.1146497,393.7006369,336.6751592
455,111.1257862,119.2012579,617.5534591,118.7358491,1073.522013,189.6163522,707.4402516,114.3144654,396.3773585,339.6163522
456,112.175,122.4875,622.0875,113.1,1075.30625,194,725.49375,114.3625,399.39375,341.61875
457,117.11875,124.7875,632.25625,108.825,1050.8375,199.2875,723.7625,114.75625,406.7625,340.925
458,119.2546584,120.1987578,643.1304348,106.3602484,999.5403727,198.6149068,708.2298137,114.1242236,410.3850932,333.5217391
459,116.1481481,114.7160494,657.0185185,106.8148148,964.6049383,194.7530864,697.3148148,112.8641975,408.8580247,319.6358025
460,114.3478261,114.3354037,670.9503106,111.2298137,960.5403727,193.0434783,702.863354,113.2298137,408.8757764,308.4596273
461,111.8950617,115.4012346,676.6419753,114.6234568,949.5123457,193.5679012,699.7407407,112.7407407,401.3148148,302.9444444
462,110.4012346,117.1790123,689.3209877,115.8271605,947.8950617,196.7469136,691.4567901,112.5617284,391.0987654,301.3148148
463,112.4907975,116.7791411,700.5276074,117.1472393,957.202454,200.7055215,682.9386503,112.5889571,383.7116564,295.8650307
464,115.152439,117.2256098,698.7926829,119.4817073,975.1646341,207.1036585,676.3658537,112.5,386.0609756,290.347561
465,115.3414634,116.8414634,683.7073171,118.7682927,1005.835366,215.7195122,674.0060976,112.7012195,395.7682927,285.1768293
466,115.4268293,116.9085366,675.0365854,115.2317073,1032.463415,223.347561,678.4573171,114.5182927,406.8170732,282.9207317
467,116.4909091,117.1212121,679.4484848,112.2,1047.50303,228.3090909,696.3636364,117.1454545,418.0666667,282.4909091
468,119.3030303,118.7454545,686.4484848,111.9454545,1050,232.5151515,708.1636364,118.5212121,419.6666667,276.5515152
469,124.439759,117.6686747,691.3915663,114.4879518,1046.644578,236.2951807,700.7650602,118.0120482,412.0481928,268.4096386
470,131.005988,118.2215569,705.3652695,116.9638554,1050.676647,239.8443114,697.7305389,117.8982036,406.257485,263.1796407
471,138.75,121.9702381,729.7559524,114.875,1063.392857,240.9285714,701.8988095,118.1964286,406.2321429,257.8333333
472,145.9107143,123.491018,754.3786982,112.0238095,1078.755952,241.8392857,707.8333333,118.7083333,403.4940476,254.9940476
473,156.9821429,120.7738095,789.0595238,112.4821429,1096.553571,247.6488095,714.4107143,120.75,395.1785714,253.5535714
474,167.5088757,119.4378698,808.7337278,114.2366864,1096.970414,255.5207101,710.9822485,120.7810651,382.7869822,248.5384615
475,175.0823529,118.1352941,821.9941176,115.0352941,1091.117647,270.4529412,702.2588235,118.7058824,372.5,241.6529412
476,182.9823529,118.1823529,832.9882353,113.5352941,1084.729412,290.1294118,692.9176471,116.8529412,371.5176471,232.5529412
477,193.5176471,117.5647059,836.6235294,109.8529412,1085.682353,313.9411765,686.3411765,115.8823529,374.2764706,223.9823529
478,204.8953488,114.7790698,826.5930233,105.4418605,1071.872093,331.7209302,686.5988372,115.127907,368.3953488,216.1569767
479,225.128655,114.5672515,842.3859649,105.4385965,1094.204678,353.3859649,720.0467836,118.5321637,369.8421053,218.005848
480,246.8304094,114.9473684,863.8538012,105.7134503,1110.22807,378.4853801,754.0350877,120.5380117,371.0116959,223.7836257
481,267.005814,116.627907,883.5465116,106.5174419,1130.860465,406.0174419,777.627907,120.7267442,366.7616279,229.3023256
482,297.9306358,119.6763006,902.8034682,107.1676301,1155.971098,423.6820809,798.2774566,120.8323699,356.9132948,230.6820809
483,341.1040462,126.1445087,925.6069364,107.2254335,1165.468208,436.6473988,824.6011561,121.0635838,347.3872832,228.8843931
484,392.8208092,137.0289017,935.8381503,107.6589595,1157.479769,456.7398844,844.9653179,119.6127168,343.4393064,227.1560694
485,437.9482759,147.8735632,934.2126437,109.5114943,1147.304598,492.3275862,857.2586207,118.3908046,343.7183908,227.9885057
486,470.7586207,156.6666667,936.7183908,112.7126437,1159.258621,537.5172414,876.8793103,120.637931,344.6436782,232.4942529
487,494.4597701,153.2931034,939.1034483,112.1091954,1170.16092,572.7183908,888.5747126,123.4655172,342.3735632,233.0862069
488,524.1828571,144.7028571,944.9942857,107.7142857,1175.228571,614.8342857,881.4628571,126.4114286,335.4228571,231.32
489,566.4715909,141.1590909,957.1363636,103.8011364,1172.039773,662.8806818,869.3125,130.0625,324.0795455,231.2954545
490,603.1193182,144.0397727,973.4943182,101.6079545,1165.954545,686.5170455,856.3068182,132.875,313.625,233.5113636
491,622.8465909,146,995.9772727,100.1818182,1153.954545,682.9261364,839.7897727,133.2215909,307.9147727,238.4090909
492,634.9886364,147.3579545,1021.488636,100.1477273,1149.102273,684.0965909,828.6704545,132.2784091,302.6761364,245.1875
493,640.7457627,149.519774,1039.333333,101.180791,1140.350282,692,821.3785311,129.7740113,295.3163842,247.4915254
494,656.7865169,154.4382022,1064.247191,102.3033708,1142.264045,717.7134831,822.2022472,127.2752809,288.2191011,249.2134831
495,683.9382022,161.7921348,1094.016854,100.6741573,1150.882022,743.1011236,829.488764,125.6910112,279.6179775,252.6179775
496,706.3107345,173.220339,1125.050847,98.14124294,1165.655367,764.3050847,844.1299435,127.3220339,273.2768362,260.7570621
497,712.8268156,175.4636872,1137.050279,95.10614525,1158.47486,760.1564246,848.0335196,128.9329609,264.9832402,267.2178771
498,733.8100559,166.4804469,1154.089385,95.40223464,1158.26257,751.0949721,866.8435754,132.5251397,261.3575419,275.3240223
499,756.6256983,162.7150838,1153.592179,97.5027933,1139.039106,744.0446927,886.4916201,134.4469274,256.122905,282.726257
500,781.7666667,172.5166667,1137.161111,100.7555556,1112.111111,744.9333333,888.2777778,135.1333333,249.2722222,289.5444444
501,793.2277778,192.5833333,1133.666667,104.3444444,1096.2,754.0722222,881.6,136.6444444,244.5944444,296.0722222
502,807.4666667,208.8222222,1134.622222,104.4833333,1087.933333,771.2666667,877.0777778,138.8722222,240.5166667,298.6777778
503,799.4751381,215.2872928,1132.486188,99.80662983,1078.292818,784.0607735,869.5027624,139.9558011,238.1270718,300.1546961
504,783.0939227,216.6906077,1145.812155,95.6519337,1071.834254,800.0220994,861.9889503,140.7403315,239.4033149,303.1325967
505,749.2417582,214.6758242,1150.313187,93.62637363,1050.175824,807.510989,843.7912088,138.3021978,238.7637363,297.7912088
506,731.0934066,207.8956044,1164.851648,96.23076923,1034.741758,819.3351648,835.9725275,134.9505495,240.3901099,292.010989
507,723.8901099,197.1153846,1179.587912,100.4340659,1036.038462,827.9945055,844.1318681,133.510989,242.2967033,289.978022
508,719.3516484,187.1703297,1191.131868,103.6978022,1052.587912,827.1098901,853.6318681,135.6318681,240.6043956,287.3846154
509,688.3913043,182.0869565,1188.630435,107.0054348,1060.288043,820.6847826,854.0380435,137.0978261,236.9347826,277.6630435
510,669.6684783,188.9402174,1184.815217,110.7228261,1063.853261,823.0706522,858.4945652,136.0217391,234.4836957,268.3967391
511,675.5846995,191.0765027,1180.437158,111.1803279,1061.355191,830.3005464,857.9836066,134.3060109,232.4699454,266.5300546
512,679.7978142,183.2131148,1177.295082,108.5464481,1038.043716,832.1420765,839.0491803,135.1748634,230.726776,271.0819672
513,661.2540541,171.7351351,1160.059459,105.2162162,1004.075676,824.0108108,806.2486486,135.6918919,224.3081081,271.4756757
514,644.0217391,167.6304348,1175.222826,106.5380435,989.2934783,827.1141304,795.9836957,136.4293478,222.701087,276.5217391
515,627.9130435,167.4673913,1176.983696,108.0652174,969.9728261,808.375,782.8043478,134.5054348,219.8043478,274.5054348
516,619.9398907,175.1147541,1177.939891,110.1912568,964.1693989,787.6229508,771.3661202,131.9398907,220.2295082,269.6393443
517,602.3189189,173.3675676,1159.583784,110.9351351,952.6594595,770.0054054,749.7351351,127.6756757,219.1891892,261.2
518,593.7135135,167.4216216,1153.843243,112.6540541,926.6108108,771.4810811,744.5351351,126.3621622,221.3459459,262.1297297
519,580.0810811,158.227027,1143.583784,112.6594595,888.2756757,777.9837838,744.4432432,126.9027027,224.172973,268.3297297
520,562.5459459,158.4648649,1134.405405,110.5351351,849.2486486,780.627027,746.1189189,128.4702703,225.8702703,275.0648649
521,526.516129,159.8709677,1129.483871,108.6290323,815.4946237,776.2580645,746.8924731,130.1021505,226.4408602,279.8655914
522,497.5107527,158.3709677,1139.913978,106.6290323,793.1827957,762.5752688,747.1827957,134.0107527,227.3924731,281.5215054
523,494.3655914,157.1451613,1156.123656,103.2204301,781.6236559,748.344086,747.7365591,137.6827957,227.9462366,280.2634409
524,490.8181818,155.6827957,1165.245989,100.7795699,767.459893,736.144385,745.4385027,137.6898396,229.016129,274.4224599
525,479.7287234,151.3244681,1158.12234,99.93085106,753.0478723,724.4787234,731.712766,135.1329787,230.5106383,267.1808511
526,469.802139,151.3582888,1165.502674,102.4224599,757.3529412,726.1283422,722.1550802,134.8983957,238.540107,263.5882353
527,469.1390374,153.4117647,1167.385027,103.2620321,765.315508,723.8128342,723.2620321,135.0641711,245.8930481,261.8449198
528,476.143617,150.5478723,1157.244681,102.4095745,768.4574468,722.0797872,737.6276596,136.4468085,251.4946809,256.2925532
529,476.1957672,143.2380952,1138.582011,100.4021164,765.7248677,717.0687831,746.962963,139.5291005,255.4232804,250.3121693
530,468.7936508,137.957672,1121.798942,99.67195767,762.2169312,706.0634921,744.3756614,142.6931217,258.0899471,244.2698413
531,460.6190476,136.957672,1104.825397,101.2116402,750.5396825,696.8677249,731.4656085,143.5925926,259.2539683,239.2328042
532,450.8,135.9315789,1089.594737,104.3631579,732.5368421,694.0157895,703.4894737,143.7263158,260.1789474,236.9631579
533,440.1727749,137.7539267,1085.795812,106.9057592,713.052356,699.0994764,666.1623037,144.5706806,259.8324607,237.0157068
534,427.434555,139.7539267,1095.513089,107.9633508,698.052356,706.382199,630.5968586,146.1937173,259.4397906,239.0942408
535,420.3298429,139.4764398,1105.685864,105.8429319,691.3612565,721.6492147,600.4712042,146.9371728,260.1151832,238.4293194
536,413.6770833,134.6614583,1106.015625,104.1979167,694.2447917,744.21875,575.0989583,147.0364583,262.9375,232.484375
537,397.2797927,129.984456,1103.92228,104.4818653,699.9222798,759.8341969,552.5388601,147.1813472,266.1088083,225.6632124
538,383.1968912,128.6217617,1112.34715,105.865285,705.6787565,768.6735751,537.880829,147.9326425,271.7150259,219.9637306
539,368.7253886,127.5906736,1119.098446,104.8497409,707.761658,764.6010363,537.3367876,147.5595855,279.373057,217.2487047
540,353.5336788,124.7720207,1122.259067,103.507772,708.6580311,765.7979275,550.8860104,147.1606218,287.0829016,216.8601036
541,329.8298969,120.8092784,1127.159794,101.6494845,699.8814433,784.6340206,567.0670103,146.9175258,290.8247423,214.5670103
542,309.5051546,121.0927835,1149.489691,100.0979381,690.1494845,817.2680412,578.0360825,148.0773196,295.0412371,213.7061856
543,298.0410256,121.1230769,1162.384615,99.12820513,677.6,822.5384615,571.3692308,148.825641,301.2512821,213.1435897
544,292.4666667,122.6205128,1177.887179,100.3230769,665.2153846,804.4717949,558.7487179,150.225641,314.5589744,214.7025641
545,290.6581633,125.1428571,1185.627551,100.9285714,647.9234694,779.8673469,540.9336735,150.4387755,328.6326531,215.7653061
546,297.3179487,128.4512821,1208.938462,101.6205128,646.1589744,778.3487179,535.4974359,152.4307692,348.5076923,220.5794872
547,305.3435897,128.1846154,1216.558974,101.3435897,649.1794872,778.7384615,533.5435897,153.3641026,363.4666667,221.7025641
548,306.0358974,128.0615385,1208.65641,101.8820513,653.9025641,772.5333333,532.174359,155.1589744,372.4923077,218.174359
549,300.5969388,128.4744898,1191.678571,101.8622449,650.122449,756.8979592,524.005102,158.1173469,379.1989796,211.5306122
550,298.6122449,128.1428571,1190.382653,102.9642857,645.5816327,745.994898,518.9336735,161.3367347,389.3571429,207.9336735
551,306.3571429,125.2040816,1208.979592,106.0969388,638.6326531,738.8520408,518.6071429,161.8112245,398.7602041,208.005102
552,314.9030612,121.744898,1225.846939,110.0510204,630.494898,745.4336735,515.2091837,161.6377551,408.1377551,210.0867347
553,320.0765306,121.6479592,1229.887755,112.2908163,629.2602041,754.1989796,505.0969388,164.4387755,425.5918367,214.2857143
554,327.7664975,121.0253807,1233.040609,110.5685279,622.7258883,747.1725888,487.6649746,168.2081218,441.5076142,221.0456853
555,346.5177665,120.2741117,1247.380711,107.035533,613.9238579,733.3959391,480,173.319797,459.3147208,234.0050761
556,383.0253807,119.6852792,1251.253807,102.6751269,600.1979695,715.5583756,486.6395939,179.8680203,483.3401015,247.1218274
557,423.4314721,118.6192893,1250.345178,98.35532995,582.4111675,707.5228426,503.2030457,186.9847716,510.857868,255.213198
558,447.4343434,117.3585859,1242.893939,93.21717172,563.4747475,704.6161616,518.5606061,191.0252525,528.3434343,257.1818182
559,467.489899,116.0858586,1235.161616,90.65151515,548.6919192,708.9292929,532.8181818,193.2878788,538.6161616,258.4191919
560,498.040404,115.2626263,1217.267677,90.41414141,534.1565657,711.8585859,536.8939394,195.9090909,545.3030303,259.4848485
561,537.8383838,115.8080808,1195.560606,90.84848485,523.7727273,703.9292929,533.6818182,198.8484848,554.2626263,264.0808081
562,575.9748744,116.7738693,1176.703518,91.20100503,517.5075377,682.6080402,520.9648241,200.4522613,567.6532663,273.3517588
563,610.195,119.495,1176.275,92.425,515.965,669.71,505.305,203.29,588.88,284.035
564,641.335,123.465,1200.78,94.46,517.5,673.485,492.25,207.45,613.485,294.04
565,651.025,124.685,1231.1,96.345,514.305,675.935,488.965,211.175,632.795,305.59
566,639.9552239,124.5373134,1247.154229,96.51243781,502.6716418,661.0447761,492.5373134,214.4626866,638.1940299,317.8955224
567,624.9552239,126.7512438,1262.164179,95.18905473,489.6318408,639.2835821,500.7512438,221.9004975,635.8308458,330.3631841
568,607.9004975,127.3532338,1276.646766,91.87064677,474.4925373,622.9054726,508.60199,229.4577114,630.1343284,341.4875622
569,602.9900498,124.3681592,1288.059701,88.61691542,459.1940299,618.3781095,511.5373134,235.0497512,630.3034826,354.079602
570,603.5148515,120.2623762,1282.945545,86.51980198,449.009901,612.470297,505.1039604,242.1980198,629.3663366,368.7029703
571,613.1237624,119.3613861,1275.217822,86.10891089,442.5891089,598.8564356,498.4059406,252.3118812,630.7920792,385.970297
572,613.5594059,122.6039604,1271.985149,86.10891089,432.009901,577.6237624,489.4009901,261.6039604,630.490099,403.4950495
573,604.0049261,124.7586207,1275.137931,86.99014778,417.8768473,554.8275862,481.1576355,267.955665,631.9802956,418.6059113
574,605.5147059,125.7058824,1282.759804,88.87745098,408.4068627,545.0833333,475.9019608,272.4607843,639.7058824,429.8529412
575,615.245098,130.9068627,1281.336585,90.95098039,403.9754902,544.7254902,473.3480392,277.5686275,654.5147059,445.3333333
576,613.3137255,132.3970588,1292.460784,92.08823529,401.1127451,532.2205882,470.5098039,285.9313725,664.754902,464.6029412
577,614.245098,130.5931373,1297.171569,92.60294118,395.0833333,516.495098,469.9460784,295.1078431,670.7401961,478.9656863
578,613.4439024,130.0585366,1287.546341,92.75121951,380.0243902,508.0731707,467.8195122,299.5414634,671.7268293,485.8487805
579,605.0292683,128.1756098,1262.473171,92.17073171,367.0341463,496.1902439,470.6634146,305.9219512,672.0682927,488.4731707
580,585.7658537,123.9268293,1227.453659,93.63902439,363.0146341,471.4731707,477.9512195,313.3560976,667.6682927,486.404878
581,573.4146341,122.7609756,1206.926829,97.96585366,368.7658537,451.502439,487.3658537,320.5512195,661.5365854,489.6780488
582,571.6941748,121.1359223,1188.247573,101.723301,372.4223301,436.7184466,488.8737864,320.8252427,650.5436893,499.2184466
583,577.8067633,118.0724638,1166.096618,102.4830918,368.7101449,430.3091787,480.6425121,317,641.9565217,505.821256
584,570.9615385,119.0913462,1149.5,101.4375,357.2307692,427.8653846,469.8846154,313.2788462,642.5961538,506.6586538
585,555.6009615,122.9230769,1140.846154,102.1009615,346.125,426.8221154,459.1730769,311.3028846,644.4519231,511.2596154
586,538.708134,124.6937799,1133.124402,105.7272727,339.923445,422.8564593,452.0813397,308.3205742,638.0047847,524.5311005
587,520.6220096,123.9808612,1127.636364,109.9952153,340.5358852,413.9617225,453.2200957,307.1674641,628.3205742,545.4497608
588,493.4567308,124.0817308,1135.230769,113.625,346.2355769,401.1201923,462.0384615,310.6586538,628.9903846,567.0432692
589,470.2307692,122.7980769,1150.5625,114.1923077,346.1682692,386.8509615,466.8798077,318.9038462,631.5865385,582.2115385
590,443.5167464,121.0909091,1169.698565,115.1674641,341.492823,373.7320574,464.9425837,330.0909091,625.7703349,595.3588517
591,417.923445,120.5789474,1186.057416,118.2822967,337.8038278,368.569378,460.6985646,340.7894737,613.3397129,617.2822967
592,400.7990431,118.569378,1191.392344,122.1004785,332.7033493,365.430622,458.8229665,346.7464115,602.4832536,636.9282297
593,389.3047619,119.647619,1187.447619,124.9380952,320.6095238,356.8333333,461.3428571,349.8047619,590.9047619,645.2285714
594,386.152381,123.8761905,1187.042857,125.4095238,308.8428571,353.5857143,467,355.2285714,577.8619048,647.6571429
595,379.2285714,124.0380952,1187.628571,124.5761905,296.4095238,351.8,466.6047619,360.5761905,560.2761905,649.3285714
596,357.9810427,121.0947867,1176.592417,123.6919431,283.8056872,341.4976303,459.2369668,361.1137441,543.9146919,659.2322275
597,342.957346,122.07109,1163.753555,120.9526066,275.971564,334.3649289,454.6208531,360.0947867,542.1563981,678.2559242
598,327.3459716,121.6255924,1154.71564,116.3222749,272,331.2322275,456.8909953,361.8436019,550.3838863,701.8199052
599,309.2274882,119.3554502,1152.933649,112.2274882,272.5545024,328.056872,464.4312796,367.8199052,555.0379147,727.3080569
600,294.563981,120.6872038,1157.270142,110.0663507,274.8578199,322.1374408,474.5592417,375.1232227,548.8151659,742.7109005
601,281.5165877,122.1090047,1158.597156,108.0331754,273.4881517,314.1232227,487.0521327,383.5876777,535.6445498,744.0473934
602,263.8957346,122.535545,1157.886256,105.2511848,268.2132701,309.3270142,499.7677725,395.5165877,518.7345972,734.7630332
603,249.0375587,121.3239437,1142.187793,102.3286385,257.629108,307.8779343,501.0234742,404.7793427,495.6384977,714.5962441
604,241.7042254,121.7981221,1130.084507,100.713615,248.0328638,308.7089202,498.3849765,416.713615,473.5164319,705.1502347
605,236.028169,124.9624413,1119.873239,100.2159624,241.1737089,317.3615023,492.9248826,429.1690141,454.9859155,701.342723
606,239.2253521,126.3239437,1112.84507,101.9061033,237.3802817,329.8215962,487.342723,439.5117371,442.8215962,694.4319249
607,253.3568075,125.1690141,1094.262911,104.3615023,232.342723,334.8356808,479.7370892,443.5915493,425.5821596,678.741784
608,267.8632075,123.9339623,1079.858491,107.3679245,228.5943396,338.4433962,478.1179245,451.8773585,408.5283019,675.2169811
609,274.004717,121.6226415,1058.943396,109.1745283,227.4811321,339.1556604,481.7122642,461.9622642,390.2924528,678.7264151
610,266.1408451,122.2300469,1036.877934,109.2629108,227.3098592,337.2206573,487.8262911,471.258216,373.5821596,677.7323944
611,267.943662,125.1173709,1028.699531,109.8544601,228.7793427,341.3615023,492.2159624,481.9671362,359.2394366,667.1924883
612,280.8638498,125.3849765,1027.558685,111.2488263,227.9765258,354.713615,487.7652582,488.7699531,343.286385,636.9107981
613,291.3504673,122.5654206,1032.953271,111.9906542,226.2570093,375.3925234,475.2383178,484.2056075,326.9252336,589.3785047
614,300.9439252,121.0841121,1045.004673,112.7336449,227.4953271,397.953271,467.0046729,474.7803738,315.9859813,546.1775701
615,316.6448598,120.0560748,1045.200935,111.228972,228.817757,423.0981308,465.2242991,466.1028037,305.9205607,515.1028037
616,324.1448598,120.7990654,1030.056075,108.3224299,226.2757009,453.2196262,468.4579439,462.2383178,292.5,496.1121495
617,329.1906977,121.4744186,1004.139535,106.8604651,217.8744186,483.4232558,471.9488372,461.7348837,274.4372093,481.9906977
618,332.4651163,120.1255814,981.6511628,106.9255814,211.8511628,503.8139535,478.2139535,467.2418605,257.9348837,472.0418605
619,333.5534884,118.7069767,956.627907,108.0744186,211.7209302,513.1767442,484.1953488,476.5627907,247.7674419,462.1906977
620,336.027907,118.8325581,929.455814,112.055814,213.8651163,527.9627907,485.9023256,488.9209302,243.4511628,450.9488372
621,347.5674419,118.2232558,913.8046512,114.6883721,211.055814,554.6651163,481.1488372,498.2372093,240.4651163,436.9813953
622,377.0325581,118.0325581,908.5674419,111.9860465,206.6883721,586.8790698,475.8511628,506.1860465,236.3906977,419.6093023
623,399.1581395,118.8837209,905.2325581,108.4790698,206.7209302,613.5395349,471.9069767,521.227907,231.1627907,399.2186047
624,413.337963,120.3981481,892.625,106.1157407,209.9814815,634.5462963,470.3101852,539.9814815,227.087963,375.2731481
625,433.2604651,119.7395349,882.2372093,106.6697674,215.8930233,661.2186047,474.8186047,559.8790698,227.2976744,359.1674419
626,453.1813953,119.0373832,862.8604651,108.1028037,219.1308411,677.627907,473.4511628,562.4511628,225.6651163,342.0465116
627,467.2139535,117.7336449,849.1953488,108.5420561,218.2757009,694.9209302,477.1674419,558.9023256,225.2990654,325.855814
628,483.0420561,116.8738318,840.6448598,107.0514019,215.4439252,721.0420561,482.7242991,555.1915888,224.1168224,309.8925234
629,500.0747664,116.8457944,837.046729,105.5186916,211.8785047,741.0327103,479.6962617,553.9018692,224.3831776,295.6168224
630,514.8738318,118.3364486,840.6214953,105.3411215,207.9205607,742.6261682,473.3037383,555.7850467,225.3317757,286.1728972
631,524.8139535,122.1302326,847.4790698,106.8325581,203.9348837,731.2511628,472.2697674,556.1395349,225.9674419,281.5302326
632,537.6064815,120.6111111,851.4212963,108.7916667,198.8657407,720.8333333,475.287037,553.5,225.8518519,275.125
633,543.2268519,119.3935185,856.6296296,111.3425926,193.537037,720.8472222,483.587963,558.5185185,228.1342593,269.5138889
634,545.2824074,118.3842593,856.037037,114.162037,189.0231481,735.4861111,486.912037,569.2638889,231.3796296,265.9537037
635,551.4537037,116.2824074,851.0787037,117.6018519,187.1203704,764.8009259,488.0555556,577.6759259,231.3148148,261.0185185
636,565.055814,116.1395349,846.4139535,122.4372093,189.1627907,807.1302326,497.9906977,584.8232558,228.6372093,255.8465116
637,576.855814,115.8,833.5162791,126.172093,192.2418605,840.1860465,510.027907,583.9860465,227.9767442,250.8372093
638,595.944186,116.3209302,818.8325581,126.8511628,192.8093023,855.6232558,519.5116279,579.0511628,230.4744186,244.4093023
639,604.8472222,116.837963,799.1481481,124.0509259,192.0694444,864.0277778,523.9537037,572.4907407,230.2175926,239.4027778
640,612.3564815,117.8935185,786.0694444,121.7268519,194.087963,877.587963,523.8564815,573.7962963,230.6666667,242.5324074
641,632.9814815,121.75,774.8657407,122.1712963,193.1296296,886.7407407,520.3240741,580.9722222,236.4074074,249.6064815
642,648,123.7268519,767.9259259,124.4212963,191.3333333,895.3796296,520.8101852,590.3055556,248.6527778,254.9444444
643,650.9490741,121.0555556,759.662037,126.0185185,190.5046296,897.5092593,521.3148148,596.6157407,264.337963,254.4675926
644,648.4186047,119.7488372,760.8604651,127.5534884,190.2837209,911.1023256,520.7162791,604.4930233,281.9953488,254.6651163
645,660.372093,119.2976744,760.0232558,126.2093023,186.2976744,918.0697674,514.5069767,602.9627907,295.1162791,255.0139535
646,678,119.3611111,752.037037,123.5416667,180.1342593,916.4861111,504.7453704,595.7777778,305.3055556,257.1527778
647,704.2744186,122.0325581,748.4976744,122.4697674,178.2046512,929.0465116,501.0744186,600.7302326,317.5348837,259.6325581
648,722.2790698,125,743.3348837,121.3813953,178.5348837,933.5767442,499.2511628,615.2046512,327.0976744,255.2
649,724.0465116,125.744186,737.4976744,120.944186,179.5860465,917.7581395,496.8883721,631.7860465,335.2837209,248.5209302
650,724.1953488,122.9348837,729.2790698,122.3581395,179.2697674,896.9767442,489.5302326,636.0093023,342.6837209,240.5162791
651,730.8837209,120.8883721,720.8465116,125.6837209,176.8651163,883.6093023,487.627907,626.4046512,357.944186,231.4651163
652,742.5581395,123.8604651,717.9627907,129.1069767,173,889.1534884,498.4186047,617,381.6372093,223.0511628
653,737.9166667,127.2361111,716.9861111,129.5694444,170.6064815,905.412037,509.4259259,613.712963,411.5092593,216.1388889
654,739.9166667,124.6481481,720.2083333,127.5416667,170.1435185,900.712963,507.587963,616.9814815,445.6712963,214.2546296
655,734.1388889,121.4305556,725.4074074,124.625,170.2685185,881.5,496.3148148,618.75,480.6527778,216.5740741
656,711.1435185,119.4953704,727.9166667,122.9537037,172.0092593,880.1388889,488.3101852,623.2916667,511.4675926,218.9675926
657,697.2314815,119.6481481,727.6064815,124.2314815,176.0185185,879.9351852,482.287037,631.8657407,530.1296296,219.2638889
658,700.9069767,121.055814,725.5116279,126.1906977,181.3069767,870.3395349,473.8046512,644.627907,546.5813953,220.7860465
659,700.9255814,121.8651163,717.2604651,123.0976744,184.2744186,860.1953488,467.7674419,651.8511628,566.827907,221.7209302
660,694.4675926,121.4074074,699.662037,117.9259259,184.412037,854.3564815,467.4398148,646.962963,583.8703704,220.087963
661,702.9162791,123.0372093,696.1674419,115.9302326,183.1162791,863.6418605,475.2651163,640.5953488,600.0930233,220.4325581
662,704.6697674,122.3906977,694.0465116,113.5906977,177.3255814,866.6046512,476.8511628,630.944186,612.0418605,219.5860465
663,715.9534884,120.9953488,694.0883721,110.055814,173.0604651,862.9767442,471.172093,631.6325581,628.8325581,217.8930233
664,725.0511628,120.5023256,685.572093,108.4511628,171.5302326,849.0604651,464.0837209,637.7255814,639.3488372,216.4651163
665,720.817757,122.4906542,676.2242991,109.4205607,171.5560748,845.046729,468.7476636,651.2523364,652.046729,218.588785
666,702.771028,120.7990654,665.7897196,107.2429907,170.2476636,844.6869159,477.9299065,663.046729,656.9672897,218.182243
667,693.1209302,116.8139535,654.2046512,101.6186047,170.6697674,857.7302326,485.3674419,671.2232558,652.4837209,215.2883721
668,693.2418605,115.544186,641.8186047,95.2372093,171.744186,882.0790698,489.5813953,678.6465116,649.772093,216.5348837
669,693.0327103,118.6915888,631.1028037,90.75233645,170.6028037,892.5560748,492.9672897,687.9672897,654.2990654,220.6775701
670,679.5514019,120.3364486,614.8271028,87.31775701,167.5046729,884.088785,494.6915888,692.7897196,662.2336449,224.4065421
671,680.1121495,120.2803738,605.3785047,84.57009346,167.1448598,882.0046729,497.588785,693.5280374,677.2663551,230.3971963
672,677.7009346,121.182243,607.3224299,82.64018692,169.0560748,888.5560748,497.1542056,690.9813084,694.7570093,236.7570093
673,670.771028,123.3411215,613.7476636,81.53271028,170.8738318,885.5514019,491.3925234,689.2056075,707.4626168,242.0981308
674,667.317757,123.2757009,611.9859813,80.73364486,171.8364486,857.046729,481.2990654,687.771028,712.3224299,246.9439252
675,664.3317757,120.4345794,596.8084112,79.93925234,170.1074766,813.6915888,471.2056075,687.0514019,715.8691589,250.9813084
676,660.0981308,120.5093458,580.0420561,79.92056075,164.2897196,770.411215,463.2943925,690.8411215,724.6869159,255.0233645
677,654.4205607,120.2957746,564.1308411,80.96713615,160.4413146,729.1121495,453.953271,695.4672897,727.6728972,259.4953271
678,660.5070423,119.2535211,558.370892,82.26760563,160.9765258,707.1126761,452.9295775,707.4131455,734.1408451,269.5492958
679,664.9906103,118.2264151,547.6995305,84.44811321,164.009434,688.4319249,451.4741784,709.741784,737.4741784,282.8075117
680,661.2132701,118.0995261,543.8672986,88.76303318,166.4312796,666.8104265,453.3886256,713.8767773,753.8246445,302
681,638.5118483,117.8009479,541.2985782,92.13744076,163.7772512,632.6966825,445.9056604,704.464455,763.1184834,320.8815166
682,622.9336493,115.9336493,544.2606635,91.97156398,159.1895735,596.971564,443.7156398,692.957346,762.1184834,342.6966825
683,613.3175355,114.5023697,548.3080569,89.29383886,156.4549763,566.8672986,443.7962085,692.7488152,756.9241706,364.4549763
684,604.92891,114.1279621,554.0236967,87.21800948,156.2890995,544.2369668,447.450237,708.07109,756.0379147,386.2369668
685,593.7156398,114.2369668,559.1895735,86.55924171,154.4123223,531.3933649,450.4834123,726.9146919,753.6398104,406.2037915
686,585.4285714,115.0333333,561.3,86.70952381,154.0809524,528.3857143,455.6809524,746.3857143,764.952381,425.6333333
687,573.4238095,115.247619,548.9095238,85.08095238,154.9904762,512.0619048,460.5666667,752.3857143,775.2380952,441.9619048
688,559.952381,117.1666667,529.5095238,82.6047619,156.7047619,492.9714286,471.4285714,754.2428571,768.9095238,459.7857143
689,541.7904762,119.5619048,508.0714286,81.12857143,158.6285714,475.1619048,480.2285714,755.9952381,755.2714286,477.1142857
690,525.4238095,121.4238095,487.8571429,79.84285714,160.7904762,462.247619,478.0333333,756.4142857,746.5809524,494.8142857
691,509.2583732,124.2727273,474.3110048,78.68421053,162.2535885,452.8325359,474.7655502,757.3301435,738.5741627,515.6602871
692,491.0334928,123,464.4641148,77.69856459,159.6937799,437.937799,471.1148325,751.3971292,724.3732057,534.6507177
693,470.3732057,120.5789474,458.430622,77.93301435,158.3732057,425.0334928,464.0047847,748.7464115,717.5789474,554.3588517
694,447.8947368,119.0669856,452.8086124,78.15311005,158.6555024,410.3732057,453.8277512,752.2344498,719.6746411,566.8755981
695,422.3221154,117.2836538,451.9230769,79.13461538,158.5817308,401.7355769,450.0144231,772.1057692,721.7644231,574.7307692
696,389.4615385,117.7403846,452.6105769,80.17788462,157.1634615,397.5528846,446.9903846,799.0144231,709.5865385,582.5961538
697,359.8317308,120.2115385,452.5913462,81.16346154,157.5865385,398.1105769,446.125,816.6682692,688.6971154,596.2115385
698,339.7163462,118.2692308,450.3846154,81.33173077,158.2307692,407.6105769,444.2115385,822.4711538,661.8173077,607.0673077
699,323.2980769,116.9615385,445.8894231,80.85096154,157.6490385,418.3605769,444.5048077,814.3221154,634.3701923,615.1009615
700,316.5144231,119.1634615,445.5913462,81.24038462,156.2115385,413.2836538,451.1346154,797.9423077,612.2596154,622.2403846
701,316.2307692,121.0625,450.4134615,82.50961538,155.3846154,397.6730769,461.9134615,791.0336538,590.4375,624.6826923
702,317.5384615,119.9086538,455.1346154,84.55288462,155.8846154,385.9423077,469.1634615,788.7019231,573.9711538,623.1394231
703,317.6201923,117.6057692,454.5721154,86.00480769,155.9951923,377.5721154,472.5865385,785.9086538,563.4615385,623.0769231
704,313.8990385,116.9567308,446,86.14903846,154.7307692,371.7259615,468.2692308,782.625,547.2980769,627.7115385
705,300.8028846,119.8221154,433.0769231,85.17307692,153.2019231,369,459.7067308,777.4086538,527.2355769,639.2115385
706,290.6394231,119.7740385,421.0625,83.27884615,151.9615385,362.2355769,453.0096154,767.6346154,509.2403846,656.1634615
707,290.173913,116.8405797,418.0144928,81.77294686,153.6183575,354.7294686,453.884058,773.2222222,502.352657,688.7922705
708,295.1400966,114.352657,417.6376812,80.33333333,155.0096618,348.6376812,458.6328502,781.2705314,492.5024155,710.6956522
709,301.5700483,113.4009662,417.4154589,80.28985507,154.9903382,346.2657005,458.6763285,792.9710145,481.7439614,720.4154589
710,305.5679612,112.3203883,413.3106796,83.05339806,155.8203883,334.2087379,461.0339806,815.8640777,462.8446602,719.0339806
711,306.5833333,114.7009804,412.0882353,87,158.5343137,327.5294118,479.9803922,852.8431373,437.5686275,718.1176471
712,315.5245098,117.7205882,406.4803922,87.33823529,158.1911765,321.8823529,487.4264706,871.9754902,403.5833333,717.3333333
713,331.0882353,117.7205882,398.8284314,85.55882353,156.2990196,319.372549,483.122549,879.9509804,381.2745098,727.2009804
714,354.7009804,117.754902,392.9362745,83.86764706,154.0147059,318.4901961,482.495098,883.6078431,362.2009804,740.1029412
715,370.9705882,119.0294118,384.6666667,83.09313725,152.2794118,313.3872549,487.2401961,891.8529412,345.127451,755.9705882
716,373.0294118,117.3235294,370.0882353,82.79411765,151.9166667,303.504902,500.377451,898.7352941,334.3529412,772.5686275
717,373.4803922,116.0343137,359.3333333,82.15686275,152.6568627,300.2794118,517.2401961,909.2892157,334.1764706,773.877451
718,381.6078431,116.7598039,358.3578431,82.15686275,153.5833333,302.2745098,528.504902,917.8823529,339.504902,764.5147059
719,405.8186275,118.0147059,360.9264706,83.45098039,154.0980392,305.6470588,531.1127451,914.5294118,339.2745098,749.4313725
720,423.6666667,117.2843137,361.1960784,85.92156863,154.8480392,308.7205882,527.3284314,904.2205882,330.7205882,734.5392157
721,429.9901961,116.6764706,364.1911765,89.64215686,156.7205882,310.2598039,521.0833333,900.1029412,319.3186275,730.245098
722,444.3529412,118.1960784,371.5,94.15196078,160.622549,310.4215686,517.8823529,909.6470588,311.372549,734.9264706
723,467.3137255,119.9215686,381.8970588,97.41176471,163.6862745,305.0343137,525.2745098,919.3676471,307.9705882,732.7303922
724,471.5441176,120,390.504902,98.34313725,162.7647059,297.2058824,536.6078431,925.495098,307.2990196,719.3480392
725,465.5714286,120.0689655,394.044335,97.92610837,161.2413793,294.2955665,548.0049261,935.9261084,304.4433498,704.0394089
726,465.3103448,119.5320197,388.5172414,97.61576355,158.5714286,290.6995074,548.1970443,939.6995074,293.6206897,694.6059113
727,466.1871921,118.9064039,375.9753695,99.99014778,156.5763547,285.453202,540.3546798,945.3497537,283.9014778,689.3152709
728,475.6485149,119.1138614,360.2029703,104.6633663,158.6188119,285.1782178,546.490099,970.2425743,282.0346535,696.6089109
729,485.3762376,118.1534653,340.5544554,105.5594059,160.4950495,281.6188119,555.3415842,988.0940594,282.0594059,701.6435644
730,504.519802,115.9455446,324.3811881,102.6732673,160.8019802,276.1980198,562.480198,995.1831683,280.0544554,692.3019802
731,518.7389163,114.9207921,312.7389163,98.35148515,158.8965517,271.9901478,564.0935961,986.2118227,273.4975369,671.3349754
732,535.2970297,113.9356436,309.4950495,95.56435644,158.3712871,277.1336634,572.1138614,980.7227723,266.6089109,662.6188119
733,542.9554455,115.4356436,307.0346535,95.38613861,156.8861386,284.990099,581.9605911,977.3168317,256.539604,662.2673267
734,540.4356436,116.9653465,305.2574257,96.80693069,155.6633663,290.0891089,602.2326733,983.5643564,248.2574257,663.3811881
735,544.4950495,117.1485149,301.2920792,98.41584158,155.8267327,292.1930693,618.1732673,986.0940594,244.2227723,658.6534653
736,560.2178218,118.8910891,295.3168317,99.1980198,156.1485149,288.9851485,632.1881188,980.6237624,243.0742574,651.2623762
737,579.2277228,116.9306931,290.9257426,98.0990099,155.7574257,283.3613861,639.2326733,975.2079208,244.1138614,645.9158416
738,604.641791,116.2437811,290.0199005,96.13930348,156.0248756,280.761194,648.761194,980.5771144,247.840796,642.6368159
739,615.6169154,117.9552239,287.1094527,93.44278607,157.159204,283.6915423,660.2537313,986.7462687,247.5024876,630.1840796
740,626.655,120.41,288.175,92.995,161.26,292.79,673.625,993.665,245.885,614.52
741,636.915,120.505,291.69,93.51,162.83,297.93,670.6,983.045,244.76,596.79
742,639.32,121.38,296.56,94.33,162.16,301.765,660.305,964.82,246.175,584.055
743,637.79,120.545,299.15,95.3,160.48,308.25,657.98,955.435,250.195,574.44
744,630.11,120.905,299.38,95.97,158.25,308.065,663.635,962.08,255.605,563.72
745,620.24,121.52,298.185,95.885,157.495,296.335,666.67,969.86,256.825,554.01
746,606.615,119.25,296.07,95.965,158.2,280.735,664.48,966.59,252.15,548.68
747,596.085,120.075,297.155,96.34,157.715,270.135,661.3,955.535,248.285,544.415
748,599.105,123.215,298.91,95.79,156.48,262.975,660.4,938.34,249.96,537.77
749,619.9346734,126.0703518,298.2211055,94.47236181,158.0050251,262.4824121,673.1959799,935.9045226,255.8894472,536.4170854
750,634.8939394,130.2777778,295.9494949,93.93939394,160.479798,268.5050505,687.4393939,949.7878788,257.8787879,536.8838384
751,641.5454545,129.7020202,290.6767677,95.38383838,159.3333333,275.1111111,689.6767677,965.030303,254.8787879,539.1767677
752,660.2777778,124.7424242,283.1414141,99.02525253,156.8939394,277,681.040404,965.8484848,256.0656566,541.6414141
753,682.3096447,123.7005076,277.3502538,105.0609137,158.857868,275.1116751,672.0253807,955.7614213,262.2182741,542.9746193
754,683.1683673,121.9591837,272.2295918,109.9132653,162.5459184,274.627551,668.2397959,950.1530612,268.2653061,540.8571429
755,654.8112245,120.1581633,269.5918367,109.7602041,165.7091837,274.6377551,665.9285714,946.2704082,271.5867347,538.4846939
756,632.0153846,122.4717949,271.4564103,111.5794872,169.5948718,277.0410256,671.1128205,951.4512821,275.4769231,546.2410256
757,621.6340206,123.8092784,271.8762887,114.6546392,172.2474227,279.1752577,684.2680412,960.1649485,277.9329897,551.128866
758,615.6443299,121.3247423,266.9123711,114.0515464,172.5515464,277.4381443,693.128866,962.0824742,276.7835052,537.9948454
759,608.7202073,122.9481865,261.8393782,114.3678756,172.7409326,274.4145078,697.5025907,962.9533679,275.7046632,518.2487047
760,612.9427083,126.3802083,258.53125,114.3333333,172.1822917,274.140625,703.015625,963.1770833,274.6770833,500.890625
761,626.9528796,125.9057592,256.1256545,112.8795812,169.7225131,272.3455497,704.7120419,958.5340314,272.2617801,487.5287958
762,637.539267,124.4450262,253.2041885,111.1989529,166.0157068,267.6282723,703.565445,953.2984293,271.0575916,481.4397906
763,643.9153439,124.7195767,255.1693122,116.1375661,165.0687831,268.4973545,711.3809524,951.4497354,274.2592593,489.4338624
764,629.0952381,123.8941799,256.1164021,121.9047619,163.7619048,269.5026455,707.968254,941.2433862,275.7566138,496.5925926
765,630.6010638,123.0797872,258.1702128,124.6010638,163,268.2925532,701.9365079,936.9574468,280.1382979,500.5744681
766,633.8449198,123.8235294,261.3475936,125.2139037,160.4064171,264.4331551,704.8716578,929.8235294,285.3101604,500.0160428
767,617.0053476,124.3315508,261.4010695,125.5347594,155.4812834,259.3475936,698.9625668,917.197861,285.1176471,500.5882353
768,601.4731183,125.7903226,260.5322581,125.3333333,152.8172043,253.9677419,697.3333333,912.4408602,282.6021505,509.5645161
769,593.6108108,125.2972973,259.0702703,125.6540541,152.4432432,247.8918919,704.6108108,913.3135135,284.6756757,523.5621622
770,594.2918919,123.6594595,253.5405405,122.2864865,150.7405405,241.1027027,711.1675676,915.3189189,287.2378378,528.6648649
771,603.715847,122.4808743,250.9672131,117.4754098,150.7213115,241.2185792,729.2896175,928.9071038,291.1693989,534.2185792
772,586.726776,123.6666667,246.8142077,109.6229508,148.0874317,241.0928962,742.8415301,935.2295082,288.6612022,527.0273224
773,568.5494505,126.0659341,245.9725275,105.7527473,146.6043956,237.989011,751.478022,934.2857143,283.6483516,512.4725275
774,564.801105,126.2154696,243.2154696,103.1657459,146.4530387,230.3259669,760.5027624,925.9116022,275.3314917,488.9337017
775,562.8453039,126.7900552,235.1049724,98.87845304,146.1049724,222.6740331,771.038674,917.6906077,265.7292818,464.3977901
776,567.9555556,128.0055556,229.0111111,96.51666667,145.7888889,219.7388889,785.5777778,925.6833333,261.1666667,454.45
777,578.3743017,128.1117318,225.5642458,95.7150838,144.8659218,216.7765363,788.8547486,925.4692737,259.1955307,454.1564246
778,593.3184358,126.9106145,222.8100559,93.63128492,142.0391061,212.5642458,771.4860335,900.3240223,257.0893855,452.6648045
779,606.752809,126.988764,223.252809,92.43258427,140.6910112,211.9550562,750.8033708,870.9719101,257.8595506,450.0898876
780,611.7966102,129.8983051,224.2881356,91.62711864,141.6158192,213.4124294,741.7966102,849.2485876,259.7514124,450.2768362
781,609.5310734,130.4632768,223.079096,89.48022599,142.6271186,216.5423729,739.2146893,842.0282486,258.3898305,452.4971751
782,603.8693182,128.4602273,224.3465909,88.82954545,143.5,220.7045455,730.5284091,849.5113636,255.9545455,453.8977273
783,593.0170455,127.0681818,225.1761364,89.60571429,142.5340909,223.2045455,713.3295455,846.9034091,251.4772727,443.5397727
784,584.5257143,128.68,226.7314286,90.68571429,142.1485714,227.3257143,704.0285714,838.8685714,248.2457143,427.8171429
785,577.7701149,131.591954,227.3965517,91.00574713,139.7471264,230.8045977,691.4367816,828.2873563,243.0114943,412.2126437
786,590.8362573,130.4035088,232.374269,92.34502924,139.1754386,234.9649123,691.1520468,835.2748538,241.4795322,411.3976608
787,604.112426,126.3372781,236.4201183,93.47928994,137.9171598,237.3609467,686.7514793,840.8047337,238.3431953,415.4615385
788,581.3176471,121.3647059,234.8882353,92.18235294,135.4294118,237.3882353,671.9352941,824.0058824,231.2294118,409.5294118
789,554.754491,122.2814371,234.011976,93.34730539,136.7125749,236.6586826,684.1736527,815.5868263,230.4071856,405.245509
790,514.5421687,123.8855422,229.8192771,95.65060241,135.5662651,232.2891566,683.7409639,784.2831325,226.8614458,391.2891566
791,486.4848485,124.3090909,226.8060606,97.44242424,133.8545455,231.6787879,672.7575758,756.4424242,222.4121212,381.9636364
792,476.8641975,129.191358,225.7716049,100.3765432,134.8395062,238.0123457,665.8024691,746.8888889,221.3395062,380.0987654
793,470.7592593,133.4197531,219.6481481,103.3641975,133.4506173,238.6851852,651.3518519,730.5617284,217.7962963,371.5617284
794,475.8375,133.08125,216.3375,109.525,132.5625,236.6125,649.60625,730.175,218.08125,367.8
795,479.3101266,131.3987342,214.7088608,113.7658228,131.2658228,232.1518987,644.1582278,724.1202532,217.2658228,367.221519
796,469.7974684,133.2658228,214.278481,113.1202532,130.2088608,229.0759494,633.2848101,701.1772152,214.6075949,368.556962
797,450.1847134,136.7579618,212.6433121,110.9044586,130.388535,227.7197452,623.2929936,673.0700637,212.4012739,370.6751592
798,447.3741935,133.7032258,211.2129032,109.2774194,133.0193548,226.1741935,618.9419355,656.4709677,211.1290323,371.1096774
799,454.496732,126.3267974,209.7124183,107.2941176,135.6013072,222.4836601,614.1111111,641.5751634,211.1830065,366.0653595
800,458.9866667,123.3933333,210.7333333,105.18,135.36,213.8533333,608.44,628.1266667,212.5733333,359.5333333
801,455.6689189,123.9594595,212.9391892,104.0675676,130.7162162,200.8648649,593.9459459,613.4054054,210.6891892,351.472973
802,454.7755102,122.9659864,216.4217687,104.6734694,125.0884354,194.5986395,577.9387755,603.8231293,206.3197279,345.6802721
803,450.5,121.3680556,218.3958333,106.1319444,122.4930556,201.8819444,569.9583333,599.8055556,201.375,338.0763889
804,422.7887324,121.7183099,216.3239437,105.8591549,121.8309859,216.7816901,569.1267606,598.0070423,195.8239437,324.584507
805,393.2214286,121.9642857,214.7928571,102.9357143,121.4071429,224.3428571,563.7,598.8428571,190.0857143,311.4214286
806,376.7391304,124.9927536,217.0869565,99.9057971,124.1304348,221.5362319,543.2826087,598.6666667,184.2536232,301.6449275
807,369.1102941,126.7352941,219.2573529,97.22794118,128.4852941,217.4411765,515.9117647,590.8676471,179.9632353,293.7720588
808,361.2255639,125.1804511,222.3233083,95.44360902,130.2631579,213.3233083,497.2030075,576.3233083,179.1804511,291.4586466
809,349.1769231,121.2538462,223.3,96.66923077,127.3076923,205.2,492.2692308,558.9,179.9153846,293.3076923
810,345.5634921,120.4603175,220.1984127,102.4285714,122.952381,197.8492063,492.4206349,540.8333333,178.9047619,289.2857143
811,346.8770492,119.4180328,217.2540984,110.7213115,120.1147541,197.6803279,494.2213115,523.6393443,176.9754098,279.6803279
812,364.3813559,118.5762712,214.5,118.4067797,119.1186441,203.6949153,491.2118644,503.0254237,172.9915254,268.4237288
813,383.0869565,118.0173913,211.626087,126.2173913,122.2695652,219.8782609,485.0695652,477.6521739,167.0782609,258.0695652
814,372.1090909,117.5,215.2090909,137.1,132.1090909,249.2909091,483.1818182,461.6090909,162.9181818,252.3272727
815,329.245283,118.4245283,217.6792453,149.9433962,142.4528302,277.1698113,473.2924528,442.4528302,159.0566038,245.9622642
816,326.254902,118.9509804,219.245098,171.2058824,146.1470588,288.5098039,451.254902,415.7745098,157.7156863,242.9509804
817,327.1632653,119.4693878,217.6530612,194.877551,136.622449,267.5612245,432.4081633,385.6530612,156.1428571,240.1938776
818,309.4516129,116.516129,215.344086,216.6129032,120.6451613,231.2795699,417.4086022,365.9354839,155.7741935,242.3763441
819,281.2941176,115.5764706,215.1882353,234.5411765,110.0352941,203.3647059,418.2352941,368.1411765,160.5058824,251.9411765
820,255.9493671,111.7721519,211.5063291,243,103.3417722,181.6075949,395.3544304,353.3417722,162.2151899,251.3797468
821,230.5571429,112.9857143,212.4857143,257.9428571,106.9142857,180.2285714,382.1714286,347.2428571,168.8285714,256.7857143
822,207.375,115.078125,210.765625,278.015625,115.0625,191.078125,369.15625,323.421875,175.234375,259.953125
823,194.1754386,118.9649123,212.9473684,309.2280702,118.8245614,206.0701754,371.4385965,310.5438596,180.7017544,269.5614035
824,192.8039216,118.8823529,215.5098039,341,114.7254902,204.5686275,365.3137255,299.372549,181.6862745,272.1764706
825,194.877551,121.5102041,215.4081633,350.1020408,105.1836735,177.6122449,367.4897959,289.244898,173.7959184,257.244898
826,189.3404255,117.3617021,214.6595745,357.6382979,99.10638298,159.106383,365.7234043,283.5744681,167.0638298,237.3191489
827,178.3555556,110.0888889,216.9555556,363.8222222,94.88888889,143.9555556,358.4222222,275.3111111,163.9111111,216.6444444
828,171.8095238,111.4761905,216.2619048,353.9761905,92,133.1666667,343.1666667,255.6666667,161.7142857,202.5238095
829,160.902439,113.1707317,210,336.1219512,90.48780488,123.0487805,322.2682927,222.9756098,157.6097561,196.5121951
830,152.8461538,109.974359,200.5384615,326.3333333,88.84615385,114.4615385,303.2820513,193.5641026,157.1794872,200.7435897
831,153.3243243,104.5135135,188.8378378,334.5405405,86.62162162,110.5675676,283.8648649,166.6216216,162.3783784,211.7027027
832,149.5882353,101.6764706,175.8529412,360.9117647,84.02941176,108.4117647,257.0882353,140.3823529,167.7058824,221.8529412
833,145.25,100.96875,170.5625,372.0625,83.8125,105.625,235.75,123.375,167.6875,216.6875
834,144.375,107.3333333,162.875,400.4583333,84.58333333,105.8333333,225.4583333,114.4166667,178.125,218.6666667
