Distance_(microns),eve,en,mlpt,hb,kr,gt,svb,cad,runt,odd
0,87.0,128.0,139.16666666666666,189.0,114.0,563.5,260.5,119.5,84.5,162.0
1,108.58333333333333,274.75,161.83333333333334,375.6666666666667,122.75,328.6666666666667,219.83333333333334,130.58333333333334,94.33333333333333,224.83333333333334
2,112.6842105263158,459.5263157894737,170.68421052631578,402.0,144.10526315789474,406.0,222.68421052631578,140.78947368421052,98.26315789473684,276.4736842105263
3,122.44444444444444,518.1851851851852,188.88888888888889,446.25925925925924,159.85185185185185,430.14814814814815,231.59259259259258,153.88888888888889,98.44444444444444,284.55555555555554
4,129.26666666666668,564.1,191.96666666666667,526.9333333333333,161.46666666666667,446.43333333333334,262.73333333333335,160.3,98.2,285.3666666666667
5,140.03125,748.625,201.28125,531.25,161.84375,497.9375,266.59375,165.75,104.625,283.90625
6,155.47058823529412,824.8823529411765,198.2941176470588,467.70588235294116,171.2941176470588,448.2647058823529,267.8235294117647,170.3235294117647,100.82352941176471,291.6470588235294
7,156.45945945945945,811.6756756756756,196.48648648648648,467.35135135135135,170.97297297297297,447.3783783783784,273.6756756756757,176.67567567567568,98.16216216216216,308.05405405405406
8,147.57894736842104,752.578947368421,210.73684210526315,467.8157894736842,164.31578947368422,481.0263157894737,293.10526315789474,176.8421052631579,100.42105263157895,299.60526315789474
9,148.05128205128204,669.5897435897435,207.17948717948718,497.35897435897436,165.71794871794873,507.6923076923077,279.1794871794872,174.23076923076923,101.38461538461539,313.38461538461536
10,148.25641025641025,653.0512820512821,203.56410256410257,506.1025641025641,171.3846153846154,468.0,276.84615384615387,179.82051282051282,102.58974358974359,337.5128205128205
11,139.22641509433961,558.811320754717,244.24528301886792,494.5660377358491,171.0188679245283,549.1132075471698,277.52830188679246,177.73584905660377,104.60377358490567,327.8301886792453
12,157.01694915254237,513.2372881355932,244.77966101694915,491.2881355932203,171.28813559322035,473.54237288135596,286.47457627118644,171.135593220339,103.40677966101696,321.1186440677966
13,174.49253731343285,471.0,245.76119402985074,506.7164179104478,173.46268656716418,487.34328358208955,290.4925373134328,170.28358208955223,104.40298507462687,320.07462686567163
14,169.73333333333332,496.6,262.96,526.08,177.01333333333332,505.08,281.56,174.09333333333333,104.88,315.32
15,164.8641975308642,556.0617283950618,266.5679012345679,553.1728395061729,172.91358024691357,531.9629629629629,266.8024691358025,179.28395061728395,100.87654320987654,291.25925925925924
16,157.96666666666667,571.3,275.7888888888889,484.05555555555554,165.4777777777778,493.05555555555554,265.8888888888889,176.12222222222223,103.02222222222223,294.3888888888889
17,151.41584158415841,580.3168316831683,281.44554455445547,443.71287128712873,171.62376237623764,507.3267326732673,275.1089108910891,174.83168316831683,101.38613861386139,282.5247524752475
18,156.87128712871288,649.7029702970297,257.44554455445547,484.0792079207921,174.7029702970297,520.7920792079208,270.8811881188119,172.35643564356437,97.94059405940594,285.08910891089107
19,158.41176470588235,715.8039215686274,249.0686274509804,482.45098039215685,171.31372549019608,481.96078431372547,271.2450980392157,169.2941176470588,99.46078431372548,286.5882352941176
20,148.46601941747574,768.4077669902913,248.4368932038835,499.3883495145631,174.90291262135923,468.92233009708735,278.29126213592235,172.05825242718447,98.01941747572816,288.71844660194176
21,144.8190476190476,819.7333333333333,228.73333333333332,483.0571428571429,176.93333333333334,482.1047619047619,276.3142857142857,171.6952380952381,101.87619047619047,298.6095238095238
22,141.33333333333334,837.2190476190476,232.1809523809524,482.73333333333335,174.44761904761904,471.93333333333334,281.0285714285714,167.64761904761906,100.70476190476191,297.76190476190476
23,134.26666666666668,803.9238095238095,214.6095238095238,487.2857142857143,172.58095238095237,477.8,295.1142857142857,173.9142857142857,102.74285714285715,320.74285714285713
24,133.9626168224299,741.9345794392524,229.54205607476635,480.9065420560748,170.53271028037383,470.68224299065423,283.4672897196262,179.99065420560748,102.2803738317757,326.30841121495325
25,141.89719626168224,729.0093457943925,215.69158878504672,440.70093457943926,171.73831775700936,460.05607476635515,267.85046728971963,176.52336448598132,105.5233644859813,336.9065420560748
26,143.42990654205607,786.6542056074767,214.39252336448598,444.01869158878503,171.74766355140187,470.0934579439252,264.4672897196262,173.10280373831776,105.11214953271028,338.5420560747664
27,136.71559633027522,776.3119266055046,220.70642201834863,441.4036697247706,173.87155963302752,460.2201834862385,261.1467889908257,171.55045871559633,104.93577981651376,344.302752293578
28,130.8256880733945,724.605504587156,214.52293577981652,462.86238532110093,176.73394495412845,438.9357798165138,257.43119266055044,180.88073394495413,103.3302752293578,341.0642201834862
29,133.89908256880733,693.954128440367,209.05504587155963,448.348623853211,172.5137614678899,444.39449541284404,269.11009174311926,174.954128440367,107.55045871559633,343.07339449541286
30,141.97272727272727,694.6,216.0818181818182,460.0181818181818,178.35454545454544,444.3727272727273,282.08181818181816,173.85454545454544,107.66363636363636,345.56363636363636
31,155.34545454545454,697.5272727272727,216.8,466.5181818181818,175.70909090909092,432.41818181818184,281.76363636363635,176.12727272727273,109.23636363636363,343.74545454545455
32,157.98181818181817,669.1181818181818,215.24545454545455,457.1090909090909,175.97272727272727,430.92727272727274,280.8727272727273,173.16363636363636,111.49090909090908,340.1181818181818
33,155.5818181818182,636.6909090909091,216.8909090909091,464.7818181818182,176.6090909090909,441.09090909090907,272.05454545454546,169.20909090909092,108.96363636363637,351.06363636363636
34,148.12727272727273,604.5,218.37272727272727,455.5272727272727,177.92727272727274,449.1818181818182,278.41818181818184,170.63636363636363,105.37272727272727,355.8727272727273
35,135.80180180180182,590.3243243243244,213.38738738738738,417.1171171171171,178.75675675675674,465.43243243243245,284.8828828828829,172.48648648648648,106.30630630630631,344.6756756756757
36,130.80180180180182,548.8018018018018,215.35135135135135,463.52252252252254,179.0810810810811,461.7477477477477,279.2162162162162,172.00900900900902,106.23423423423424,342.4234234234234
37,140.0810810810811,479.44144144144144,219.92792792792793,454.5315315315315,176.36936936936937,466.3333333333333,282.8918918918919,172.77477477477478,103.72972972972973,329.0810810810811
38,142.72972972972974,452.26126126126127,225.99099099099098,471.4234234234234,178.32432432432432,460.3873873873874,280.44144144144144,173.0810810810811,102.990990990991,315.85585585585585
39,138.9090909090909,434.4909090909091,218.51818181818183,473.8818181818182,179.62727272727273,446.6454545454545,273.22727272727275,177.87272727272727,103.1,324.8272727272727
40,138.6880733944954,396.58715596330273,220.0091743119266,462.908256880734,180.88990825688074,432.3669724770642,282.7798165137615,181.4954128440367,103.97247706422019,323.8715596330275
41,139.75454545454545,354.04545454545456,218.34545454545454,486.04545454545456,178.7,435.6181818181818,290.59090909090907,174.61818181818182,103.22727272727273,311.4
42,134.54128440366972,309.0183486238532,218.954128440367,485.091743119266,187.0,452.74311926605503,293.79816513761466,178.1743119266055,103.61467889908256,305.07339449541286
43,132.55963302752295,259.9449541284404,225.2018348623853,496.95412844036696,197.63302752293578,465.38532110091745,288.3211009174312,178.10091743119267,101.98165137614679,311.27522935779814
44,138.3148148148148,232.38888888888889,224.77777777777777,464.9074074074074,201.52777777777777,451.51851851851853,277.7962962962963,189.00925925925927,99.49074074074075,313.3888888888889
45,140.35185185185185,209.09259259259258,224.7314814814815,458.5462962962963,209.32407407407408,441.05555555555554,273.05555555555554,187.2037037037037,99.28703703703704,297.73148148148147
46,134.64150943396226,183.80188679245282,222.3679245283019,454.52830188679246,212.47169811320754,460.5943396226415,292.9339622641509,181.0943396226415,103.89622641509433,299.45283018867923
47,129.49056603773585,165.4433962264151,226.74528301886792,484.1320754716981,207.89622641509433,487.5943396226415,293.2641509433962,172.33018867924528,103.25471698113208,318.3018867924528
48,126.26666666666667,159.40952380952382,224.2952380952381,495.0285714285714,202.7904761904762,441.84761904761905,277.64761904761906,186.1809523809524,103.11428571428571,315.67619047619047
49,125.33962264150944,150.0754716981132,225.91509433962264,487.14150943396226,226.41509433962264,443.9433962264151,266.8867924528302,174.00943396226415,101.39622641509433,307.45283018867923
50,129.72380952380954,142.96190476190475,223.61904761904762,465.5238095238095,231.31428571428572,451.6,280.25714285714287,171.10476190476192,105.71428571428571,306.81904761904764
51,128.93269230769232,140.44230769230768,221.1153846153846,463.0192307692308,218.91346153846155,393.1826923076923,302.1923076923077,170.0,102.85576923076923,302.96153846153845
52,124.73529411764706,144.88235294117646,219.44117647058823,480.0686274509804,239.1764705882353,387.11764705882354,292.9313725490196,173.95098039215685,106.17647058823529,305.53921568627453
53,122.69,145.82,222.05,442.03,249.88,397.77,304.44,176.18,104.6,284.42
54,120.71428571428571,143.37755102040816,218.80612244897958,428.96938775510205,248.48979591836735,393.765306122449,314.0408163265306,174.5,108.25510204081633,278.33673469387753
55,120.41237113402062,136.8556701030928,220.16494845360825,437.54639175257734,255.1237113402062,383.3814432989691,309.9381443298969,169.62886597938143,106.24742268041237,276.21649484536084
56,122.25,134.19791666666666,224.83333333333334,452.2083333333333,252.65625,363.4375,299.28125,167.86458333333334,106.45833333333333,295.0625
57,128.73684210526315,139.85263157894738,222.30526315789473,455.29473684210524,259.2526315789474,399.5473684210526,299.4947368421053,174.83157894736843,109.48421052631579,274.86315789473684
58,133.0421052631579,143.6,221.67368421052632,443.2105263157895,279.46315789473687,385.7473684210526,302.6736842105263,176.55789473684212,108.97894736842105,272.8315789473684
59,129.50526315789475,140.0421052631579,223.96842105263158,463.8421052631579,267.63157894736844,407.3578947368421,301.0105263157895,176.34736842105264,112.2,283.5157894736842
60,124.97916666666667,139.83333333333334,225.33333333333334,442.9895833333333,258.4479166666667,373.28125,314.3333333333333,176.44791666666666,111.78125,287.5416666666667
61,124.78125,138.98958333333334,224.63541666666666,392.2916666666667,271.3645833333333,380.8333333333333,346.9791666666667,176.48958333333334,112.9375,262.78125
62,123.63541666666667,137.3125,223.4375,385.5625,286.3333333333333,380.65625,338.1875,174.17708333333334,108.33333333333333,259.71875
63,121.6938775510204,142.9795918367347,223.21428571428572,416.94897959183675,297.5408163265306,351.7244897959184,317.9387755102041,177.07142857142858,110.04081632653062,267.2244897959184
64,119.66326530612245,149.83673469387756,229.40816326530611,433.8265306122449,297.0408163265306,351.7040816326531,342.64285714285717,180.5612244897959,109.39795918367346,272.1530612244898
65,118.77,144.94,229.84,421.91,306.39,375.75,325.06,178.42,111.17,256.91
66,123.39,135.72,222.22,402.11,326.05,394.74,334.21,175.9,108.22,256.34
67,121.5,132.99019607843138,221.7941176470588,389.55882352941177,325.4117647058824,370.30392156862746,326.1372549019608,176.2843137254902,111.01960784313725,253.76470588235293
68,118.51456310679612,134.24271844660194,225.18446601941747,383.9805825242718,330.126213592233,341.7864077669903,351.1747572815534,170.80582524271844,106.12621359223301,259.00970873786406
69,116.07692307692308,137.32692307692307,223.19230769230768,380.3269230769231,327.3076923076923,337.34615384615387,378.59615384615387,170.09615384615384,106.60576923076923,264.58653846153845
70,121.55238095238096,135.47619047619048,217.59047619047618,428.4190476190476,331.34285714285716,335.6666666666667,357.9714285714286,174.8095238095238,107.96190476190476,266.32380952380953
71,123.66666666666667,133.21904761904761,215.57142857142858,443.20952380952383,350.9047619047619,338.7238095238095,353.0571428571429,178.42857142857142,106.07619047619048,270.85714285714283
72,121.45794392523365,137.92523364485982,214.2429906542056,398.97196261682245,353.31775700934577,348.74766355140184,358.61682242990656,178.20560747663552,108.44859813084112,265.8317757009346
73,119.00925925925925,142.75,218.91666666666666,400.1203703703704,333.81481481481484,368.81481481481484,345.537037037037,175.35185185185185,111.47222222222223,266.8240740740741
74,120.45871559633028,139.28440366972478,227.22018348623854,424.74311926605503,320.25688073394497,352.89908256880733,334.348623853211,178.78899082568807,111.41284403669725,273.29357798165137
75,120.51785714285714,138.9375,228.08035714285714,408.7857142857143,326.70535714285717,356.0625,342.50892857142856,182.99107142857142,111.5,278.25
76,118.87610619469027,142.1150442477876,223.99115044247787,395.53097345132744,352.7079646017699,361.86725663716817,347.5221238938053,179.4513274336283,111.96460176991151,286.94690265486724
77,122.42857142857143,142.39285714285714,220.6875,414.0625,367.61607142857144,341.91964285714283,352.50892857142856,178.48214285714286,110.26785714285714,284.4017857142857
78,123.57894736842105,144.1315789473684,220.140350877193,429.99122807017545,366.14912280701753,331.64912280701753,348.63157894736844,180.24561403508773,109.40350877192982,282.0964912280702
79,118.61739130434782,144.2,223.4695652173913,443.18260869565216,372.9913043478261,326.68695652173915,354.25217391304346,181.38260869565218,109.77391304347826,288.11304347826086
80,116.97413793103448,144.0344827586207,224.70689655172413,447.01724137931035,381.87931034482756,335.55172413793105,355.6810344827586,180.42241379310346,110.80172413793103,287.6034482758621
81,122.5677966101695,143.52542372881356,227.70338983050848,470.4406779661017,366.08474576271186,337.56779661016947,341.59322033898303,181.44915254237287,111.65254237288136,282.64406779661016
82,123.91525423728814,144.44915254237287,229.8050847457627,470.3813559322034,372.0593220338983,332.3813559322034,346.46610169491527,181.84745762711864,116.3135593220339,287.99152542372883
83,118.25210084033614,152.42016806722688,228.14285714285714,461.03361344537814,390.890756302521,318.8487394957983,358.8235294117647,176.0924369747899,120.75630252100841,293.11764705882354
84,119.66666666666667,154.65,224.75,454.3833333333333,382.76666666666665,324.09166666666664,374.5416666666667,178.08333333333334,120.78333333333333,299.80833333333334
85,123.20491803278688,150.97540983606558,221.63934426229508,446.9754098360656,383.77868852459017,332.77868852459017,360.71311475409834,177.48360655737704,118.02459016393442,305.2704918032787
86,124.01626016260163,147.91056910569105,229.82926829268294,423.3089430894309,385.4308943089431,333.8048780487805,362.4878048780488,179.08130081300814,121.91056910569105,310.1382113821138
87,124.14634146341463,141.58536585365854,230.02439024390245,435.8455284552846,383.4471544715447,324.5284552845528,379.0569105691057,182.9918699186992,124.00813008130082,313.8048780487805
88,125.76612903225806,138.7016129032258,223.09677419354838,422.5241935483871,382.19354838709677,330.8467741935484,391.11290322580646,185.3548387096774,124.11290322580645,323.7096774193548
89,125.728,137.568,223.192,396.0,382.856,340.896,401.528,191.016,129.024,337.232
90,125.02380952380952,134.5873015873016,229.11111111111111,385.7063492063492,377.9047619047619,346.93650793650795,385.3174603174603,178.68253968253967,133.63492063492063,334.6666666666667
91,122.56349206349206,138.3095238095238,230.53174603174602,419.76190476190476,357.1031746031746,352.05555555555554,365.4761904761905,179.18253968253967,133.54761904761904,335.2857142857143
92,120.67460317460318,139.38095238095238,220.77777777777777,427.531746031746,353.0238095238095,342.7142857142857,360.37301587301585,179.3968253968254,129.14285714285714,334.3095238095238
93,121.64285714285714,138.22222222222223,225.47619047619048,414.031746031746,350.75396825396825,329.57142857142856,358.22222222222223,178.4920634920635,131.87301587301587,337.3015873015873
94,119.77777777777777,138.87301587301587,225.66666666666666,402.23809523809524,361.53968253968253,337.35714285714283,366.6825396825397,175.84920634920636,132.24603174603175,333.4920634920635
95,123.03174603174604,139.04761904761904,228.76190476190476,434.5,379.72222222222223,337.3253968253968,352.12698412698415,174.9920634920635,131.24603174603175,335.44444444444446
96,123.88,143.072,227.856,431.904,384.552,336.544,338.56,178.136,122.608,349.456
97,123.5725806451613,142.94354838709677,228.48387096774192,400.1693548387097,367.98387096774195,338.69354838709677,351.44354838709677,178.23387096774192,134.08870967741936,345.5725806451613
98,121.66129032258064,146.91935483870967,226.8548387096774,457.73387096774195,366.6532258064516,353.13709677419354,372.8306451612903,171.67741935483872,138.33064516129033,351.36290322580646
99,121.19354838709677,147.76612903225808,218.19354838709677,474.66129032258067,370.25,337.0725806451613,377.0,174.05645161290323,129.75,349.5241935483871
100,118.6774193548387,151.57258064516128,224.50806451612902,448.5806451612903,343.9274193548387,320.18548387096774,355.0241935483871,168.26612903225808,128.75806451612902,357.7016129032258
101,116.54032258064517,165.04032258064515,220.76612903225808,395.9758064516129,328.008064516129,323.10483870967744,348.19354838709677,174.31451612903226,133.83064516129033,348.71774193548384
102,116.45161290322581,175.0483870967742,219.25,437.1774193548387,325.30645161290323,369.60483870967744,357.26612903225805,175.40322580645162,126.45967741935483,347.508064516129
103,117.55284552845528,196.1219512195122,216.9349593495935,468.3658536585366,324.5772357723577,366.0731707317073,355.1382113821138,183.01626016260164,128.4227642276423,351.9837398373984
104,124.73983739837398,218.739837398374,218.95934959349594,453.1707317073171,352.4390243902439,361.1707317073171,353.780487804878,186.96747967479675,131.01626016260164,361.520325203252
105,148.4297520661157,255.72727272727272,223.83471074380165,469.59504132231405,354.1404958677686,355.77685950413223,353.1652892561983,181.80165289256198,128.10743801652893,363.08264462809916
106,170.94166666666666,302.55,223.66666666666666,545.2333333333333,341.0416666666667,346.4583333333333,344.3666666666667,186.7,125.65833333333333,357.7
107,169.675,333.18333333333334,227.775,568.2666666666667,343.85,373.675,349.98333333333335,185.84166666666667,128.90833333333333,358.125
108,170.54621848739495,372.8151260504202,231.14285714285714,547.0168067226891,317.1932773109244,377.00840336134456,357.03361344537814,188.2436974789916,127.92436974789916,357.83193277310926
109,170.1344537815126,436.8151260504202,231.18487394957984,583.1428571428571,333.453781512605,369.52941176470586,359.8655462184874,179.46218487394958,125.03361344537815,351.43697478991595
110,181.91525423728814,480.6864406779661,224.0084745762712,626.5677966101695,340.0762711864407,358.53389830508473,354.79661016949154,185.6949152542373,120.0,365.4830508474576
111,193.09322033898306,455.56779661016947,233.70338983050848,628.3728813559322,360.8220338983051,365.22033898305085,376.3898305084746,181.28813559322035,118.11864406779661,373.02542372881356
112,197.39316239316238,493.38461538461536,238.82051282051282,579.2905982905983,328.13675213675214,359.1111111111111,362.8205128205128,181.23931623931625,119.15384615384616,377.2649572649573
113,213.38793103448276,573.2758620689655,228.74137931034483,656.2241379310345,303.76724137931035,340.5344827586207,362.4396551724138,176.07758620689654,116.20689655172414,384.61206896551727
114,216.71304347826086,681.7217391304348,227.4,667.7130434782608,293.4173913043478,317.9478260869565,343.8521739130435,177.54782608695652,116.70434782608696,386.68695652173915
115,198.03478260869565,785.704347826087,217.57391304347826,694.4,300.3391304347826,329.2869565217391,338.11304347826086,183.28695652173914,118.78260869565217,401.3304347826087
116,181.11304347826086,888.4782608695652,218.80869565217392,653.4869565217391,297.82608695652175,367.46086956521737,352.9217391304348,175.83478260869566,121.86086956521739,415.38260869565215
117,163.50442477876106,966.3097345132743,221.23893805309734,681.8407079646017,290.83185840707966,353.6106194690266,365.1858407079646,173.4513274336283,124.54867256637168,418.3362831858407
118,142.858407079646,1041.6637168141592,221.06194690265488,666.2035398230089,297.3274336283186,342.8407079646018,374.7345132743363,174.5486725663717,121.98230088495575,428.13274336283183
119,127.1875,1096.580357142857,214.91071428571428,599.0267857142857,299.38392857142856,340.9375,348.6607142857143,176.08928571428572,116.59821428571429,441.79464285714283
120,118.17117117117117,1097.963963963964,222.4144144144144,554.7117117117117,284.86486486486484,331.3063063063063,369.4684684684685,173.1081081081081,115.51351351351352,453.1621621621622
121,116.99074074074075,1104.0462962962963,219.62037037037038,593.6944444444445,298.5,325.5740740740741,349.0462962962963,170.08333333333334,115.37037037037037,463.75
122,118.90566037735849,1084.122641509434,219.0754716981132,648.3490566037735,317.3867924528302,307.8867924528302,346.66037735849056,169.88679245283018,112.90566037735849,439.60377358490564
123,120.60576923076923,1068.7307692307693,220.78846153846155,622.9230769230769,330.7019230769231,312.46153846153845,368.33653846153845,176.93269230769232,111.14423076923077,432.0769230769231
124,122.02970297029702,1088.7029702970297,215.7029702970297,582.3861386138614,330.34653465346537,314.3267326732673,388.2772277227723,178.37623762376236,111.21782178217822,446.5940594059406
125,120.53535353535354,1106.3939393939395,220.23232323232324,609.8080808080808,331.52525252525254,304.85858585858585,385.57575757575756,178.93939393939394,110.15151515151516,458.06060606060606
126,118.68041237113403,1108.1855670103093,219.03092783505156,639.1030927835052,351.319587628866,313.37113402061857,401.92783505154637,187.24742268041237,109.61855670103093,471.9896907216495
127,119.94791666666667,1048.8645833333333,221.21875,662.4166666666666,349.40625,305.0416666666667,400.1979166666667,186.44791666666666,109.375,458.9166666666667
128,125.2,1051.8526315789475,222.38947368421051,671.1052631578947,341.86315789473684,317.0210526315789,393.7157894736842,183.70526315789473,111.07368421052631,435.36842105263156
129,123.69565217391305,1045.3804347826087,224.65217391304347,676.0760869565217,350.30434782608694,319.85869565217394,398.6847826086956,182.58695652173913,111.77173913043478,408.70652173913044
130,124.6304347826087,1009.5760869565217,226.91304347826087,664.2717391304348,367.2717391304348,305.3804347826087,396.1847826086956,179.20652173913044,107.72826086956522,399.9021739130435
131,129.01075268817203,988.0537634408602,227.36559139784947,653.3333333333334,403.10752688172045,302.19354838709677,413.39784946236557,181.79569892473117,111.44086021505376,390.3763440860215
132,124.32978723404256,893.8617021276596,224.87234042553192,636.4255319148937,429.9255319148936,305.01063829787233,427.6914893617021,183.37234042553192,109.51063829787235,382.63829787234044
133,122.61052631578947,789.2842105263157,227.0,626.1684210526316,461.9157894736842,310.30526315789473,420.8421052631579,186.52631578947367,108.18947368421053,378.6
134,125.09473684210526,740.7684210526315,230.98947368421054,623.4315789473684,477.0315789473684,311.11578947368423,418.36842105263156,191.47368421052633,106.22105263157894,369.66315789473686
135,127.36842105263158,691.0315789473684,233.83157894736843,632.4,462.7578947368421,313.9263157894737,435.89473684210526,192.2,106.7578947368421,369.1684210526316
136,125.94845360824742,629.0721649484536,230.50515463917526,569.319587628866,435.0103092783505,318.4226804123711,418.91752577319585,182.98969072164948,106.89690721649484,373.78350515463916
137,121.15306122448979,592.6938775510204,232.3673469387755,542.0510204081633,427.1938775510204,322.88775510204084,420.5408163265306,187.70408163265307,107.95918367346938,375.0
138,121.58585858585859,520.4848484848485,226.45454545454547,502.8888888888889,445.989898989899,311.020202020202,440.24242424242425,195.43434343434345,107.41414141414141,377.22222222222223
139,124.01020408163265,428.5816326530612,230.27551020408163,463.61224489795916,477.6530612244898,314.0816326530612,438.9387755102041,199.19387755102042,111.68367346938776,380.14285714285717
140,124.61224489795919,390.3979591836735,232.29591836734693,467.7857142857143,495.5612244897959,313.3673469387755,414.7959183673469,194.30612244897958,109.66326530612245,367.68367346938777
141,121.03030303030303,345.27272727272725,231.05050505050505,502.34343434343435,496.979797979798,314.52525252525254,424.67676767676767,187.7171717171717,108.5959595959596,361.67676767676767
142,122.93,294.28,231.14,505.55,486.5,308.89,441.49,182.85,105.25,351.38
143,121.85,250.49,230.24,529.5,505.0,301.18,450.67,179.79,109.24,324.21
144,122.95049504950495,223.45544554455446,227.13861386138615,556.8415841584158,540.990099009901,295.84158415841586,430.86138613861385,175.13861386138615,107.82178217821782,349.5940594059406
145,128.99019607843138,208.07843137254903,228.1764705882353,537.1862745098039,494.8137254901961,301.3137254901961,433.578431372549,179.07843137254903,107.6078431372549,332.421568627451
146,132.09708737864077,197.84466019417476,231.04854368932038,494.59223300970876,501.45631067961165,298.1067961165049,431.41747572815535,181.46601941747574,107.9126213592233,337.70873786407765
147,128.25242718446603,196.10679611650485,234.58252427184465,486.71844660194176,490.81553398058253,302.3495145631068,408.19417475728153,183.1359223300971,108.25242718446601,325.1747572815534
148,127.31067961165049,188.40776699029126,237.14563106796118,497.3495145631068,498.79611650485435,312.9514563106796,402.8543689320388,184.1359223300971,106.39805825242719,323.4854368932039
149,129.66346153846155,163.67307692307693,232.78846153846155,483.58653846153845,504.97115384615387,311.13461538461536,416.59615384615387,184.27884615384616,108.46153846153847,346.5769230769231
150,129.14285714285714,154.8,237.34285714285716,454.2190476190476,521.6380952380953,320.43809523809523,416.87619047619046,188.25714285714287,105.63809523809523,335.9142857142857
151,123.62857142857143,157.4857142857143,238.01904761904763,468.22857142857146,465.9238095238095,323.6380952380952,434.93333333333334,184.0857142857143,106.66666666666667,324.3619047619048
152,122.99029126213593,159.6601941747573,230.15533980582524,471.15533980582524,419.49514563106794,321.2135922330097,431.1650485436893,186.66990291262135,106.60194174757281,319.6116504854369
153,120.14851485148515,162.11881188118812,230.40594059405942,484.44554455445547,408.5742574257426,307.63366336633663,408.28712871287127,185.24752475247524,108.20792079207921,321.1782178217822
154,116.16666666666667,161.05882352941177,229.7156862745098,502.3921568627451,440.3627450980392,317.48039215686276,409.87254901960785,182.48039215686273,110.92156862745098,310.69607843137254
155,118.21782178217822,154.74257425742573,230.03960396039605,500.9306930693069,448.9009900990099,319.25742574257424,444.6732673267327,184.31683168316832,111.12871287128714,316.990099009901
156,123.04,142.54,231.3,494.26,477.1,326.13,456.84,175.84,109.96,314.32
157,123.61224489795919,138.4795918367347,231.69387755102042,497.03061224489795,475.81632653061223,338.7755102040816,428.6938775510204,176.72448979591837,113.38775510204081,319.0204081632653
158,120.23711340206185,138.04123711340208,230.659793814433,521.9175257731958,453.7628865979381,336.7938144329897,414.7216494845361,187.5257731958763,115.63917525773196,316.0515463917526
159,119.51041666666667,138.55208333333334,233.90625,498.6354166666667,450.90625,323.875,402.8229166666667,185.77083333333334,116.83333333333333,312.6145833333333
160,119.48936170212765,138.2872340425532,237.59574468085106,460.63829787234044,420.8723404255319,336.48936170212767,411.8936170212766,179.9787234042553,116.70212765957447,321.98936170212767
161,118.9247311827957,138.33333333333334,242.6021505376344,474.8494623655914,427.16129032258067,335.81720430107526,404.2903225806452,181.0,119.3225806451613,323.80645161290323
162,118.6923076923077,135.67032967032966,232.4945054945055,473.7142857142857,484.15384615384613,334.42857142857144,403.04395604395603,184.0989010989011,121.3076923076923,328.8791208791209
163,118.47777777777777,138.64444444444445,226.1,484.64444444444445,501.2111111111111,326.76666666666665,423.47777777777776,187.04444444444445,120.24444444444444,325.1
164,127.43820224719101,141.58426966292134,235.41573033707866,539.123595505618,512.8314606741573,336.19101123595505,459.80898876404495,183.06741573033707,123.52808988764045,328.438202247191
165,137.48863636363637,142.38636363636363,236.3409090909091,544.7727272727273,492.34090909090907,356.5,477.0568181818182,190.52272727272728,125.36363636363636,323.60227272727275
166,141.80459770114942,146.11494252873564,235.2183908045977,564.6781609195402,505.42528735632186,340.5287356321839,460.60919540229884,202.6206896551724,126.44827586206897,311.8045977011494
167,166.5909090909091,149.13636363636363,230.45454545454547,569.2159090909091,534.2386363636364,342.1136363636364,434.10227272727275,200.64772727272728,133.2840909090909,313.4886363636364
168,188.17241379310346,144.01149425287358,234.27586206896552,552.6436781609195,545.4367816091954,325.3103448275862,466.18390804597703,191.91954022988506,136.5632183908046,316.0689655172414
169,191.2674418604651,147.24418604651163,239.4418604651163,631.4302325581396,551.4186046511628,305.5348837209302,502.8488372093023,194.58139534883722,133.5,314.19767441860466
170,184.97674418604652,149.51162790697674,240.95348837209303,664.0116279069767,546.4186046511628,323.51162790697674,544.2906976744187,199.8953488372093,125.46511627906976,328.6046511627907
171,191.91954022988506,150.82758620689654,244.70114942528735,647.5402298850574,556.1034482758621,312.35632183908046,522.6551724137931,204.45977011494253,124.41379310344827,329.1264367816092
172,215.17241379310346,149.71264367816093,246.02298850574712,664.7701149425287,542.9655172413793,321.32183908045977,547.9310344827586,209.19540229885058,130.28735632183907,323.5287356321839
173,239.05747126436782,147.91954022988506,237.4367816091954,610.4827586206897,549.7241379310345,315.5632183908046,520.0344827586207,211.01149425287358,129.11494252873564,316.9080459770115
174,256.48837209302326,146.17441860465115,235.80232558139534,590.2674418604652,578.6976744186046,320.66279069767444,503.5348837209302,217.30232558139534,125.74418604651163,317.66279069767444
175,296.04651162790697,147.22093023255815,240.19767441860466,556.9418604651163,573.8720930232558,311.9767441860465,503.8139534883721,232.8139534883721,126.93023255813954,334.9767441860465
176,345.1744186046512,151.25581395348837,239.96511627906978,620.6279069767442,555.6976744186046,307.30232558139534,506.56976744186045,238.6627906976744,127.34883720930233,332.72093023255815
177,395.7906976744186,142.72093023255815,238.09302325581396,648.4767441860465,541.4418604651163,297.54651162790697,470.0,231.34883720930233,126.5,341.8837209302326
178,416.63953488372096,132.45348837209303,243.80232558139534,681.6860465116279,564.4186046511628,295.43023255813955,501.8837209302326,230.3372093023256,123.53488372093024,323.0232558139535
179,377.0813953488372,133.98837209302326,240.0581395348837,733.4302325581396,567.7906976744187,289.5348837209302,518.2325581395348,221.97674418604652,125.9186046511628,326.27906976744185
180,325.72093023255815,137.5,241.45348837209303,705.5930232558139,573.953488372093,294.4651162790698,496.4418604651163,211.11627906976744,126.0813953488372,332.27906976744185
181,290.30232558139534,138.17441860465115,239.7093023255814,639.5581395348837,569.3837209302326,306.80232558139534,523.8953488372093,208.2906976744186,123.02325581395348,334.5
182,289.6162790697674,142.09302325581396,235.74418604651163,716.5232558139535,554.4302325581396,303.48837209302326,508.24418604651163,210.58139534883722,122.44186046511628,340.2093023255814
183,300.8735632183908,159.80459770114942,237.6551724137931,743.9425287356322,560.3793103448276,322.1954022988506,541.4137931034483,204.66666666666666,121.37931034482759,335.35632183908046
184,301.13793103448273,187.29885057471265,234.4022988505747,772.7816091954023,595.0114942528736,314.9425287356322,558.448275862069,201.35632183908046,123.8735632183908,338.98850574712645
185,298.64367816091954,201.72413793103448,240.4367816091954,837.0919540229885,634.816091954023,306.2758620689655,564.0459770114943,215.45977011494253,123.8735632183908,336.7586206896552
186,291.9080459770115,195.01149425287358,236.06896551724137,784.8390804597701,664.2068965517242,310.58620689655174,614.6206896551724,227.48275862068965,129.3448275862069,335.42528735632186
187,284.1264367816092,179.7816091954023,255.5632183908046,772.2068965517242,752.4827586206897,305.4022988505747,585.8735632183908,220.17241379310346,131.73563218390805,342.58620689655174
188,288.08988764044943,182.41573033707866,243.1685393258427,737.9213483146067,781.1573033707865,304.1573033707865,509.7977528089888,207.32584269662922,127.21348314606742,341.5056179775281
189,299.76404494382024,211.8426966292135,248.0561797752809,652.9213483146067,748.1460674157304,309.34831460674155,498.07865168539325,208.3370786516854,125.31460674157303,339.2134831460674
190,291.15555555555557,245.4,247.61111111111111,575.8444444444444,754.8333333333334,322.3333333333333,505.3333333333333,213.74444444444444,130.85555555555555,344.44444444444446
191,279.6373626373626,278.0879120879121,251.73626373626374,637.6813186813187,776.2967032967033,363.3736263736264,525.021978021978,206.01098901098902,132.2967032967033,345.57142857142856
192,301.94505494505495,301.7362637362637,247.1868131868132,667.7582417582418,805.989010989011,369.31868131868134,576.3626373626373,206.0,130.3846153846154,339.34065934065933
193,312.92391304347825,305.94565217391306,257.6630434782609,653.3369565217391,869.6195652173913,312.9347826086956,550.6739130434783,204.6413043478261,126.43478260869566,332.4891304347826
194,281.3510638297872,335.9468085106383,245.56382978723406,631.3510638297872,880.4255319148937,301.2659574468085,502.1489361702128,197.39361702127658,123.01063829787235,344.93617021276594
195,239.58510638297872,368.2340425531915,236.40425531914894,636.4148936170212,877.6170212765958,301.6489361702128,495.79787234042556,188.51063829787233,123.88297872340425,344.6489361702128
196,203.4842105263158,352.1684210526316,241.82105263157894,611.4842105263158,920.2947368421053,291.88421052631577,524.6,184.37894736842105,121.69473684210526,335.62105263157895
197,201.80208333333334,321.3541666666667,242.55208333333334,572.21875,905.7291666666666,291.90625,525.3645833333334,188.57291666666666,120.94791666666667,341.7916666666667
198,224.125,316.875,233.27083333333334,562.0104166666666,1004.9583333333334,292.90625,508.0208333333333,191.52083333333334,125.875,343.6145833333333
199,233.82474226804123,304.89690721649487,245.64948453608247,584.5257731958762,1083.9072164948454,304.30927835051546,504.4329896907216,191.7422680412371,125.43298969072166,334.2783505154639
200,232.79381443298968,293.2371134020619,236.22680412371133,556.2061855670103,1064.8350515463917,300.41237113402065,506.9381443298969,185.84536082474227,126.4020618556701,334.10309278350513
201,216.6326530612245,291.3265306122449,246.9795918367347,605.9285714285714,1071.9897959183672,282.1020408163265,487.3469387755102,186.40816326530611,123.5,339.7755102040816
202,196.3265306122449,305.7448979591837,240.1122448979592,576.2551020408164,1082.4795918367347,288.6326530612245,464.9795918367347,190.0204081632653,123.08163265306122,343.05102040816325
203,183.57142857142858,356.9183673469388,238.51020408163265,549.8469387755102,1159.5408163265306,308.31632653061223,425.35714285714283,200.3265306122449,121.79591836734694,347.01020408163265
204,181.9387755102041,417.7551020408163,249.8265306122449,485.6938775510204,1128.0102040816328,304.18367346938777,417.3469387755102,188.10204081632654,119.85714285714286,340.92857142857144
205,175.78571428571428,491.1020408163265,242.27551020408163,454.4795918367347,1055.2755102040817,290.7142857142857,430.44897959183675,189.1326530612245,120.71428571428571,343.44897959183675
206,168.58163265306123,561.6836734693877,239.74489795918367,511.8469387755102,1093.530612244898,295.01020408163265,410.2040816326531,199.3877551020408,117.29591836734694,347.7244897959184
207,164.72727272727272,600.1616161616162,238.41414141414143,514.9494949494949,1132.6363636363637,301.8484848484849,399.5858585858586,192.7979797979798,114.60606060606061,362.07070707070704
208,152.43434343434345,663.4949494949495,239.72727272727272,495.92929292929296,1162.6161616161617,301.90909090909093,418.34343434343435,190.59595959595958,121.16161616161617,363.2323232323232
209,143.78787878787878,716.929292929293,239.66666666666666,471.8484848484849,1173.5555555555557,301.92929292929296,438.3333333333333,192.66666666666666,122.26262626262626,362.1212121212121
210,146.26262626262627,764.2626262626262,232.13131313131314,509.7979797979798,1175.5050505050506,295.3838383838384,434.26262626262627,183.72727272727272,120.1010101010101,379.3030303030303
211,153.11111111111111,828.969696969697,233.86868686868686,529.8484848484849,1163.3131313131314,299.5858585858586,411.73737373737373,193.25252525252526,117.0,388.14141414141415
212,153.92929292929293,934.89898989899,235.1919191919192,514.3232323232323,1141.7878787878788,306.7070707070707,392.020202020202,180.5252525252525,113.02020202020202,401.16161616161617
213,147.15151515151516,1031.79797979798,234.85858585858585,483.4848484848485,1150.1616161616162,295.35353535353534,402.67676767676767,178.26262626262627,111.41414141414141,405.4949494949495
214,143.4747474747475,1062.3838383838383,234.42424242424244,476.93939393939394,1130.080808080808,293.52525252525254,409.7676767676768,175.2828282828283,109.07070707070707,403.6969696969697
215,147.15151515151516,1097.1010101010102,235.5151515151515,479.7979797979798,1164.4343434343434,292.7979797979798,383.5959595959596,181.03030303030303,110.85858585858585,400.74747474747477
216,152.57575757575756,1081.4343434343434,230.57575757575756,426.24242424242425,1144.1616161616162,291.52525252525254,403.6868686868687,188.6161616161616,110.96969696969697,407.7171717171717
217,151.74,1054.93,229.42,439.75,1148.0,291.54,419.71,184.1,110.93,401.85
218,150.55445544554456,1026.8415841584158,237.53465346534654,479.71287128712873,1152.8316831683169,299.23762376237624,428.9306930693069,193.74257425742573,110.44554455445545,403.03960396039605
219,145.56435643564356,985.6831683168317,233.12871287128712,509.6039603960396,1114.009900990099,303.91089108910893,434.73267326732673,193.43564356435644,112.55445544554455,385.9306930693069
220,136.8019801980198,974.3663366336634,235.55445544554456,517.960396039604,1125.920792079208,308.1485148514852,392.0792079207921,179.96039603960395,111.55445544554455,371.36633663366337
221,136.32673267326732,984.049504950495,233.65346534653466,458.4059405940594,1086.7425742574258,289.6831683168317,418.08910891089107,183.02970297029702,109.55445544554455,362.51485148514854
222,135.91176470588235,918.4117647058823,232.00980392156862,440.98039215686276,1076.735294117647,288.421568627451,397.078431372549,180.81372549019608,110.44117647058823,359.52941176470586
223,137.25742574257427,812.3861386138614,229.64356435643563,440.7722772277228,1053.1089108910892,293.25742574257424,371.46534653465346,185.24752475247524,111.82178217821782,367.33663366336634
224,134.17,749.16,236.22,424.76,1073.61,290.49,386.05,183.32,108.79,339.14
225,129.29,666.26,233.57,427.22,1094.77,289.26,399.88,189.81,110.84,339.67
226,127.5,581.88,233.65,424.17,1107.99,281.58,374.18,179.21,112.72,342.15
227,125.87878787878788,534.020202020202,231.93939393939394,425.35353535353534,1135.1010101010102,291.24242424242425,367.3838383838384,178.17171717171718,114.83838383838383,346.57575757575756
228,123.65306122448979,490.7142857142857,237.62244897959184,414.3979591836735,1209.7857142857142,287.6734693877551,418.4591836734694,179.30612244897958,120.8265306122449,352.8979591836735
229,124.5,440.7040816326531,239.22448979591837,450.18367346938777,1155.6836734693877,304.1530612244898,399.94897959183675,178.90816326530611,123.3061224489796,363.85714285714283
230,127.83505154639175,402.30927835051546,235.5979381443299,470.35051546391753,1147.2164948453608,286.08247422680415,378.2474226804124,184.23711340206185,119.41237113402062,351.25773195876286
231,128.76041666666666,371.0416666666667,230.70833333333334,457.1354166666667,1094.21875,281.7291666666667,384.4166666666667,185.02083333333334,124.28125,361.9166666666667
232,130.34375,336.3125,228.53125,459.6041666666667,1054.1875,290.5,395.84375,177.90625,120.29166666666667,353.0416666666667
233,131.90526315789472,302.62105263157895,231.1578947368421,476.2421052631579,1083.6315789473683,283.2105263157895,403.8,177.31578947368422,127.8,354.2736842105263
234,131.13829787234042,258.5744680851064,236.96808510638297,478.48936170212767,1065.2446808510638,291.0,391.1276595744681,178.09574468085106,127.84042553191489,361.21276595744683
235,130.40425531914894,219.36170212765958,238.9255319148936,466.86170212765956,1055.0851063829787,285.7340425531915,368.67021276595744,178.53191489361703,123.76595744680851,351.8936170212766
236,131.31914893617022,188.40425531914894,236.86170212765958,459.72340425531917,1102.6063829787233,291.56382978723406,391.21276595744683,178.09574468085106,124.54255319148936,367.1170212765957
237,134.61290322580646,170.0752688172043,238.49462365591398,455.2043010752688,1159.3225806451612,293.5483870967742,410.80645161290323,180.78494623655914,128.2258064516129,373.23655913978496
238,132.74193548387098,169.5268817204301,241.91397849462365,465.6774193548387,1169.720430107527,292.741935483871,399.06451612903226,185.31182795698925,130.6236559139785,368.31182795698925
239,130.76344086021504,177.89247311827958,242.3978494623656,447.59139784946234,1114.3655913978494,299.752688172043,385.0967741935484,181.1720430107527,126.27956989247312,374.76344086021504
240,128.13978494623655,175.76344086021504,240.8709677419355,441.31182795698925,1084.3118279569892,284.4731182795699,436.1720430107527,174.3548387096774,132.06451612903226,354.2043010752688
241,129.63440860215053,164.70967741935485,238.91397849462365,465.9032258064516,1069.9569892473119,300.9247311827957,404.1182795698925,175.6236559139785,140.05376344086022,356.1290322580645
242,129.4731182795699,148.1290322580645,235.20430107526883,471.51612903225805,1020.4731182795699,290.83870967741933,400.4301075268817,182.01075268817203,144.33333333333334,356.2795698924731
243,129.58064516129033,143.70967741935485,232.13978494623655,474.93548387096774,1002.8494623655914,290.4516129032258,406.76344086021504,187.2688172043011,147.9784946236559,363.36559139784947
244,128.5531914893617,150.7872340425532,233.20212765957447,473.1595744680851,1023.0531914893617,292.67021276595744,393.3829787234043,189.63829787234042,144.43617021276594,367.0531914893617
245,128.4468085106383,157.5,234.9255319148936,485.28723404255317,993.5531914893617,295.47872340425533,373.29787234042556,185.5531914893617,146.17021276595744,367.9255319148936
246,127.85106382978724,154.7127659574468,235.70212765957447,491.27659574468083,922.4574468085107,301.82978723404256,370.6914893617021,180.29787234042553,153.31914893617022,370.9148936170213
247,125.2258064516129,147.95698924731184,238.56989247311827,490.8279569892473,913.4408602150538,302.5376344086022,378.98924731182797,185.4516129032258,152.65591397849462,375.35483870967744
248,129.6021505376344,143.66666666666666,236.36559139784947,475.3010752688172,956.8494623655914,293.02150537634407,397.1720430107527,182.94623655913978,151.7741935483871,369.06451612903226
249,145.23655913978496,144.53763440860214,239.36559139784947,513.2903225806451,969.4623655913979,292.64516129032256,403.59139784946234,184.3978494623656,157.3978494623656,372.3763440860215
250,169.80645161290323,151.96774193548387,246.31182795698925,522.9462365591398,995.4301075268817,291.8817204301075,395.96774193548384,184.23655913978496,162.20430107526883,376.7741935483871
251,206.53191489361703,155.36170212765958,243.5744680851064,493.59574468085106,1020.6276595744681,283.8723404255319,380.968085106383,185.88297872340425,157.38297872340425,370.6808510638298
252,242.39361702127658,149.4787234042553,244.40425531914894,472.63829787234044,1062.872340425532,285.0851063829787,382.27659574468083,187.90425531914894,153.58510638297872,364.968085106383
253,235.5157894736842,138.29473684210527,240.7578947368421,448.3157894736842,1116.2526315789473,289.36842105263156,402.0,185.78947368421052,152.33684210526314,358.90526315789475
254,222.15625,132.61458333333334,241.15625,446.1875,1068.0833333333333,303.8958333333333,425.875,188.83333333333334,155.02083333333334,359.40625
255,238.93684210526317,129.81052631578947,248.01052631578946,445.58947368421053,1011.2947368421053,301.5052631578947,426.9263157894737,184.58947368421053,150.42105263157896,363.2315789473684
256,254.86315789473684,136.8,249.61052631578949,411.41052631578947,1051.4315789473685,297.63157894736844,417.5157894736842,179.32631578947368,145.22105263157894,364.4315789473684
257,249.38947368421051,142.86315789473684,244.5157894736842,400.62105263157895,990.1578947368421,319.1578947368421,412.6421052631579,187.38947368421051,147.6,366.3578947368421
258,227.02083333333334,144.98958333333334,246.05208333333334,423.09375,1065.6979166666667,338.1041666666667,400.5520833333333,187.5625,154.0625,374.8854166666667
259,222.88541666666666,156.70833333333334,244.26041666666666,429.5729166666667,1058.0625,325.3541666666667,394.0416666666667,185.32291666666666,160.04166666666666,368.0416666666667
260,233.82474226804123,164.81443298969072,239.5463917525773,436.2783505154639,1022.9175257731958,307.96907216494844,392.77319587628864,183.70103092783506,163.4742268041237,368.8041237113402
261,252.3298969072165,152.91752577319588,237.5979381443299,419.4020618556701,1140.1134020618556,293.5979381443299,387.89690721649487,184.77319587628867,164.23711340206185,375.2783505154639
262,251.21428571428572,150.8673469387755,242.92857142857142,401.92857142857144,1166.1836734693877,300.3673469387755,387.1938775510204,182.22448979591837,164.80612244897958,361.5612244897959
263,252.20408163265307,157.4591836734694,247.18367346938774,409.0204081632653,1111.7755102040817,312.4387755102041,391.14285714285717,188.22448979591837,164.19387755102042,369.48979591836735
264,285.2857142857143,163.1530612244898,259.09183673469386,433.1938775510204,1109.561224489796,302.55102040816325,426.1734693877551,196.53061224489795,180.3673469387755,360.0408163265306
265,336.4848484848485,171.21212121212122,276.8888888888889,429.92929292929296,1052.6565656565656,302.55555555555554,416.8787878787879,194.2828282828283,175.22222222222223,363.64646464646466
266,392.1530612244898,170.80612244897958,257.8061224489796,397.7448979591837,1055.9285714285713,313.55102040816325,407.38775510204084,187.1122448979592,173.53061224489795,379.68367346938777
267,429.42857142857144,176.0,254.30612244897958,390.6734693877551,1170.8979591836735,308.6224489795918,399.3775510204082,191.69387755102042,167.76530612244898,373.734693877551
268,445.2551020408163,178.07142857142858,254.8673469387755,381.2551020408163,1206.6122448979593,303.5612244897959,425.7244897959184,189.4387755102041,157.83673469387756,371.1734693877551
269,444.92929292929296,177.0909090909091,258.7676767676768,353.19191919191917,1122.5151515151515,303.8181818181818,420.6969696969697,189.13131313131314,159.22222222222223,360.4343434343434
270,450.34343434343435,189.53535353535352,256.8989898989899,348.47474747474746,1175.121212121212,302.010101010101,418.9191919191919,188.76767676767676,174.43434343434345,381.93939393939394
271,467.74747474747477,210.7070707070707,256.5353535353535,372.37373737373736,1136.989898989899,316.34343434343435,412.3333333333333,188.07070707070707,179.12121212121212,368.52525252525254
272,472.969696969697,217.92929292929293,251.010101010101,395.09090909090907,1040.878787878788,309.4040404040404,434.5353535353535,181.41414141414143,180.16161616161617,373.4141414141414
273,467.8686868686869,213.15151515151516,254.7979797979798,371.3838383838384,1043.171717171717,303.67676767676767,418.54545454545456,180.75757575757575,170.63636363636363,364.22222222222223
274,470.19191919191917,239.8989898989899,248.56565656565655,347.73737373737373,1006.8383838383838,290.5050505050505,433.75757575757575,188.7070707070707,168.4848484848485,376.979797979798
275,442.32323232323233,254.3030303030303,250.4949494949495,324.0,1115.949494949495,295.1111111111111,425.2828282828283,190.2929292929293,170.55555555555554,381.0
276,396.26,255.44,251.99,307.02,1089.89,294.66,424.78,182.21,168.97,376.42
277,396.8,264.68,255.09,343.59,1046.89,295.37,389.0,179.6,158.97,385.73
278,416.88,298.31,250.79,343.08,1084.75,301.12,383.28,175.05,154.63,395.06
279,400.6862745098039,332.6470588235294,257.6078431372549,331.6078431372549,1093.2450980392157,299.05882352941177,387.6666666666667,177.2843137254902,156.7843137254902,424.9313725490196
280,379.6470588235294,333.7647058823529,258.2647058823529,320.80392156862746,1097.1176470588234,285.5980392156863,417.3235294117647,174.7450980392157,160.7450980392157,463.1078431372549
281,358.95098039215685,317.421568627451,262.97058823529414,302.98039215686276,1119.0294117647059,288.9901960784314,452.62745098039215,172.31372549019608,169.5392156862745,478.3137254901961
282,352.2450980392157,317.3627450980392,248.59803921568627,316.34313725490193,1187.0098039215686,290.3137254901961,421.6666666666667,172.34313725490196,179.98039215686273,512.4215686274509
283,352.2330097087379,355.81553398058253,247.15533980582524,295.3203883495146,1220.4174757281553,294.0485436893204,446.6504854368932,181.36893203883494,175.3398058252427,532.9514563106796
284,346.88235294117646,431.4901960784314,272.46078431372547,294.3529411764706,1221.2156862745098,297.8235294117647,476.9117647058824,183.13725490196077,172.52941176470588,536.4215686274509
285,330.56310679611653,481.49514563106794,266.4660194174757,275.92233009708735,1162.5242718446602,298.68932038834953,494.621359223301,181.36893203883494,171.02912621359224,544.1650485436893
286,319.93203883495147,519.3300970873786,279.18446601941747,264.07766990291265,1185.3300970873786,300.31067961165047,504.6407766990291,177.53398058252426,173.75728155339806,568.9805825242719
287,314.2621359223301,565.9611650485436,292.49514563106794,286.58252427184465,1243.7572815533981,302.45631067961165,467.54368932038835,181.1359223300971,173.28155339805826,612.252427184466
288,306.7019230769231,634.625,290.28846153846155,290.96153846153845,1231.8461538461538,308.7692307692308,478.5,187.46153846153845,172.47115384615384,599.8653846153846
289,301.7238095238095,698.552380952381,304.4190476190476,279.53333333333336,1243.1619047619047,327.77142857142854,510.8285714285714,186.63809523809525,175.88571428571427,599.0380952380953
290,298.3490566037736,747.3584905660377,315.3018867924528,261.58490566037733,1259.5377358490566,316.1981132075472,489.02830188679246,188.04716981132074,179.33962264150944,619.7169811320755
291,308.1509433962264,798.0377358490566,319.4811320754717,269.50943396226415,1220.8962264150944,314.688679245283,506.08490566037733,183.33962264150944,177.9433962264151,616.6037735849056
292,301.07547169811323,870.7452830188679,312.7169811320755,268.311320754717,1190.6037735849056,296.0377358490566,524.9245283018868,175.5943396226415,170.3490566037736,607.0943396226415
293,288.1132075471698,954.1603773584906,323.4433962264151,255.3490566037736,1173.8867924528302,304.04716981132077,510.08490566037733,176.81132075471697,164.03773584905662,618.6603773584906
294,260.9811320754717,974.9716981132076,338.10377358490564,237.8679245283019,1194.1037735849056,319.2641509433962,501.4622641509434,187.32075471698113,160.5943396226415,615.1603773584906
295,226.73584905660377,971.5377358490566,352.79245283018867,230.80188679245282,1221.5094339622642,313.311320754717,515.3207547169811,189.32075471698113,158.3679245283019,594.188679245283
296,206.5566037735849,991.3396226415094,353.79245283018867,219.14150943396226,1210.5566037735848,321.77358490566036,518.1320754716982,184.78301886792454,158.64150943396226,598.1509433962265
297,197.81308411214954,948.8878504672897,347.14953271028037,222.98130841121494,1170.981308411215,321.9065420560748,529.1495327102804,184.2803738317757,154.79439252336448,607.9719626168225
298,190.08333333333334,915.7129629629629,342.5925925925926,215.17592592592592,1164.8148148148148,307.6666666666667,552.6203703703703,193.7962962962963,153.5648148148148,604.2222222222222
299,177.5185185185185,915.3611111111111,358.1666666666667,194.25,1147.4259259259259,312.94444444444446,545.8888888888889,187.5648148148148,152.77777777777777,601.1388888888889
300,173.87037037037038,897.6111111111111,369.69444444444446,192.12037037037038,1135.25,317.8240740740741,529.0462962962963,180.97222222222223,146.58333333333334,600.5833333333334
301,180.50925925925927,842.1296296296297,380.3703703703704,194.35185185185185,1158.3055555555557,318.6388888888889,557.8981481481482,188.37037037037038,144.84259259259258,578.2129629629629
302,175.27522935779817,818.4495412844037,388.57798165137615,188.9816513761468,1185.9633027522937,323.9908256880734,593.7155963302753,192.42201834862385,144.63302752293578,554.2385321100918
303,164.0183486238532,803.9724770642201,398.38532110091745,185.85321100917432,1179.5688073394494,312.38532110091745,583.1651376146789,185.0,150.92660550458714,557.348623853211
304,144.57798165137615,812.1467889908257,393.7889908256881,184.24770642201835,1153.6238532110092,320.43119266055044,555.9266055045872,179.8165137614679,153.9816513761468,536.5229357798165
305,125.93693693693693,838.5135135135135,398.7477477477477,186.9189189189189,1082.2522522522522,320.7027027027027,560.8738738738739,182.9189189189189,145.84684684684686,529.5315315315315
306,121.08108108108108,816.1441441441441,405.036036036036,186.82882882882882,1091.162162162162,321.8018018018018,575.2342342342342,183.64864864864865,138.14414414414415,515.009009009009
307,120.41818181818182,760.5363636363636,404.7818181818182,197.13636363636363,1081.6,320.26363636363635,599.8272727272728,184.12727272727273,142.55454545454546,518.6363636363636
308,118.05405405405405,715.7927927927927,430.27027027027026,199.46846846846847,1107.0900900900901,310.68468468468467,603.2342342342342,186.6036036036036,141.48648648648648,521.4054054054054
309,117.54054054054055,658.7837837837837,453.009009009009,202.6936936936937,1078.7747747747749,308.4234234234234,576.063063063063,183.72972972972974,145.0900900900901,513.0450450450451
310,119.4054054054054,578.8198198198198,468.4684684684685,205.76576576576576,1097.4144144144145,310.963963963964,593.7927927927927,183.0900900900901,140.81981981981983,487.6666666666667
311,120.35714285714286,488.36607142857144,482.75892857142856,211.9375,1114.294642857143,305.2767857142857,639.6339285714286,185.59821428571428,142.41964285714286,494.0
312,121.34821428571429,422.6517857142857,505.38392857142856,205.52678571428572,1195.4910714285713,299.5892857142857,631.8303571428571,194.86607142857142,139.625,479.11607142857144
313,122.67857142857143,386.9107142857143,535.6517857142857,208.64285714285714,1201.8214285714287,303.25,602.1160714285714,194.25,143.90178571428572,453.85714285714283
314,121.64601769911505,353.14159292035396,536.2300884955753,207.34513274336283,1251.3716814159293,309.929203539823,626.2300884955753,192.21238938053096,146.26548672566372,454.94690265486724
315,117.32456140350877,336.2631578947368,531.8684210526316,203.10526315789474,1192.7280701754387,310.0964912280702,684.359649122807,183.35087719298247,153.43859649122808,473.89473684210526
316,116.61946902654867,310.92035398230087,566.4159292035398,208.64601769911505,1176.7787610619469,302.1946902654867,675.1592920353983,187.13274336283186,153.68141592920355,466.7345132743363
317,118.91150442477876,286.2654867256637,616.3097345132743,209.6283185840708,1173.5398230088495,308.6991150442478,639.787610619469,180.69026548672565,160.92920353982302,475.5575221238938
318,121.40869565217392,254.56521739130434,628.6347826086957,209.95652173913044,1129.6869565217391,310.0869565217391,670.3478260869565,183.57391304347826,160.11304347826086,466.7130434782609
319,120.94782608695652,219.31304347826088,640.4782608695652,213.6,1095.408695652174,304.89565217391305,691.2086956521739,184.43478260869566,164.55652173913043,472.2695652173913
320,121.24137931034483,199.77586206896552,651.4827586206897,217.6206896551724,1134.5603448275863,297.9913793103448,716.2586206896551,208.43103448275863,163.8793103448276,467.80172413793105
321,123.8119658119658,197.0940170940171,654.6752136752136,224.33333333333334,1184.7777777777778,298.28205128205127,813.991452991453,194.77777777777777,157.52136752136752,467.5213675213675
322,122.7008547008547,192.3846153846154,665.3418803418804,228.11111111111111,1196.982905982906,294.20512820512823,788.0854700854701,187.35042735042734,166.52991452991452,459.70940170940173
323,121.35897435897436,180.02564102564102,688.7264957264957,223.76923076923077,1237.5811965811965,295.8888888888889,701.5641025641025,179.75213675213675,177.88888888888889,455.44444444444446
324,121.29661016949153,173.07627118644066,696.8389830508474,229.16949152542372,1158.9915254237287,309.5508474576271,682.4406779661017,187.27118644067798,182.364406779661,446.4830508474576
325,120.51694915254237,168.41525423728814,723.1271186440678,231.1864406779661,1136.1016949152543,302.6525423728813,763.5508474576271,200.22881355932202,173.9406779661017,449.9237288135593
326,123.38135593220339,167.72033898305085,750.2796610169491,223.91525423728814,1172.0,303.77966101694915,741.8305084745763,201.1864406779661,180.5084745762712,437.5169491525424
327,128.29661016949152,165.03389830508473,759.7542372881356,226.6271186440678,1132.6186440677966,311.6949152542373,705.0847457627119,198.89830508474577,186.74576271186442,432.77966101694915
328,130.72033898305085,159.95762711864407,774.9915254237288,249.83898305084745,1074.584745762712,305.70338983050846,713.8898305084746,203.8728813559322,185.09322033898306,435.8728813559322
329,138.38655462184875,156.01680672268907,783.5882352941177,247.0252100840336,1048.5882352941176,304.4621848739496,701.3109243697479,188.7983193277311,182.18487394957984,436.12605042016804
330,157.7731092436975,156.83193277310923,814.09243697479,237.0672268907563,1065.4705882352941,303.02521008403363,693.5210084033613,192.96638655462183,182.78991596638656,444.218487394958
331,164.875,151.91666666666666,841.1916666666667,250.08333333333334,1058.95,307.425,717.5416666666666,205.85,184.63333333333333,460.275
332,159.4,139.70833333333334,846.3333333333334,264.7916666666667,1016.35,301.98333333333335,717.075,197.275,184.975,446.85
333,159.94117647058823,135.0924369747899,852.5882352941177,262.21008403361344,980.9915966386554,308.39495798319325,724.4201680672269,193.98319327731093,190.71428571428572,430.453781512605
334,171.61157024793388,142.11570247933884,873.7272727272727,265.6528925619835,987.9669421487604,298.45454545454544,715.5454545454545,188.12396694214877,194.34710743801654,430.2396694214876
335,180.94214876033058,154.49586776859505,881.3636363636364,297.05785123966945,1000.1570247933885,300.1652892561983,729.6694214876034,190.0082644628099,198.72727272727272,435.7190082644628
336,182.11570247933884,158.1818181818182,888.4876033057851,298.8181818181818,994.9504132231405,300.60330578512395,743.7520661157025,194.49586776859505,204.34710743801654,434.10743801652893
337,190.0495867768595,151.59504132231405,910.9338842975206,296.3057851239669,1021.6363636363636,298.0082644628099,726.8429752066115,188.48760330578511,207.44628099173553,431.41322314049586
338,202.4297520661157,143.4297520661157,944.2314049586777,323.8595041322314,1092.8760330578511,309.88429752066116,747.1818181818181,191.21487603305786,207.97520661157026,430.6611570247934
339,213.2396694214876,145.01652892561984,972.4297520661157,328.5289256198347,1060.2396694214876,311.1570247933884,813.297520661157,190.95867768595042,205.71900826446281,429.97520661157023
340,214.31147540983608,145.91803278688525,993.3770491803278,298.59016393442624,993.5983606557377,308.95081967213116,801.7131147540983,192.2622950819672,203.4344262295082,426.1311475409836
341,225.5206611570248,144.88429752066116,1029.6198347107438,298.22314049586777,1040.0082644628098,308.07438016528926,779.8264462809917,197.43801652892563,202.86776859504133,427.9504132231405
342,236.28925619834712,140.099173553719,1067.2231404958677,311.88429752066116,1075.7438016528927,316.7190082644628,737.5289256198347,194.27272727272728,193.06611570247935,426.2892561983471
343,247.8512396694215,138.28099173553719,1060.1818181818182,318.92561983471074,1040.5619834710744,304.4793388429752,745.2892561983471,192.19834710743802,190.62809917355372,425.6115702479339
344,255.51239669421489,144.35537190082644,1040.1818181818182,318.7603305785124,994.8347107438017,304.92561983471074,794.8181818181819,192.2396694214876,196.40495867768595,420.2809917355372
345,261.1570247933884,151.40495867768595,1046.7438016528927,301.05785123966945,999.9090909090909,319.0082644628099,771.7685950413223,193.30578512396696,194.21487603305786,410.2892561983471
346,287.900826446281,159.50413223140495,1052.1818181818182,293.4710743801653,1040.2231404958677,307.6363636363636,730.9752066115702,198.46280991735537,190.9090909090909,416.11570247933884
347,312.4876033057851,154.50413223140495,1065.2148760330579,320.45454545454544,1079.9586776859503,301.07438016528926,709.595041322314,206.12396694214877,200.76859504132233,418.05785123966945
348,326.875,148.35833333333332,1054.95,340.26666666666665,1100.95,300.30833333333334,738.275,203.11666666666667,203.175,427.39166666666665
349,347.14166666666665,144.95833333333334,1080.35,302.075,1114.5416666666667,299.225,775.975,194.35,201.85833333333332,422.80833333333334
350,374.85833333333335,146.64166666666668,1135.5,280.975,1111.525,307.5833333333333,766.9833333333333,190.55,201.11666666666667,404.3666666666667
351,398.39166666666665,149.99166666666667,1121.8,308.23333333333335,1069.2833333333333,306.90833333333336,792.3166666666667,187.93333333333334,202.48333333333332,404.4916666666667
352,426.6198347107438,152.41322314049586,1116.7851239669421,319.3801652892562,1054.1818181818182,323.08264462809916,809.396694214876,187.67768595041323,201.79338842975207,417.9504132231405
353,484.07438016528926,156.05785123966942,1117.7438016528927,273.56198347107437,1051.0578512396694,323.3223140495868,796.3140495867768,195.6198347107438,196.4793388429752,427.8429752066116
354,605.8595041322315,169.51239669421489,1118.5867768595042,281.9917355371901,1024.8429752066115,332.77685950413223,779.1074380165289,198.8181818181818,185.01652892561984,404.8595041322314
355,786.7058823529412,194.74789915966386,1098.2016806722688,278.5546218487395,1062.0840336134454,359.66386554621846,760.8823529411765,201.71428571428572,184.3109243697479,410.26050420168065
356,909.4285714285714,226.11764705882354,1095.0840336134454,276.327731092437,1075.2773109243697,388.327731092437,790.0420168067227,201.89915966386553,178.96638655462183,422.9159663865546
357,946.655462184874,262.87394957983196,1144.5210084033613,269.29411764705884,1052.5378151260504,423.3529411764706,839.3781512605042,201.54621848739495,181.41176470588235,417.4873949579832
358,942.0336134453781,274.4621848739496,1114.9495798319329,284.5126050420168,1107.142857142857,447.6302521008403,830.9747899159664,195.0420168067227,177.9327731092437,419.25210084033614
359,944.6806722689075,268.4957983193277,1102.764705882353,298.109243697479,1202.1596638655462,471.02521008403363,799.6638655462185,204.27731092436974,171.64705882352942,409.3529411764706
360,991.0588235294117,254.15126050420167,1157.7563025210084,302.7563025210084,1164.2436974789916,486.8655462184874,815.2773109243698,203.8403361344538,171.32773109243698,427.66386554621846
361,1005.4237288135594,238.8050847457627,1166.7118644067796,292.8728813559322,1114.584745762712,484.26271186440675,835.6440677966102,204.73728813559322,162.64406779661016,412.4406779661017
362,948.8888888888889,247.5042735042735,1181.3333333333333,272.1025641025641,1072.1367521367522,519.2307692307693,836.7094017094017,199.75213675213675,164.24786324786325,429.04273504273505
363,903.3931623931624,280.86324786324786,1225.3504273504273,272.45299145299145,1091.6837606837607,560.5726495726495,799.7094017094017,203.991452991453,164.24786324786325,412.65811965811963
364,931.8220338983051,316.8135593220339,1232.7542372881355,270.4406779661017,1128.3813559322034,565.3983050847457,769.5762711864406,198.52542372881356,159.52542372881356,422.9406779661017
365,927.0932203389831,334.771186440678,1178.2542372881355,280.0593220338983,1050.550847457627,541.5593220338983,783.5508474576271,196.48305084745763,155.0677966101695,427.4491525423729
366,911.5299145299145,374.0683760683761,1186.08547008547,265.1709401709402,1039.5555555555557,594.2905982905983,787.982905982906,195.32478632478632,153.9145299145299,442.65811965811963
367,949.1367521367522,379.05982905982904,1232.008547008547,266.85470085470087,1096.2991452991453,681.2136752136752,743.7350427350427,192.5042735042735,145.31623931623932,464.94871794871796
368,1001.4322033898305,335.2881355932203,1256.550847457627,236.91525423728814,1137.0338983050847,714.4915254237288,725.9152542372881,195.52542372881356,137.40677966101694,462.73728813559325
369,1040.1764705882354,350.66386554621846,1303.9663865546217,241.1596638655462,1120.4033613445379,751.5966386554621,720.6638655462185,204.94117647058823,129.30252100840337,480.1344537815126
370,1016.546218487395,353.73949579831935,1280.5966386554621,250.9747899159664,1155.857142857143,800.1680672268908,708.1596638655462,208.1764705882353,125.88235294117646,493.26050420168065
371,968.1709401709402,342.97435897435895,1278.4615384615386,244.4957264957265,1163.1965811965813,842.5982905982906,703.8376068376068,214.84615384615384,125.01709401709402,493.21367521367523
372,921.4745762711865,365.76271186440675,1251.9830508474577,230.1864406779661,1128.8559322033898,908.6101694915254,672.7203389830509,204.6949152542373,123.22881355932203,483.8898305084746
373,881.7627118644068,427.0593220338983,1318.906779661017,222.72881355932202,1119.2288135593221,906.0677966101695,634.3813559322034,202.66101694915255,120.70338983050847,475.76271186440675
374,810.90756302521,491.9075630252101,1339.6218487394958,206.0252100840336,1068.4621848739496,878.5798319327731,609.0840336134454,197.63025210084032,117.39495798319328,478.5378151260504
375,754.2372881355932,520.8220338983051,1387.3474576271187,179.83898305084745,1067.8813559322034,887.2372881355932,623.7203389830509,197.74576271186442,119.05084745762711,479.26271186440675
376,725.6806722689075,541.0672268907563,1410.7899159663866,179.67226890756302,1037.1344537815125,894.1596638655462,633.0756302521008,186.42857142857142,119.57142857142857,474.42857142857144
377,712.0504201680673,541.0756302521008,1364.4453781512605,173.42857142857142,1030.9159663865546,886.781512605042,632.436974789916,200.7983193277311,117.92436974789916,477.10084033613447
378,686.218487394958,557.2100840336135,1367.9579831932774,178.42857142857142,1037.361344537815,954.781512605042,627.7226890756302,198.6218487394958,118.92436974789916,479.327731092437
379,660.2118644067797,569.0508474576271,1333.8305084745762,171.05084745762713,1023.5169491525423,1013.6610169491526,620.4661016949152,186.09322033898306,119.83898305084746,493.14406779661016
380,607.6186440677966,550.1016949152543,1331.6949152542372,194.51694915254237,993.5762711864406,978.042372881356,607.2118644067797,197.0084745762712,118.52542372881356,492.6694915254237
381,579.436974789916,522.5042016806723,1336.638655462185,184.52100840336135,886.436974789916,934.3949579831933,551.3277310924369,190.49579831932772,116.9327731092437,477.4957983193277
382,562.0254237288135,513.0084745762712,1392.9237288135594,178.8728813559322,903.3220338983051,908.2881355932203,533.7457627118644,192.88135593220338,119.09322033898304,465.79661016949154
383,538.3644067796611,528.4067796610169,1416.906779661017,184.01694915254237,877.1610169491526,845.6271186440678,537.0,204.01694915254237,119.19491525423729,451.3898305084746
384,511.9491525423729,518.5847457627119,1394.5762711864406,173.38135593220338,917.0084745762712,873.1186440677966,544.4237288135594,195.28813559322035,117.5677966101695,453.8135593220339
385,479.0,517.0598290598291,1373.0,170.46153846153845,969.6752136752136,957.3162393162393,552.3931623931624,189.68376068376068,120.19658119658119,464.37606837606836
386,456.64102564102564,522.7264957264957,1361.3675213675215,170.17948717948718,979.8974358974359,965.5042735042736,540.5641025641025,188.65811965811966,117.87179487179488,472.8376068376068
387,429.9913793103448,501.2758620689655,1359.6120689655172,162.06896551724137,954.6637931034483,977.7413793103449,576.698275862069,190.39655172413794,116.71551724137932,472.1810344827586
388,375.1666666666667,475.359649122807,1396.842105263158,154.91228070175438,892.8245614035088,1002.0175438596491,561.3245614035088,190.03508771929825,116.63157894736842,455.2368421052632
389,347.49122807017545,465.46491228070175,1409.8947368421052,156.66666666666666,861.5263157894736,1006.6578947368421,504.44736842105266,185.17543859649123,117.07894736842105,464.4561403508772
390,350.30973451327435,437.8407079646018,1396.0176991150443,169.1504424778761,881.4778761061947,902.8141592920354,505.4070796460177,185.86725663716814,118.22123893805309,448.8141592920354
391,359.53097345132744,391.9734513274336,1414.3628318584072,164.30973451327435,874.1592920353983,884.0796460176991,517.0530973451328,186.52212389380531,121.97345132743362,453.8938053097345
392,367.8482142857143,344.36607142857144,1396.5357142857142,158.4375,881.6875,899.0,532.7857142857143,203.89285714285714,124.5625,460.94642857142856
393,371.8482142857143,313.66964285714283,1338.3660714285713,166.75892857142858,890.6785714285714,911.0446428571429,579.5625,202.86607142857142,123.38392857142857,457.875
394,348.6756756756757,318.18918918918916,1284.3693693693695,169.63063063063063,858.9099099099099,903.1801801801802,606.7747747747748,192.43243243243242,127.45945945945945,449.81081081081084
395,312.43636363636364,312.8363636363636,1282.4272727272728,162.5818181818182,862.4727272727273,944.9363636363636,540.3636363636364,185.84545454545454,126.97272727272727,435.46363636363634
396,290.0,297.6,1300.8818181818183,165.64545454545456,847.2,857.0363636363636,511.3727272727273,179.75454545454545,124.46363636363637,430.8
397,275.1,283.6181818181818,1275.8181818181818,168.6909090909091,804.5,784.2454545454545,478.96363636363634,183.94545454545454,125.22727272727273,408.72727272727275
398,268.712962962963,268.48148148148147,1242.398148148148,163.19444444444446,820.9166666666666,734.6388888888889,478.0925925925926,199.99074074074073,127.94444444444444,409.1759259259259
399,258.58878504672896,272.5607476635514,1196.214953271028,158.38317757009347,834.9065420560747,843.2523364485982,495.60747663551405,202.06542056074767,131.84112149532712,415.74766355140184
400,242.21495327102804,252.90654205607476,1218.4672897196263,160.99065420560748,862.6822429906542,815.5794392523364,483.70093457943926,194.3644859813084,136.39252336448598,413.95327102803736
401,222.0,229.54205607476635,1243.0280373831777,164.51401869158877,865.1308411214953,813.1308411214953,473.7570093457944,189.15887850467288,149.13084112149534,415.74766355140184
402,212.38317757009347,215.47663551401868,1244.4392523364486,159.93457943925233,831.196261682243,838.2616822429907,487.1869158878505,193.50467289719626,149.7196261682243,408.8317757009346
403,220.96296296296296,189.87962962962962,1270.0462962962963,156.86111111111111,768.8611111111111,801.9444444444445,473.3611111111111,192.94444444444446,146.94444444444446,411.72222222222223
404,222.53271028037383,181.37383177570092,1282.9906542056074,153.80373831775702,730.7476635514018,722.8878504672897,445.60747663551405,193.37383177570092,144.10280373831776,415.94392523364485
405,209.83177570093457,173.92523364485982,1276.3551401869158,158.06542056074767,748.5140186915888,707.9252336448598,427.9252336448598,191.0373831775701,140.44859813084113,406.2710280373832
406,194.3177570093458,175.44859813084113,1313.8504672897195,165.54205607476635,756.3271028037383,727.0654205607476,443.0747663551402,192.30841121495328,144.2710280373832,388.7383177570093
407,197.69158878504672,173.69158878504672,1284.3551401869158,161.16822429906543,722.3364485981308,726.9345794392524,455.6261682242991,194.89719626168224,147.66355140186917,394.05607476635515
408,206.42990654205607,160.16822429906543,1223.4859813084113,166.20560747663552,749.1682242990654,655.1401869158879,448.76635514018693,195.7289719626168,151.05607476635515,381.22429906542055
409,204.17924528301887,169.62264150943398,1224.7830188679245,164.5943396226415,789.377358490566,679.1981132075472,481.4339622641509,187.73584905660377,151.5943396226415,377.8301886792453
410,201.6320754716981,202.16981132075472,1251.2075471698113,153.64150943396226,793.1509433962265,713.3018867924528,457.6320754716981,183.5188679245283,145.96226415094338,382.97169811320754
411,198.4952380952381,191.4,1256.7238095238095,154.34285714285716,750.2761904761904,743.3809523809524,448.43809523809523,193.13333333333333,154.46666666666667,382.23809523809524
412,204.36190476190475,176.38095238095238,1252.3619047619047,172.64761904761906,718.2095238095238,724.0952380952381,447.4761904761905,196.8190476190476,162.2,382.6190476190476
413,210.32692307692307,169.47115384615384,1254.8076923076924,170.07692307692307,705.3365384615385,749.6538461538462,448.3269230769231,197.80769230769232,172.8653846153846,382.4807692307692
414,224.35576923076923,154.45192307692307,1276.7211538461538,167.1346153846154,680.3846153846154,773.0384615384615,447.1923076923077,209.17307692307693,186.48076923076923,385.83653846153845
415,224.83653846153845,144.2403846153846,1318.4615384615386,165.54807692307693,659.0961538461538,746.3173076923077,425.02884615384613,214.97115384615384,197.33653846153845,382.78846153846155
416,215.29126213592232,144.01941747572815,1315.621359223301,164.38834951456312,656.8058252427185,737.9126213592233,414.2330097087379,210.11650485436894,215.63106796116506,389.0
417,209.2621359223301,139.74757281553397,1248.883495145631,164.25242718446603,674.8932038834952,736.0582524271845,407.99029126213594,212.11650485436894,214.02912621359224,397.54368932038835
418,217.77450980392157,140.2843137254902,1201.1568627450981,161.7843137254902,656.1666666666666,675.9607843137255,404.87254901960785,221.8235294117647,212.64705882352942,387.4117647058824
419,236.85436893203882,142.51456310679612,1218.1747572815534,155.27184466019418,617.5339805825242,679.7864077669902,385.29126213592235,228.84466019417476,215.90291262135923,391.3203883495146
420,247.46601941747574,144.5728155339806,1180.6893203883494,148.5242718446602,636.4077669902913,699.5728155339806,368.79611650485435,238.24271844660194,215.2621359223301,393.33009708737865
421,271.0769230769231,137.32692307692307,1112.1442307692307,154.06730769230768,618.4903846153846,683.6730769230769,373.25961538461536,243.7596153846154,220.8653846153846,388.8173076923077
422,312.05825242718447,133.2621359223301,1149.9708737864078,166.35922330097088,617.3786407766991,722.8640776699029,387.3883495145631,250.7766990291262,226.84466019417476,398.4466019417476
423,373.92233009708735,134.126213592233,1211.2621359223301,167.55339805825244,620.9320388349514,751.2038834951456,393.8252427184466,264.1650485436893,224.6990291262136,411.6407766990291
424,420.5242718446602,145.2621359223301,1228.4271844660195,169.81553398058253,599.0291262135922,696.0776699029126,383.6990291262136,230.8640776699029,224.9126213592233,392.59223300970876
425,462.1456310679612,149.7864077669903,1220.8640776699028,172.33009708737865,549.9126213592233,675.6310679611651,396.68932038834953,221.24271844660194,219.1747572815534,386.0485436893204
426,499.7019230769231,145.32692307692307,1191.7403846153845,174.23076923076923,537.1826923076923,668.6538461538462,401.4807692307692,220.80769230769232,229.82692307692307,395.41346153846155
427,572.4519230769231,138.71153846153845,1216.375,170.16346153846155,539.6826923076923,674.8653846153846,393.2980769230769,252.83653846153845,249.60576923076923,390.8942307692308
428,631.3398058252427,141.8640776699029,1191.893203883495,168.62135922330097,511.50485436893206,662.6310679611651,391.84466019417476,227.64077669902912,257.0388349514563,394.93203883495147
429,661.2211538461538,142.6153846153846,1205.6634615384614,176.07692307692307,511.25,631.1153846153846,378.27884615384613,229.22115384615384,267.1730769230769,403.40384615384613
430,630.9326923076923,144.23076923076923,1189.2788461538462,155.51923076923077,520.0961538461538,602.0192307692307,370.03846153846155,223.83653846153845,268.9519230769231,401.5576923076923
431,588.6190476190476,144.55238095238096,1134.1619047619047,160.24761904761905,527.2095238095238,589.2952380952381,374.35238095238094,237.96190476190475,257.79047619047617,386.752380952381
432,587.5714285714286,138.07619047619048,1133.1333333333334,180.98095238095237,535.6,639.7714285714286,372.8666666666667,251.63809523809525,274.2190476190476,407.34285714285716
433,621.3047619047619,138.42857142857142,1121.7809523809524,187.4857142857143,529.8571428571429,652.5238095238095,385.46666666666664,260.4952380952381,297.64761904761906,425.2857142857143
434,660.0849056603773,143.1320754716981,1166.6037735849056,178.28301886792454,522.5377358490566,603.2735849056604,377.79245283018867,238.00943396226415,294.5660377358491,415.6981132075472
435,690.6132075471698,143.70754716981133,1199.1509433962265,173.73584905660377,497.22641509433964,608.8396226415094,369.4622641509434,252.6509433962264,308.9622641509434,430.64150943396226
436,696.1698113207547,136.22641509433961,1158.0471698113208,179.6509433962264,464.3679245283019,653.7547169811321,364.8679245283019,261.5188679245283,342.9056603773585,452.39622641509436
437,694.2336448598131,130.38317757009347,1128.822429906542,177.90654205607476,461.60747663551405,642.7663551401869,394.33644859813086,251.44859813084113,361.2616822429907,461.41121495327104
438,710.6203703703703,132.40740740740742,1114.9722222222222,173.0462962962963,453.97222222222223,623.2962962962963,388.1296296296296,245.21296296296296,361.5462962962963,474.5
439,731.4629629629629,137.61111111111111,1140.8703703703704,184.17592592592592,448.0,622.1018518518518,406.48148148148147,243.9351851851852,370.6111111111111,497.037037037037
440,736.0185185185185,135.61111111111111,1174.8240740740741,196.11111111111111,471.9259259259259,611.75,407.8888888888889,261.462962962963,361.25,526.8611111111111
441,747.6296296296297,140.41666666666666,1151.0277777777778,197.08333333333334,474.0462962962963,624.1574074074074,387.3425925925926,273.22222222222223,387.8796296296296,541.3055555555555
442,759.5871559633027,149.54128440366972,1174.0366972477063,169.6605504587156,448.1192660550459,593.8807339449542,388.13761467889907,273.9908256880734,412.35779816513764,601.8715596330276
443,728.7339449541284,155.88990825688074,1186.7247706422017,189.5045871559633,450.39449541284404,565.3577981651376,408.3119266055046,299.38532110091745,414.6788990825688,646.5412844036697
444,697.7706422018349,146.8348623853211,1215.467889908257,190.13761467889907,464.6238532110092,555.9908256880734,429.29357798165137,310.89908256880733,400.23853211009174,658.9082568807339
445,725.1818181818181,141.27272727272728,1222.6181818181817,189.12727272727273,423.74545454545455,533.8454545454546,427.3,308.8454545454546,403.06363636363636,710.4818181818182
446,775.5,143.86363636363637,1214.1545454545455,174.94545454545454,345.9727272727273,506.1818181818182,406.4818181818182,313.3,414.9909090909091,728.2272727272727
447,799.7818181818182,147.72727272727272,1213.6090909090908,187.1909090909091,339.8272727272727,468.1272727272727,398.7,313.26363636363635,398.2818181818182,727.1636363636363
448,780.1,149.52727272727273,1257.1363636363637,196.85454545454544,341.06363636363636,487.8636363636364,399.8363636363636,303.3181818181818,378.74545454545455,762.3454545454546
449,723.4954128440367,158.86238532110093,1239.532110091743,192.77981651376146,339.39449541284404,528.4678899082569,416.55045871559633,313.6697247706422,381.79816513761466,805.1009174311927
450,686.5963302752293,173.1559633027523,1210.4311926605506,196.3119266055046,329.8073394495413,479.89908256880733,419.697247706422,345.3761467889908,387.0275229357798,813.440366972477
451,677.2293577981651,201.70642201834863,1169.394495412844,179.44036697247705,328.7889908256881,472.95412844036696,427.9816513761468,352.77064220183485,386.6605504587156,840.348623853211
452,619.2110091743119,218.40366972477065,1174.7247706422017,179.8256880733945,324.8348623853211,478.1559633027523,398.58715596330273,360.1743119266055,378.8073394495413,839.256880733945
453,513.6272727272727,206.70909090909092,1211.1181818181817,185.25454545454545,304.2181818181818,435.55454545454546,386.4727272727273,353.09090909090907,394.6727272727273,826.7363636363636
454,452.72972972972974,208.82882882882882,1238.5045045045044,174.92792792792793,273.34234234234236,414.1801801801802,417.2972972972973,350.13513513513516,393.1081081081081,818.5945945945946
455,427.6306306306306,225.11711711711712,1248.3333333333333,169.02702702702703,283.92792792792795,413.93693693693695,402.3333333333333,345.26126126126127,386.0450450450451,843.1891891891892
456,409.06306306306305,239.65765765765767,1272.954954954955,158.34234234234233,289.18918918918916,425.27927927927925,401.6306306306306,346.8288288288288,373.5945945945946,826.4684684684685
457,360.3090909090909,262.40909090909093,1231.3363636363636,161.48181818181817,275.7090909090909,424.43636363636364,411.5090909090909,358.72727272727275,372.1181818181818,854.8727272727273
458,329.7,262.6454545454545,1195.2454545454545,154.83636363636364,279.06363636363636,417.3909090909091,432.4909090909091,347.59090909090907,380.1090909090909,916.4272727272727
459,320.06363636363636,245.43636363636364,1199.3272727272727,157.97272727272727,296.3454545454546,419.6272727272727,441.6545454545454,370.5272727272727,390.4818181818182,928.8181818181819
460,288.8828828828829,236.1891891891892,1189.3153153153153,163.21621621621622,292.6756756756757,425.3693693693694,430.72072072072075,392.8378378378378,384.7927927927928,904.6486486486486
461,271.6818181818182,243.66363636363636,1234.7818181818182,183.66363636363636,287.06363636363636,410.3090909090909,449.6,389.96363636363634,379.57272727272726,908.8909090909091
462,239.35454545454544,230.24545454545455,1282.9454545454546,177.8,287.7818181818182,399.6272727272727,444.2090909090909,387.46363636363634,367.7909090909091,899.8272727272728
463,202.97272727272727,214.13636363636363,1252.4545454545455,162.4909090909091,275.40909090909093,416.0181818181818,446.7909090909091,402.07272727272726,351.94545454545454,895.3181818181819
464,182.14545454545456,215.55454545454546,1246.7454545454545,164.5,276.1090909090909,399.0272727272727,447.6181818181818,397.3090909090909,346.7,869.209090909091
465,178.63636363636363,215.37272727272727,1207.5181818181818,152.21818181818182,270.0,394.27272727272725,471.2909090909091,393.6636363636364,367.4818181818182,856.9909090909091
466,188.75454545454545,212.1,1238.4727272727273,162.98181818181817,262.7181818181818,397.25454545454545,499.04545454545456,388.7909090909091,370.27272727272725,869.2454545454545
467,204.0900900900901,227.24324324324326,1223.5045045045044,166.02702702702703,262.52252252252254,382.963963963964,463.27027027027026,394.5765765765766,366.009009009009,862.1261261261261
468,221.0900900900901,222.95495495495496,1201.6756756756756,162.80180180180182,255.2882882882883,378.4864864864865,457.39639639639637,424.64864864864865,380.77477477477476,841.4414414414415
469,230.4,205.33636363636364,1219.909090909091,156.35454545454544,256.4909090909091,364.6818181818182,471.3181818181818,435.0272727272727,378.6454545454545,815.1272727272727
470,221.14414414414415,194.25225225225225,1201.4594594594594,162.88288288288288,248.6036036036036,342.6666666666667,471.8918918918919,450.8918918918919,354.4234234234234,784.0900900900901
471,221.96428571428572,187.07142857142858,1193.75,158.22321428571428,246.28571428571428,348.6607142857143,482.86607142857144,476.2232142857143,350.13392857142856,767.6339285714286
472,232.6875,186.9375,1178.125,153.83035714285714,229.99107142857142,335.1875,489.58035714285717,438.5267857142857,345.33035714285717,745.4464285714286
473,232.44247787610618,176.92920353982302,1211.1592920353983,159.86725663716814,229.4513274336283,329.21238938053096,468.9646017699115,398.94690265486724,343.6991150442478,697.0973451327434
474,238.32142857142858,156.79464285714286,1196.1964285714287,179.88392857142858,214.83928571428572,336.19642857142856,473.69642857142856,415.4107142857143,346.63392857142856,675.2678571428571
475,240.76785714285714,157.02678571428572,1174.767857142857,162.91071428571428,220.29464285714286,346.26785714285717,497.8392857142857,446.7857142857143,355.58035714285717,642.75
476,247.08849557522123,165.78761061946904,1146.8761061946902,155.24778761061947,215.75221238938053,355.72566371681415,501.75221238938053,485.39823008849555,354.53982300884957,631.5398230088496
477,271.1061946902655,167.69026548672565,1121.8938053097345,170.5486725663717,219.20353982300884,342.56637168141594,493.04424778761063,476.353982300885,354.5840707964602,630.0442477876106
478,290.0619469026549,157.0353982300885,1143.345132743363,181.86725663716814,227.86725663716814,322.24778761061947,513.3362831858407,464.9380530973451,344.07964601769913,621.858407079646
479,310.2300884955752,157.7433628318584,1151.2920353982302,178.16814159292036,237.3362831858407,321.17699115044246,530.2477876106195,466.94690265486724,347.3628318584071,612.5486725663717
480,329.5701754385965,163.6140350877193,1141.640350877193,170.57894736842104,239.1140350877193,329.93859649122805,516.5438596491229,434.56140350877195,334.219298245614,611.421052631579
481,345.4260869565217,155.9913043478261,1125.982608695652,167.6,233.56521739130434,342.2782608695652,505.74782608695654,435.6521739130435,333.8,597.9652173913043
482,385.04347826086956,145.73043478260868,1123.4260869565217,165.61739130434782,249.65217391304347,351.24347826086955,507.69565217391306,455.90434782608696,319.4347826086956,553.3565217391305
483,439.0608695652174,142.76521739130436,1101.2521739130434,171.26956521739132,233.96521739130435,346.82608695652175,517.4956521739131,490.03478260869565,306.2260869565217,527.1826086956522
484,498.61739130434785,142.7826086956522,1115.2695652173913,186.55652173913043,231.0782608695652,360.8521739130435,507.04347826086956,478.55652173913046,297.8782608695652,513.7304347826087
485,568.0344827586207,143.56896551724137,1104.5689655172414,194.76724137931035,224.26724137931035,356.9310344827586,477.82758620689657,473.42241379310343,297.0258620689655,508.6034482758621
486,618.7241379310345,147.11206896551724,1082.7155172413793,184.6293103448276,222.86206896551724,340.6551724137931,457.7068965517241,495.6896551724138,279.12068965517244,496.05172413793105
487,696.051724137931,143.2844827586207,1072.655172413793,174.11206896551724,222.8706896551724,353.5948275862069,472.7413793103448,480.7758620689655,248.76724137931035,474.5948275862069
488,785.9224137931035,139.66379310344828,1053.6637931034484,171.07758620689654,218.25862068965517,380.86206896551727,502.9310344827586,468.6810344827586,234.54310344827587,480.6810344827586
489,790.5762711864406,142.61864406779662,1056.9406779661017,162.45762711864407,217.05084745762713,397.70338983050846,511.1949152542373,508.41525423728814,226.82203389830508,461.54237288135596
490,815.2627118644068,141.91525423728814,1064.093220338983,164.364406779661,228.85593220338984,397.2457627118644,499.8728813559322,499.91525423728814,222.53389830508473,450.49152542372883
491,898.7372881355932,143.61864406779662,1052.9745762711864,182.01694915254237,218.21186440677965,367.95762711864404,495.64406779661016,514.5762711864406,223.95762711864407,446.1864406779661
492,923.271186440678,146.77118644067798,1051.449152542373,190.11016949152543,218.95762711864407,362.4406779661017,505.5169491525424,530.2033898305085,217.72033898305085,437.4491525423729
493,951.9327731092437,143.78991596638656,1020.3109243697479,189.43697478991598,227.00840336134453,367.60504201680675,548.3361344537815,559.9243697478992,205.38655462184875,440.5882352941176
494,967.1666666666666,143.66666666666666,979.2166666666667,177.31666666666666,219.93333333333334,377.4,560.4333333333333,570.775,202.675,451.95
495,1006.5416666666666,146.325,994.0166666666667,166.5,214.35,416.40833333333336,520.55,543.4166666666666,193.35,447.81666666666666
496,1109.7685950413222,142.45454545454547,1028.8595041322315,168.26446280991735,214.900826446281,432.26446280991735,525.0578512396694,521.1487603305785,182.73553719008265,446.801652892562
497,1198.1818181818182,140.15702479338842,1014.3884297520661,175.59504132231405,221.21487603305786,481.91735537190084,524.2396694214876,505.6528925619835,183.8181818181818,445.25619834710744
498,1224.6198347107438,134.89256198347107,1013.4214876033058,174.72727272727272,231.63636363636363,525.6363636363636,512.595041322314,534.4876033057851,176.1900826446281,454.2314049586777
499,1241.7560975609756,138.35772357723576,1014.5772357723578,160.6178861788618,221.9512195121951,560.2032520325204,490.0487804878049,550.3577235772358,177.60162601626016,444.6991869918699
500,1316.5040650406504,137.82926829268294,989.3577235772358,158.73170731707316,208.3252032520325,569.5528455284552,503.8617886178862,551.5121951219512,182.78861788617886,434.3658536585366
501,1432.3306451612902,136.88709677419354,964.4516129032259,163.0,210.93548387096774,596.1774193548387,488.4596774193548,571.5725806451613,177.16129032258064,447.258064516129
502,1449.608,139.904,951.144,156.68,216.976,615.584,467.704,603.792,178.184,425.904
503,1430.496,141.96,943.808,150.952,214.904,667.48,467.968,587.216,188.96,425.288
504,1446.056,131.888,947.256,151.048,214.24,699.976,479.216,548.352,184.816,439.856
505,1482.384,129.4,963.0,156.512,207.6,718.096,451.544,510.672,188.456,446.4
506,1498.7142857142858,135.9126984126984,955.1349206349206,154.8095238095238,218.5,737.0,491.7142857142857,516.2936507936508,187.984126984127,443.91269841269843
507,1466.3149606299212,140.51968503937007,945.0866141732283,151.20472440944883,217.04724409448818,756.2755905511812,484.0236220472441,537.4330708661417,183.59055118110237,436.4409448818898
508,1408.09375,145.8671875,934.7578125,160.9375,204.796875,769.3359375,489.3046875,546.265625,181.75,428.5546875
509,1399.9,146.48461538461538,936.7846153846153,161.47692307692307,206.4,779.276923076923,467.45384615384614,582.1153846153846,185.6153846153846,426.3
510,1352.320610687023,136.84732824427482,944.5725190839695,149.7175572519084,205.26717557251908,767.7022900763359,478.1526717557252,607.0839694656488,201.45801526717557,438.80152671755724
511,1319.381679389313,132.35114503816794,921.7251908396946,153.3740458015267,208.04580152671755,798.7251908396946,482.19083969465646,589.6259541984733,207.206106870229,445.30534351145036
512,1294.7272727272727,134.15151515151516,937.9469696969697,151.38636363636363,202.8560606060606,812.3712121212121,490.00757575757575,570.3863636363636,210.9848484848485,437.90909090909093
513,1362.7537313432836,141.90298507462686,920.7910447761194,147.955223880597,199.67910447761193,799.4477611940298,468.07462686567163,560.044776119403,212.20149253731344,432.4029850746269
514,1446.6691729323309,142.45112781954887,916.0977443609023,160.796992481203,207.06766917293234,868.0225563909775,437.45864661654133,603.2631578947369,220.69172932330827,441.89473684210526
515,1403.4666666666667,149.0074074074074,897.1111111111111,168.14074074074074,211.86666666666667,913.8074074074074,444.27407407407406,623.6962962962963,226.6,444.15555555555557
516,1396.0882352941176,153.84558823529412,917.0,161.69117647058823,205.49264705882354,921.7941176470588,437.91911764705884,651.8014705882352,237.9191176470588,446.8382352941176
517,1413.1376811594203,149.42753623188406,910.6739130434783,156.03623188405797,205.05072463768116,1005.2391304347826,452.92753623188406,630.2101449275362,261.0869565217391,442.6304347826087
518,1366.892857142857,142.85714285714286,870.15,155.86428571428573,200.72857142857143,946.8642857142858,446.25714285714287,597.7142857142857,289.6,441.9428571428571
519,1359.099290780142,139.58156028368793,878.9432624113475,157.9787234042553,195.94326241134752,977.3262411347517,420.6666666666667,593.4468085106383,299.8085106382979,430.8581560283688
520,1353.0915492957747,137.05633802816902,887.5774647887324,156.22535211267606,198.85915492957747,1026.5140845070423,426.5845070422535,588.2253521126761,308.4366197183099,437.943661971831
521,1278.3310344827587,138.12413793103448,898.2413793103449,153.21379310344827,204.7103448275862,1087.5310344827585,409.93793103448274,606.2413793103449,321.93793103448274,453.70344827586206
522,1222.095238095238,142.61904761904762,911.3673469387755,154.43537414965985,199.54421768707482,1080.2448979591836,406.10884353741494,652.952380952381,342.21768707482994,466.1292517006803
523,1217.2466666666667,150.46,878.0866666666667,172.98,197.45333333333335,1081.74,410.0733333333333,636.8866666666667,361.5133333333333,459.3066666666667
524,1248.9735099337747,153.16556291390728,853.9536423841059,161.89403973509934,203.75496688741723,1110.5827814569536,417.0860927152318,618.0728476821192,382.49668874172187,456.65562913907286
525,1268.142857142857,152.48701298701297,868.4545454545455,156.2077922077922,196.5974025974026,1110.9610389610389,406.0,665.7402597402597,401.0064935064935,479.4935064935065
526,1251.3846153846155,161.30769230769232,890.0897435897435,148.27564102564102,193.15384615384616,1101.2307692307693,397.30128205128204,661.7435897435897,428.9166666666667,461.19871794871796
527,1165.063694267516,159.2484076433121,899.0764331210191,154.5031847133758,193.4904458598726,1163.5796178343949,405.71974522292993,642.4012738853503,442.28025477707007,468.52866242038215
528,1101.4150943396226,155.53459119496856,849.4276729559748,158.72327044025158,194.28301886792454,1232.119496855346,406.38993710691824,642.1823899371069,457.84276729559747,493.3522012578616
529,1094.2981366459628,148.527950310559,841.5962732919255,150.67701863354037,195.1614906832298,1248.72049689441,392.51552795031057,667.5155279503106,501.2422360248447,478.5217391304348
530,1094.560975609756,144.40853658536585,866.640243902439,161.25,201.6219512195122,1201.878048780488,410.4085365853659,666.7987804878048,532.4329268292682,505.5243902439024
531,1072.9272727272728,147.6909090909091,847.7454545454545,161.72727272727272,195.21212121212122,1150.509090909091,400.73939393939395,695.2727272727273,555.4121212121212,532.6848484848484
532,1027.6506024096386,148.789156626506,865.7831325301205,176.00602409638554,193.210843373494,1164.5963855421687,391.06626506024094,715.0421686746988,551.1987951807229,520.066265060241
533,1008.3712574850299,142.92814371257484,843.754491017964,157.95209580838323,198.91616766467067,1163.491017964072,385.01197604790417,738.5329341317365,549.3233532934132,541.3832335329341
534,1008.1242603550296,137.4792899408284,844.0177514792899,164.87573964497042,193.84023668639054,1158.8757396449705,393.905325443787,732.6331360946746,549.7159763313609,549.7337278106509
535,1032.2764705882353,131.92352941176472,861.8470588235294,160.42352941176472,194.78823529411764,1153.6882352941177,386.5705882352941,750.3470588235294,589.5294117647059,602.3411764705883
536,984.9302325581396,138.06976744186048,847.6104651162791,168.09302325581396,201.84302325581396,1160.3139534883721,376.61046511627904,775.6337209302326,568.796511627907,617.6569767441861
537,946.1618497109827,152.4277456647399,830.9075144508671,167.21965317919074,191.43930635838151,1163.35838150289,372.6531791907515,685.0,558.8612716763006,623.2485549132948
538,932.7828571428571,152.29142857142858,868.9371428571428,171.27428571428572,184.58285714285714,1116.0114285714285,371.56,684.9371428571428,547.2057142857143,625.9885714285714
539,939.8295454545455,143.8806818181818,857.7670454545455,160.92045454545453,196.69886363636363,1079.1363636363637,372.0056818181818,729.4375,531.3977272727273,654.4886363636364
540,957.2824858757062,140.61016949152543,868.0169491525423,159.0677966101695,198.20338983050848,1074.5762711864406,366.23728813559325,762.3785310734463,496.3276836158192,682.180790960452
541,947.271186440678,140.0677966101695,838.8983050847457,150.09604519774012,199.27683615819208,1042.135593220339,378.38418079096044,772.4971751412429,505.3220338983051,704.9209039548023
542,935.3072625698323,135.7094972067039,817.391061452514,153.85474860335196,198.7094972067039,1063.1005586592178,383.8882681564246,798.68156424581,513.2346368715084,701.731843575419
543,940.7888888888889,138.36111111111111,818.7833333333333,159.91666666666666,198.8111111111111,1059.2666666666667,378.43888888888887,792.6222222222223,503.2,728.0888888888888
544,901.9555555555555,140.6888888888889,830.1777777777778,168.32777777777778,201.37222222222223,1036.05,393.85555555555555,802.5611111111111,484.85555555555555,760.7055555555555
545,851.4751381215469,137.1767955801105,834.3093922651934,162.90055248618785,195.50828729281767,975.0662983425415,384.03314917127074,815.1049723756906,467.9337016574586,794.1270718232045
546,794.1546961325967,138.2707182320442,866.7016574585635,149.79558011049724,192.060773480663,913.2596685082873,379.6077348066298,856.828729281768,458.3867403314917,816.4254143646409
547,811.1923076923077,141.2967032967033,884.5384615384615,156.85164835164835,193.82967032967034,955.9835164835165,384.3736263736264,875.2197802197802,455.6703296703297,838.3186813186813
548,855.967032967033,141.97252747252747,859.4065934065934,156.36813186813185,198.74175824175825,959.6648351648352,391.1043956043956,854.8626373626373,430.9340659340659,877.0
549,871.8152173913044,140.0326086956522,822.7173913043479,155.5326086956522,199.6576086956522,933.5163043478261,377.69565217391306,840.804347826087,399.4673913043478,890.429347826087
550,881.1847826086956,140.3858695652174,818.945652173913,163.39673913043478,197.60326086956522,909.5597826086956,374.9619565217391,837.1358695652174,382.1630434782609,898.4565217391304
551,843.179347826087,143.7554347826087,849.3152173913044,155.92391304347825,196.27717391304347,890.4565217391304,380.01630434782606,851.4239130434783,364.76630434782606,903.5434782608696
552,820.2756756756756,137.55135135135134,852.1351351351351,159.6,198.87027027027028,853.081081081081,384.35675675675674,852.4162162162162,364.36756756756756,888.5513513513514
553,841.8494623655914,135.9247311827957,855.236559139785,164.49462365591398,200.53225806451613,863.0537634408602,379.52150537634407,873.6344086021505,360.3333333333333,911.5268817204301
554,821.1666666666666,140.16666666666666,841.1129032258065,165.71505376344086,200.15591397849462,829.9516129032259,377.2956989247312,903.3870967741935,345.9193548387097,936.3440860215054
555,758.8387096774194,140.7258064516129,844.5430107526881,175.46774193548387,199.3494623655914,803.1881720430108,381.994623655914,899.2688172043011,328.1989247311828,937.3172043010753
556,749.5691489361702,138.08510638297872,804.8404255319149,164.71808510638297,204.8404255319149,797.1117021276596,369.6329787234043,929.9414893617021,315.88829787234044,937.4521276595744
557,763.0957446808511,138.38297872340425,777.8031914893617,156.4255319148936,203.42021276595744,808.9521276595744,385.17021276595744,946.968085106383,293.9840425531915,895.8617021276596
558,709.2139037433155,139.20855614973263,767.4545454545455,154.2566844919786,202.9572192513369,719.4491978609626,411.24064171122996,912.9251336898395,283.1711229946524,862.6684491978609
559,639.4919786096257,137.01604278074868,779.7379679144385,158.41176470588235,200.36363636363637,661.6256684491979,408.80213903743316,915.1657754010695,273.80213903743316,853.3850267379679
560,596.4202127659574,138.7340425531915,771.281914893617,156.7127659574468,196.26063829787233,641.1276595744681,409.3510638297872,934.0053191489362,265.03723404255317,853.1436170212766
561,554.218085106383,142.29787234042553,767.0744680851063,157.26063829787233,194.14893617021278,642.0159574468086,416.95212765957444,962.8191489361702,255.99468085106383,852.5691489361702
562,545.5449735449736,138.45502645502646,755.1693121693122,157.28571428571428,199.9206349206349,619.2380952380952,391.3862433862434,980.1216931216932,240.1904761904762,856.2910052910053
563,541.1216931216932,137.57671957671957,748.5978835978837,150.45502645502646,207.46560846560845,595.8994708994709,391.56613756613757,998.984126984127,241.91534391534393,800.8148148148148
564,504.29100529100526,142.07407407407408,732.2910052910053,153.62962962962962,200.1957671957672,619.8994708994709,408.7566137566138,1028.7142857142858,243.66666666666666,797.8624338624338
565,456.42105263157896,141.57368421052632,704.6368421052632,153.62105263157895,193.8684210526316,615.9473684210526,413.40526315789475,1053.4894736842105,243.38947368421051,808.3315789473684
566,438.6578947368421,136.7421052631579,699.6052631578947,158.6578947368421,195.62105263157895,555.4,435.55263157894734,1069.2842105263157,226.59473684210528,783.7315789473685
567,449.734375,131.58854166666666,707.953125,168.09895833333334,201.359375,555.296875,425.3229166666667,1052.8385416666667,222.78125,767.7083333333334
568,448.2604166666667,135.375,715.9270833333334,163.02083333333334,201.70833333333334,510.5520833333333,418.609375,1042.2135416666667,218.578125,730.8854166666666
569,453.979274611399,139.0984455958549,702.4974093264249,156.4663212435233,196.86010362694302,541.5906735751296,419.4974093264249,1048.341968911917,211.8860103626943,717.2642487046633
570,458.6165803108808,137.24352331606218,684.1658031088083,156.69430051813472,198.70466321243524,533.3367875647668,422.16062176165804,1040.3523316062176,210.7979274611399,699.8911917098445
571,437.2953367875648,137.279792746114,676.9326424870467,154.95336787564767,199.60621761658032,526.3523316062176,435.7720207253886,1057.0932642487046,210.76683937823833,678.2849740932643
572,443.6185567010309,131.53608247422682,665.4587628865979,153.659793814433,200.37113402061857,512.8969072164948,452.6546391752577,1077.0721649484535,219.94845360824743,668.0
573,457.1958762886598,133.5257731958763,653.2164948453608,155.86082474226805,203.60824742268042,489.1546391752577,459.1185567010309,1113.5979381443299,215.41752577319588,670.5515463917526
574,493.8556701030928,136.4742268041237,628.5876288659794,160.60309278350516,199.88659793814432,463.5773195876289,453.74226804123714,1134.0670103092784,214.81443298969072,656.0412371134021
575,511.3453608247423,138.1701030927835,649.2783505154639,162.78865979381445,196.659793814433,439.49484536082474,475.78350515463916,1134.5515463917525,217.93298969072166,656.5824742268042
576,521.3230769230769,137.9025641025641,664.9641025641025,160.12307692307692,193.96923076923076,415.6871794871795,493.9384615384615,1083.3538461538462,221.57435897435897,607.4358974358975
577,519.3435897435897,136.65128205128204,654.2564102564103,157.13846153846154,190.8820512820513,409.64102564102564,486.5230769230769,1039.4820512820513,225.22564102564104,631.876923076923
578,533.4,138.74358974358975,635.6461538461539,154.36410256410255,192.97948717948717,419.0923076923077,480.75897435897434,1047.5794871794872,230.0,625.9076923076923
579,526.148717948718,142.73333333333332,610.1435897435897,157.02564102564102,193.37435897435898,405.46666666666664,481.5025641025641,1105.4666666666667,244.47692307692307,627.8
580,535.1173469387755,143.09183673469389,596.0204081632653,160.2704081632653,199.78571428571428,400.5561224489796,495.9948979591837,1094.5969387755101,249.70408163265307,609.5204081632653
581,582.2397959183673,143.8112244897959,588.4285714285714,153.97448979591837,197.05612244897958,398.6275510204082,501.63775510204084,1124.1683673469388,249.21428571428572,618.8316326530612
582,592.4642857142857,142.5612244897959,568.030612244898,154.73469387755102,201.2091836734694,372.7142857142857,528.0510204081633,1136.6479591836735,257.2448979591837,610.5969387755102
583,614.4564102564102,138.24615384615385,558.1743589743589,158.27692307692308,197.5076923076923,357.825641025641,533.4461538461538,1127.8410256410257,268.4871794871795,612.6666666666666
584,654.4153846153846,137.57435897435897,553.425641025641,157.55897435897435,196.44615384615383,362.8410256410256,538.5435897435898,1097.9846153846154,277.20512820512823,609.9076923076923
585,659.7692307692307,137.35897435897436,553.2410256410257,159.85128205128206,199.22051282051282,349.574358974359,546.3128205128205,1109.8461538461538,281.8102564102564,615.876923076923
586,675.4690721649484,139.03608247422682,556.659793814433,161.5463917525773,200.29381443298968,338.0412371134021,565.1649484536083,1132.4896907216496,300.45360824742266,607.2525773195877
587,712.9484536082474,142.0463917525773,546.0979381443299,161.18041237113403,201.6237113402062,345.21649484536084,579.0567010309278,1147.958762886598,308.8556701030928,600.8092783505155
588,747.6288659793814,137.7164948453608,543.1030927835052,158.48969072164948,197.23711340206185,349.2628865979381,572.5309278350516,1177.118556701031,319.2319587628866,592.2989690721649
589,790.1701030927835,137.76288659793815,546.5257731958762,156.11855670103094,199.17525773195877,342.53092783505156,568.3247422680413,1169.340206185567,337.36082474226805,586.1855670103092
590,812.8711340206186,137.14948453608247,550.0773195876288,156.4020618556701,193.21134020618555,337.4072164948454,584.6752577319587,1142.5979381443299,350.6855670103093,585.3144329896908
591,833.9278350515464,134.63917525773195,561.8969072164948,163.42268041237114,194.73711340206185,336.1855670103093,586.4020618556701,1142.7628865979382,345.1185567010309,593.0360824742268
592,871.7875647668394,140.86528497409327,548.9637305699482,165.51295336787564,193.1658031088083,341.48704663212436,595.2849740932643,1106.1295336787564,338.19170984455957,594.0466321243523
593,896.8445595854922,138.7461139896373,547.839378238342,159.8238341968912,192.32124352331607,331.9481865284974,597.1658031088083,1101.6217616580311,348.33678756476684,593.5284974093264
594,909.8290155440415,137.15544041450778,544.0777202072538,159.4300518134715,193.4300518134715,319.4145077720207,596.4041450777202,1057.103626943005,361.98445595854923,596.3782383419689
595,910.2395833333334,144.74479166666666,529.1614583333334,163.8125,189.05729166666666,314.2708333333333,609.8385416666666,1111.984375,357.0,595.140625
596,923.34375,140.03125,534.7395833333334,165.546875,188.69270833333334,319.0677083333333,613.28125,1147.453125,349.3229166666667,597.96875
597,970.6458333333334,135.49479166666666,530.296875,160.16666666666666,191.0625,328.1875,602.8645833333334,1151.625,353.3645833333333,601.671875
598,989.890052356021,135.90575916230367,523.020942408377,162.06806282722513,183.434554973822,328.3979057591623,590.848167539267,1158.3298429319373,348.13612565445027,606.109947643979
599,985.5183246073299,135.0366492146597,523.7801047120419,159.7591623036649,187.7329842931937,329.28795811518324,597.1151832460733,1081.4083769633507,338.0104712041885,625.2513089005236
600,980.5340314136125,134.7539267015707,514.5183246073299,160.04712041884818,186.6910994764398,335.2303664921466,594.2722513089005,1087.958115183246,345.6178010471204,612.7120418848167
601,989.7947368421053,134.82105263157894,510.62631578947367,160.68947368421053,189.06842105263158,331.4157894736842,607.9736842105264,1130.5263157894738,343.37368421052633,608.7526315789473
602,1017.7354497354497,139.46560846560845,489.7566137566138,173.6031746031746,191.31746031746033,332.12698412698415,638.3015873015873,1129.994708994709,349.0687830687831,614.5714285714286
603,1039.4761904761904,142.68783068783068,475.30687830687833,164.68783068783068,188.26455026455025,315.3703703703704,642.6455026455027,1098.6772486772486,352.36507936507934,626.3703703703703
604,1026.5053191489362,144.41489361702128,471.5159574468085,157.04255319148936,186.79787234042553,309.02659574468083,651.4627659574468,1119.3882978723404,349.5425531914894,629.4840425531914
605,1017.8670212765958,139.5904255319149,467.9148936170213,154.4627659574468,184.88829787234042,313.29787234042556,646.2765957446809,1099.7446808510638,345.18617021276594,638.1914893617021
606,1035.9202127659576,139.65425531914894,477.281914893617,149.50531914893617,188.6755319148936,331.06382978723406,662.2553191489362,1099.5159574468084,333.781914893617,636.6063829787234
607,1047.5698924731182,141.43010752688173,466.01612903225805,149.68279569892474,188.1720430107527,324.85483870967744,659.5752688172043,1079.8225806451612,331.71505376344084,626.1236559139785
608,1031.3763440860216,142.10752688172042,443.8494623655914,152.11290322580646,189.39247311827958,331.994623655914,654.747311827957,1086.4516129032259,320.6989247311828,609.3387096774194
609,1009.7903225806451,139.40322580645162,435.0537634408602,161.61290322580646,188.13440860215053,331.8010752688172,644.6021505376344,1067.284946236559,323.14516129032256,625.6881720430108
610,1003.5698924731183,136.5,446.01075268817203,159.22043010752688,187.3548387096774,345.89247311827955,634.5752688172043,1087.6666666666667,341.0967741935484,621.6989247311828
611,1011.772972972973,135.0162162162162,432.6108108108108,151.05405405405406,189.5243243243243,329.82702702702704,654.1081081081081,1071.545945945946,353.1189189189189,643.5351351351351
612,1038.2771739130435,136.40217391304347,424.42391304347825,142.625,191.4945652173913,322.30434782608694,653.75,1040.7391304347825,329.82608695652175,666.4728260869565
613,1035.1521739130435,139.81521739130434,418.6358695652174,157.19021739130434,194.2826086956522,325.5978260869565,617.9347826086956,1030.0978260869565,324.94565217391306,682.0760869565217
614,1028.5,143.41304347826087,424.9782608695652,164.7336956521739,194.2663043478261,319.6576086956522,613.1467391304348,1037.1902173913043,329.1847826086956,669.0054347826087
615,1023.4728260869565,143.0,420.2445652173913,158.21195652173913,191.1358695652174,324.7119565217391,637.679347826087,1063.7119565217392,335.69565217391306,672.3967391304348
616,1021.6666666666666,138.78688524590163,413.62295081967216,151.4207650273224,186.81967213114754,324.37704918032784,625.1256830601093,1057.983606557377,338.8306010928962,678.2732240437158
617,1016.4725274725274,135.73626373626374,407.13186813186815,159.37362637362637,185.0879120879121,317.7967032967033,644.6153846153846,1025.098901098901,338.989010989011,687.8956043956044
618,1028.2747252747254,135.7912087912088,387.1043956043956,150.8021978021978,186.4835164835165,315.18131868131866,653.9230769230769,1003.7912087912088,334.2802197802198,678.1263736263736
619,1061.401098901099,136.1098901098901,386.57142857142856,145.30769230769232,188.13736263736263,315.56043956043953,682.5054945054945,983.2087912087912,323.3131868131868,678.7967032967033
620,1037.6043956043957,135.57692307692307,374.9725274725275,152.82417582417582,183.85164835164835,305.6208791208791,691.0054945054945,960.2087912087912,308.97802197802196,679.554945054945
621,1009.6373626373627,135.48901098901098,374.1208791208791,151.34615384615384,184.44505494505495,301.44505494505495,671.1923076923077,970.6483516483516,301.2142857142857,704.1043956043956
622,974.4078212290502,134.56424581005587,378.53072625698326,149.6368715083799,184.85474860335196,303.12849162011173,680.7486033519554,1008.1005586592179,308.7262569832402,698.0
623,958.8603351955308,132.20670391061452,360.4189944134078,149.54189944134077,183.58100558659217,317.6368715083799,687.2737430167598,1032.6871508379888,299.12849162011173,693.9553072625698
624,980.3296089385475,136.19553072625698,361.4245810055866,147.00558659217876,183.95530726256985,316.01675977653633,706.0670391061452,1010.2513966480446,274.804469273743,712.9608938547486
625,937.8379888268156,136.31284916201116,349.4804469273743,157.0782122905028,187.35754189944134,303.16759776536315,705.9832402234637,969.2737430167598,274.4972067039106,693.0279329608938
626,920.0,132.8659217877095,347.39106145251395,167.20111731843576,184.0167597765363,305.0,702.4469273743017,953.0279329608938,266.2960893854749,693.2011173184358
627,884.2584269662922,132.67977528089887,342.69662921348316,170.47752808988764,183.69101123595505,302.0,669.1179775280899,965.685393258427,247.7078651685393,687.5112359550562
628,826.8870056497175,131.28813559322035,331.9830508474576,158.72316384180792,187.05649717514123,303.9830508474576,667.0564971751412,931.8587570621469,253.5367231638418,676.0677966101695
629,815.3502824858757,130.5084745762712,342.4689265536723,148.02824858757063,184.07909604519773,308.54237288135596,669.5197740112994,916.1299435028249,257.8135593220339,677.6214689265537
630,814.7627118644068,130.4689265536723,334.3672316384181,150.56497175141243,182.8870056497175,313.6101694915254,696.1694915254237,946.1977401129943,251.99435028248587,684.1525423728814
631,849.6553672316384,129.92090395480227,321.4406779661017,142.64406779661016,182.93785310734464,313.45197740112997,708.180790960452,953.7401129943503,254.0,657.8700564971751
632,822.8813559322034,136.63276836158192,326.8135593220339,144.26553672316385,180.20338983050848,295.88700564971754,712.7457627118644,953.54802259887,252.9774011299435,658.7683615819209
633,772.1186440677966,137.10169491525423,321.774011299435,143.97175141242937,180.63276836158192,293.14689265536725,725.0169491525423,935.1412429378531,251.07909604519773,667.1751412429378
634,780.5828571428572,132.56,316.2114285714286,148.53714285714287,179.65142857142857,299.42857142857144,722.8171428571428,908.5485714285714,248.66285714285715,676.8
635,813.8735632183908,129.80459770114942,320.4425287356322,152.17241379310346,179.40804597701148,306.0919540229885,688.1149425287356,895.0977011494252,241.90804597701148,667.1609195402299
636,791.3275862068965,134.3793103448276,315.9310344827586,157.31034482758622,183.5344827586207,318.04597701149424,687.5402298850574,889.6264367816092,226.26436781609195,653.0
637,761.1379310344828,131.18965517241378,310.735632183908,154.59195402298852,183.71264367816093,294.2471264367816,700.919540229885,891.7471264367816,225.48850574712642,650.0057471264367
638,758.3218390804598,129.23563218390805,310.235632183908,153.89655172413794,182.8505747126437,298.35632183908046,682.7183908045977,901.183908045977,222.51149425287358,638.7298850574713
639,743.9942196531792,128.5722543352601,310.5028901734104,155.60693641618496,176.01156069364163,315.64739884393066,663.9190751445087,854.9075144508671,211.92485549132948,629.2023121387283
640,722.3837209302326,127.0813953488372,301.5174418604651,149.7093023255814,177.73837209302326,325.73837209302326,653.2209302325581,862.9302325581396,209.07558139534885,629.4069767441861
641,710.9767441860465,130.09883720930233,296.09302325581393,148.03488372093022,176.46511627906978,301.58720930232556,646.3837209302326,839.4651162790698,212.6046511627907,625.8197674418604
642,678.5232558139535,131.6453488372093,298.4418604651163,145.7093023255814,173.71511627906978,287.1744186046512,638.6860465116279,823.4651162790698,215.1453488372093,605.453488372093
643,663.2982456140351,127.6374269005848,300.1637426900585,149.78362573099415,173.54970760233917,283.3157894736842,643.561403508772,825.1111111111111,212.42690058479533,599.2923976608187
644,648.6117647058824,127.28235294117647,299.2529411764706,145.85882352941175,178.22941176470587,290.4294117647059,642.2647058823529,799.8,200.18235294117648,590.1411764705882
645,654.2321428571429,128.32738095238096,290.8452380952381,144.45238095238096,174.98809523809524,290.89285714285717,633.422619047619,727.5178571428571,197.27380952380952,598.327380952381
646,643.5892857142857,132.92261904761904,290.1309523809524,143.86309523809524,187.14880952380952,287.9047619047619,617.4761904761905,716.9761904761905,190.20238095238096,601.9761904761905
647,610.1867469879518,131.74096385542168,286.04819277108436,145.33132530120483,188.98192771084337,289.72289156626505,592.3132530120482,721.7409638554217,189.73493975903614,588.8132530120482
648,569.060606060606,126.4121212121212,289.1454545454545,144.1818181818182,175.56363636363636,291.77575757575755,595.5636363636364,712.3939393939394,184.55757575757576,575.8787878787879
649,541.5341614906832,124.85093167701864,287.8633540372671,144.08695652173913,177.3975155279503,290.27950310559004,595.8136645962733,722.4472049689441,188.24844720496895,582.1925465838509
650,553.7610062893082,126.56603773584905,286.1132075471698,149.30188679245282,180.75471698113208,291.1509433962264,589.0188679245283,693.0125786163522,182.0251572327044,585.4276729559748
651,574.8064516129032,131.7290322580645,288.8838709677419,153.76129032258063,178.61290322580646,289.89677419354837,581.0,677.0064516129032,175.7483870967742,587.5354838709677
652,556.933774834437,131.9933774834437,283.9006622516556,149.58940397350995,172.02649006622516,282.2251655629139,574.0397350993378,662.8079470198676,168.59602649006624,587.4370860927153
653,505.9864864864865,126.83108108108108,278.2837837837838,145.81756756756758,183.9189189189189,288.7432432432432,570.6013513513514,688.1081081081081,165.0472972972973,578.5135135135135
654,489.5793103448276,123.42068965517241,276.95862068965516,147.2,175.73103448275862,289.86206896551727,560.9793103448276,674.0827586206897,165.3448275862069,597.3655172413793
655,493.2916666666667,124.35833333333333,269.275,142.525,176.80833333333334,283.39166666666665,559.35,689.6583333333333,162.05833333333334,571.6916666666667
656,469.00961538461536,121.1826923076923,269.74038461538464,140.30769230769232,179.125,283.3076923076923,541.5961538461538,670.9134615384615,165.9903846153846,602.1634615384615
657,463.39,116.9,275.92,137.92,171.5,284.31,563.34,661.51,168.24,599.49
658,461.8421052631579,119.7578947368421,275.12631578947367,147.96842105263158,168.94736842105263,288.0842105263158,622.3052631578947,673.5368421052632,159.7263157894737,584.3368421052631
659,489.27777777777777,127.65555555555555,270.56666666666666,157.4777777777778,161.84444444444443,292.76666666666665,590.4666666666667,649.7333333333333,150.74444444444444,560.8444444444444
660,464.42857142857144,124.26190476190476,267.14285714285717,155.45238095238096,163.14285714285714,289.9761904761905,559.6547619047619,645.4404761904761,152.46428571428572,579.5595238095239
661,458.679012345679,119.25925925925925,267.95061728395063,142.53086419753086,164.33333333333334,283.2962962962963,540.5432098765432,622.8765432098766,155.8148148148148,569.6296296296297
662,458.075,114.8375,270.5625,136.5875,160.875,267.4,538.95,641.55,153.8875,553.85
663,451.03846153846155,118.37179487179488,268.6794871794872,141.5,163.26923076923077,275.5128205128205,559.1923076923077,622.7051282051282,155.65384615384616,594.3717948717949
