Distance_(microns),eve,en,mlpt,hb,kr,gt,svb,cad,runt,odd
0,136.75,99.5,617.5,916.875,149.625,190.125,400.5,131.625,145.5,576.25
1,121.13333333333334,109.0,620.1333333333333,734.2666666666667,136.53333333333333,252.2,405.2,143.86666666666667,135.8,603.0
2,155.27777777777777,98.44444444444444,693.9444444444445,744.1111111111111,147.94444444444446,210.33333333333334,395.22222222222223,133.16666666666666,133.38888888888889,622.4444444444445
3,149.63636363636363,93.9090909090909,690.4090909090909,691.6363636363636,150.27272727272728,233.45454545454547,394.45454545454544,136.86363636363637,134.1818181818182,556.8636363636364
4,170.41666666666666,101.79166666666667,701.5833333333334,718.1666666666666,155.75,246.70833333333334,414.625,129.45833333333334,139.25,538.75
5,162.67857142857142,101.89285714285714,901.5,862.5,144.28571428571428,254.42857142857142,400.9642857142857,130.03571428571428,142.75,526.3928571428571
6,173.30769230769232,119.64102564102564,751.7948717948718,826.4871794871794,145.7948717948718,262.64102564102564,407.28205128205127,133.23076923076923,143.07692307692307,532.3333333333334
7,186.0222222222222,119.37777777777778,604.5333333333333,835.9333333333333,152.82222222222222,285.3777777777778,414.5111111111111,149.11111111111111,143.11111111111111,555.4888888888889
8,172.25,129.52083333333334,584.1875,895.625,148.97916666666666,297.7291666666667,413.2083333333333,152.60416666666666,142.45833333333334,583.75
9,175.7058823529412,147.11764705882354,572.3921568627451,832.1372549019608,145.3921568627451,314.4313725490196,400.88235294117646,150.66666666666666,145.76470588235293,577.1176470588235
10,177.7037037037037,159.87037037037038,584.6296296296297,774.425925925926,153.3148148148148,323.4259259259259,383.6111111111111,148.9814814814815,141.33333333333334,566.8518518518518
11,165.89655172413794,181.05172413793105,566.6896551724138,786.3965517241379,153.68965517241378,315.62068965517244,407.05172413793105,150.48275862068965,137.98275862068965,575.8448275862069
12,175.2622950819672,195.327868852459,532.6065573770492,754.360655737705,154.18032786885246,312.3114754098361,443.59016393442624,151.0327868852459,140.0655737704918,574.327868852459
13,169.609375,202.3125,462.046875,751.96875,147.828125,337.75,421.21875,151.578125,142.359375,554.046875
14,167.53731343283582,293.4029850746269,408.02985074626866,683.2089552238806,143.16417910447763,332.55223880597015,402.3880597014925,145.2537313432836,140.02985074626866,538.1194029850747
15,191.88235294117646,298.75,396.5147058823529,760.0735294117648,142.22058823529412,342.3970588235294,391.9117647058824,153.5,139.2941176470588,522.3823529411765
16,176.56521739130434,344.39130434782606,336.8840579710145,707.7826086956521,142.4927536231884,357.8695652173913,385.84057971014494,151.84057971014494,141.07246376811594,514.5942028985507
17,179.4857142857143,353.01428571428573,284.4714285714286,660.7571428571429,139.55714285714285,343.24285714285713,386.1714285714286,148.5,142.07142857142858,479.34285714285716
18,185.38571428571427,351.4,263.0285714285714,699.6428571428571,135.22857142857143,335.5285714285714,378.87142857142857,151.9142857142857,144.7,488.98571428571427
19,176.50704225352112,349.2112676056338,262.2112676056338,746.943661971831,132.32394366197184,327.85915492957747,367.9577464788732,151.95774647887325,135.29577464788733,492.6056338028169
20,178.11111111111111,355.34722222222223,271.18055555555554,731.5416666666666,131.54166666666666,346.7361111111111,363.43055555555554,151.16666666666666,138.29166666666666,509.94444444444446
21,177.24657534246575,338.09589041095893,257.4657534246575,723.4657534246576,131.76712328767124,361.3972602739726,363.6575342465753,148.4794520547945,136.68493150684932,497.7808219178082
22,151.0,325.7567567567568,255.24324324324326,752.8648648648649,133.72972972972974,372.02702702702703,352.81081081081084,145.6081081081081,141.1891891891892,534.5135135135135
23,131.46666666666667,302.50666666666666,243.61333333333334,782.8933333333333,141.08,377.73333333333335,344.93333333333334,142.74666666666667,135.96,541.5866666666667
24,124.67105263157895,314.55263157894734,262.30263157894734,783.3552631578947,141.67105263157896,376.5131578947368,359.0394736842105,139.46052631578948,143.78947368421052,530.8684210526316
25,123.10526315789474,243.19736842105263,250.39473684210526,733.1184210526316,142.35526315789474,361.8421052631579,374.7631578947368,141.75,138.55263157894737,521.171052631579
26,117.07792207792208,229.4805194805195,253.12987012987014,658.987012987013,143.45454545454547,358.4415584415584,379.97402597402595,144.5974025974026,142.28571428571428,534.7662337662338
27,110.94871794871794,214.28205128205127,251.82051282051282,669.3461538461538,145.19230769230768,380.37179487179486,368.7307692307692,137.62820512820514,139.62820512820514,531.0384615384615
28,107.25316455696202,240.15189873417722,253.81012658227849,723.1645569620254,148.1772151898734,392.3164556962025,362.82278481012656,130.32911392405063,142.29113924050634,566.8354430379746
29,104.34177215189874,249.40506329113924,255.37974683544303,751.4556962025316,144.9620253164557,399.1518987341772,356.4177215189873,129.30379746835442,147.2405063291139,574.9746835443038
30,98.1875,233.9,258.95,751.825,143.7375,388.75,365.8,127.9875,144.875,534.0375
31,97.1,190.825,250.625,728.425,146.5875,347.8,356.875,127.7,141.325,521.55
32,94.96341463414635,170.28048780487805,248.35365853658536,722.5,143.34146341463415,339.9024390243902,359.4146341463415,126.97560975609755,143.609756097561,493.5609756097561
33,99.49397590361446,159.79518072289156,254.33734939759037,728.2289156626506,140.32530120481928,347.9759036144578,368.50602409638554,125.16867469879519,144.96385542168676,514.9879518072289
34,95.62650602409639,168.03614457831324,253.75903614457832,734.289156626506,142.59036144578315,354.4457831325301,359.5903614457831,126.18072289156626,143.12048192771084,497.69879518072287
35,98.22619047619048,163.67857142857142,246.8452380952381,758.4404761904761,141.17857142857142,351.04761904761904,340.2738095238095,128.45238095238096,145.54761904761904,522.047619047619
36,98.61176470588235,150.2,247.52941176470588,725.364705882353,144.2941176470588,342.1058823529412,334.15294117647056,128.2,143.9764705882353,532.9294117647058
37,98.96511627906976,132.8139534883721,254.11627906976744,701.9767441860465,142.19767441860466,345.0348837209302,350.45348837209303,127.88372093023256,142.3139534883721,530.1627906976744
38,93.23255813953489,125.38372093023256,255.6046511627907,669.2093023255813,141.51162790697674,365.6511627906977,344.27906976744185,125.66279069767442,148.61627906976744,519.046511627907
39,92.19540229885058,115.9080459770115,251.05747126436782,685.6551724137931,141.183908045977,348.1609195402299,322.8735632183908,127.4367816091954,160.29885057471265,516.9310344827586
40,89.7840909090909,110.6590909090909,247.375,695.2386363636364,140.9318181818182,374.39772727272725,332.09090909090907,120.47727272727273,170.04545454545453,500.3181818181818
41,90.20224719101124,107.01123595505618,245.80898876404495,705.7752808988764,142.80898876404495,361.0,340.8876404494382,122.06741573033707,170.85393258426967,499.2696629213483
42,91.26666666666667,111.35555555555555,238.4777777777778,682.3444444444444,141.93333333333334,352.6,345.9111111111111,124.13333333333334,180.0,488.85555555555555
43,89.3956043956044,104.62637362637362,236.9120879120879,710.1318681318681,137.86813186813185,338.7362637362637,332.68131868131866,124.68131868131869,180.75824175824175,494.34065934065933
44,89.58064516129032,106.76344086021506,236.95698924731184,695.1182795698925,137.9247311827957,342.35483870967744,320.10752688172045,121.88172043010752,178.0752688172043,484.4731182795699
45,92.14736842105263,103.67368421052632,234.29473684210527,715.1473684210526,132.78947368421052,338.37894736842105,314.93684210526317,120.62105263157895,179.17894736842106,464.2526315789474
46,87.12631578947368,104.89473684210526,241.94736842105263,693.8105263157895,138.41052631578947,349.09473684210525,327.2315789473684,119.58947368421053,179.38947368421051,462.6
47,93.22680412371135,101.54639175257732,237.55670103092783,662.5360824742268,137.76288659793815,339.69072164948454,325.0412371134021,116.9278350515464,182.57731958762886,477.82474226804123
48,90.58163265306122,106.84693877551021,245.77551020408163,631.1224489795918,136.81632653061226,337.48979591836735,323.7755102040816,116.05102040816327,193.83673469387756,471.07142857142856
49,88.98,106.6,243.14,610.78,140.1,334.49,328.35,120.83,212.88,463.78
50,94.28,104.56,235.9,611.33,143.33,334.21,348.1,118.2,233.03,468.66
51,88.61,99.23,244.03,593.99,138.75,332.09,334.58,122.48,241.16,481.68
52,88.53921568627452,98.90196078431373,241.40196078431373,566.0686274509804,152.0392156862745,325.7549019607843,330.15686274509807,125.17647058823529,240.7843137254902,478.45098039215685
53,87.77450980392157,102.91176470588235,232.4607843137255,586.343137254902,157.47058823529412,344.5098039215686,336.9901960784314,118.22549019607843,237.49019607843138,470.62745098039215
54,88.45631067961165,98.58252427184466,226.16504854368932,616.4174757281553,165.3009708737864,343.2135922330097,337.5242718446602,120.45631067961165,230.40776699029126,484.6601941747573
55,88.4095238095238,96.93333333333334,224.71428571428572,617.552380952381,168.33333333333334,332.2761904761905,342.16190476190474,120.11428571428571,221.01904761904763,484.2857142857143
56,87.67619047619047,106.92380952380952,227.8761904761905,598.5904761904762,168.2952380952381,320.06666666666666,341.67619047619047,118.5047619047619,216.68571428571428,463.85714285714283
57,88.25233644859813,100.8785046728972,229.19626168224298,616.4953271028037,179.0,317.0093457943925,356.6355140186916,119.38317757009345,217.26168224299064,466.23364485981307
58,92.39252336448598,101.61682242990655,233.7196261682243,621.4579439252336,187.2710280373832,313.97196261682245,363.8785046728972,125.62616822429906,209.4392523364486,471.74766355140184
59,88.81481481481481,102.33333333333333,233.7962962962963,605.8888888888889,189.25925925925927,316.1111111111111,369.81481481481484,126.80555555555556,211.55555555555554,476.73148148148147
60,89.99090909090908,100.0,235.8181818181818,600.2181818181818,185.15454545454546,304.46363636363634,379.94545454545454,122.82727272727273,215.61818181818182,484.59090909090907
61,89.83783783783784,98.37837837837837,244.0810810810811,606.8738738738739,193.32432432432432,298.6216216216216,382.6666666666667,129.57657657657657,226.23423423423424,485.1801801801802
62,91.01801801801801,103.09909909909909,248.19819819819818,643.4774774774775,203.23423423423424,310.6126126126126,374.18918918918916,124.41441441441441,232.47747747747746,508.2522522522523
63,89.94690265486726,100.50442477876106,245.141592920354,652.5398230088496,217.7079646017699,325.0619469026549,374.53097345132744,123.40707964601769,231.78761061946904,502.283185840708
64,91.96491228070175,103.6842105263158,249.28947368421052,648.921052631579,216.3684210526316,329.0438596491228,384.4561403508772,125.39473684210526,232.06140350877192,495.67543859649123
65,98.01724137931035,101.89655172413794,252.42241379310346,639.6379310344828,209.77586206896552,328.36206896551727,383.12931034482756,122.83620689655173,224.56896551724137,491.12068965517244
66,92.8974358974359,103.82905982905983,251.008547008547,646.7435897435897,209.1196581196581,327.4871794871795,379.29059829059827,122.17094017094017,227.9059829059829,496.2735042735043
67,93.31623931623932,102.12820512820512,254.83760683760684,666.6153846153846,208.9145299145299,313.11965811965814,383.7606837606838,122.42735042735043,214.18803418803418,496.7521367521368
68,93.6864406779661,102.95762711864407,265.0508474576271,674.4661016949152,216.05084745762713,297.0508474576271,396.728813559322,123.1864406779661,213.364406779661,505.2118644067797
69,95.525,102.825,268.3666666666667,658.8166666666667,223.33333333333334,300.925,412.875,122.60833333333333,222.225,484.73333333333335
70,102.73553719008264,106.27272727272727,266.21487603305786,651.0495867768595,233.9090909090909,297.3884297520661,406.40495867768595,122.38842975206612,215.37190082644628,486.89256198347107
71,107.67479674796748,116.6829268292683,263.4390243902439,637.520325203252,230.58536585365854,285.5447154471545,407.7560975609756,121.35772357723577,220.52845528455285,497.3333333333333
72,118.70731707317073,111.3739837398374,269.1463414634146,647.3333333333334,236.6178861788618,285.6016260162602,418.6422764227642,122.04065040650407,218.02439024390245,494.2926829268293
73,123.0,122.952,272.872,641.296,246.632,292.16,436.728,124.272,235.192,509.784
74,128.976,129.992,276.64,636.416,253.392,289.416,429.832,124.472,243.08,539.272
75,126.792,123.92,276.208,669.824,242.496,280.264,407.24,123.44,250.984,543.424
76,125.62698412698413,121.46825396825396,273.1825396825397,711.9126984126984,237.1031746031746,286.7857142857143,414.0,125.37301587301587,251.37301587301587,535.5079365079365
77,123.93650793650794,119.25396825396825,278.8809523809524,695.2539682539683,248.515873015873,280.92063492063494,434.77777777777777,127.47619047619048,260.031746031746,533.1587301587301
78,120.21875,120.234375,277.3359375,669.09375,249.7734375,272.640625,436.1640625,130.671875,273.09375,532.4296875
79,122.6015625,118.6875,285.359375,680.6328125,254.6875,283.0390625,446.765625,132.75,271.625,534.3671875
80,120.265625,126.265625,289.4765625,691.28125,258.03125,263.90625,450.984375,132.8515625,265.109375,529.5859375
81,118.01538461538462,132.2923076923077,282.7692307692308,686.3615384615384,255.07692307692307,260.6384615384615,436.74615384615385,130.97692307692307,273.5692307692308,531.5307692307692
82,118.71538461538462,130.76153846153846,285.65384615384613,722.7153846153847,256.5923076923077,252.26153846153846,420.39230769230767,125.87692307692308,277.89230769230767,543.9153846153846
83,132.09923664122138,123.74045801526718,288.42748091603056,736.3893129770993,251.23664122137404,243.0381679389313,440.19847328244276,124.3969465648855,272.89312977099235,555.8702290076336
84,134.7348484848485,139.96969696969697,294.6666666666667,794.2651515151515,253.09848484848484,250.18939393939394,432.6136363636364,125.62121212121212,303.6969696969697,567.3560606060606
85,139.78625954198472,156.6030534351145,290.2442748091603,877.7709923664122,258.51908396946567,275.3435114503817,438.39694656488547,127.25190839694656,353.7022900763359,603.6564885496183
86,139.83333333333334,218.6818181818182,291.2121212121212,914.5075757575758,249.96969696969697,270.3939393939394,439.92424242424244,128.54545454545453,371.93939393939394,630.3636363636364
87,147.24242424242425,250.9848484848485,294.6212121212121,933.3939393939394,242.09848484848484,285.22727272727275,443.3181818181818,129.5530303030303,361.8939393939394,675.0151515151515
88,147.07575757575756,267.09090909090907,296.77272727272725,945.0075757575758,244.88636363636363,285.52272727272725,460.0530303030303,128.8939393939394,358.27272727272725,725.6212121212121
89,140.58333333333334,271.5,294.6287878787879,895.0454545454545,244.0681818181818,276.5984848484849,440.9848484848485,129.86363636363637,352.6363636363636,761.3636363636364
90,147.07462686567163,267.7089552238806,297.8955223880597,922.723880597015,239.73134328358208,260.75373134328356,424.4029850746269,128.52985074626866,333.17910447761193,785.4477611940298
91,147.9179104477612,305.2164179104478,289.24626865671644,981.455223880597,239.26865671641792,250.76865671641792,429.8358208955224,129.48507462686567,335.910447761194,798.1641791044776
92,151.94074074074075,341.6296296296296,282.89629629629627,988.5407407407407,236.15555555555557,254.6962962962963,426.05185185185184,130.63703703703703,332.02962962962965,832.8148148148148
93,151.57777777777778,322.6666666666667,284.6222222222222,981.6296296296297,227.27407407407406,253.85185185185185,461.962962962963,129.42962962962963,336.44444444444446,885.9481481481481
94,144.74074074074073,280.962962962963,285.42962962962963,1025.6592592592592,222.05185185185186,251.0074074074074,463.97777777777776,128.75555555555556,342.6740740740741,929.5185185185185
95,144.45185185185184,288.837037037037,281.6074074074074,1065.3037037037036,212.55555555555554,249.48888888888888,437.54814814814813,129.77777777777777,324.6962962962963,931.6
96,142.33333333333334,364.2888888888889,275.2814814814815,1081.5555555555557,199.46666666666667,238.71851851851852,415.3333333333333,132.61481481481482,301.64444444444445,914.237037037037
97,128.55555555555554,432.7185185185185,274.27407407407406,1137.5333333333333,184.25185185185185,238.37037037037038,427.1703703703704,134.4148148148148,269.68888888888887,915.4740740740741
98,116.44444444444444,415.8296296296296,270.46666666666664,1119.037037037037,180.0888888888889,237.9925925925926,440.1185185185185,130.15555555555557,244.62222222222223,949.2888888888889
99,108.36296296296297,412.0888888888889,265.6666666666667,1092.2814814814815,182.2962962962963,245.88148148148147,444.1259259259259,128.66666666666666,234.45925925925926,984.0222222222222
100,108.77037037037037,399.5777777777778,268.93333333333334,1094.9851851851852,189.65925925925927,255.14074074074074,444.3703703703704,125.34814814814816,221.34814814814814,983.3851851851852
101,108.4074074074074,398.3703703703704,271.2962962962963,1099.9407407407407,191.2,250.71851851851852,431.2888888888889,127.62222222222222,217.1925925925926,982.8444444444444
102,102.63432835820896,387.0149253731343,262.8805970149254,1100.641791044776,187.40298507462686,248.27611940298507,422.589552238806,130.53731343283582,228.23880597014926,994.6716417910447
103,98.61654135338345,384.9924812030075,262.4812030075188,1090.3007518796992,184.69172932330827,249.14285714285714,428.3308270676692,130.8796992481203,233.22556390977442,982.0601503759399
104,95.4469696969697,357.77272727272725,262.3560606060606,1145.0151515151515,191.1060606060606,247.46969696969697,435.8484848484849,129.9848484848485,225.8939393939394,969.4090909090909
105,96.70992366412214,316.0458015267176,258.44274809160305,1146.8167938931297,190.31297709923663,245.7709923664122,444.48091603053433,129.29007633587787,217.8320610687023,923.2061068702291
106,93.67692307692307,282.65384615384613,256.54615384615386,1141.2,182.54615384615386,248.77692307692308,445.9384615384615,128.33846153846153,211.6846153846154,879.8538461538461
107,93.24031007751938,274.08527131782944,252.86821705426357,1153.4341085271317,191.64341085271317,244.0,439.4263565891473,129.94573643410854,201.27906976744185,877.1162790697674
108,90.3515625,240.9765625,258.875,1096.1171875,183.9765625,237.0390625,442.484375,130.90625,195.40625,863.7421875
109,91.65873015873017,225.73809523809524,264.07142857142856,1060.9126984126983,188.35714285714286,239.15079365079364,444.25396825396825,128.71428571428572,194.79365079365078,853.8968253968254
110,92.71428571428571,256.1031746031746,259.26190476190476,1056.031746031746,203.72222222222223,254.03174603174602,428.5,128.73809523809524,188.12698412698413,765.031746031746
111,90.304,232.928,252.648,1048.744,196.296,255.456,412.624,127.232,184.944,716.736
112,93.41129032258064,195.5241935483871,254.61290322580646,977.9677419354839,200.81451612903226,247.58064516129033,406.1774193548387,126.9758064516129,183.51612903225808,688.0322580645161
113,91.66666666666667,178.70731707317074,256.0,970.1788617886178,203.96747967479675,244.08130081300814,398.0975609756098,128.5609756097561,187.4878048780488,690.910569105691
114,93.20491803278688,182.5,251.09016393442624,945.4590163934427,206.81147540983608,233.85245901639345,397.8032786885246,124.77868852459017,192.00819672131146,680.327868852459
115,92.45081967213115,157.60655737704917,250.6639344262295,974.6065573770492,200.9672131147541,235.4016393442623,410.9672131147541,123.79508196721312,197.19672131147541,644.1803278688525
116,91.58677685950413,138.91735537190084,251.1404958677686,960.6446280991736,208.39669421487602,239.3801652892562,398.75206611570246,126.31404958677686,185.6694214876033,616.4958677685951
117,90.14285714285714,127.78991596638656,250.890756302521,918.2689075630252,211.23529411764707,234.9075630252101,402.83193277310926,126.66386554621849,181.5546218487395,589.9411764705883
118,89.43697478991596,132.42016806722688,255.10084033613447,826.8067226890756,210.96638655462183,234.10084033613447,391.4621848739496,124.26050420168067,191.60504201680672,574.0672268907563
119,91.25641025641026,129.23076923076923,256.15384615384613,791.2051282051282,220.53846153846155,232.64957264957266,400.36752136752136,125.8974358974359,187.30769230769232,556.0683760683761
120,92.75213675213675,117.06837606837607,244.9145299145299,763.2136752136752,219.65811965811966,230.008547008547,419.12820512820514,124.65811965811966,191.05128205128204,540.3504273504274
121,92.98275862068965,107.11206896551724,248.77586206896552,783.8793103448276,231.81034482758622,241.0344827586207,415.7931034482759,129.67241379310346,187.05172413793105,530.3620689655172
122,87.71052631578948,108.52631578947368,256.0701754385965,780.2280701754386,234.56140350877192,244.66666666666666,393.49122807017545,127.96491228070175,184.9298245614035,546.6228070175439
123,90.64601769911505,105.5575221238938,252.5132743362832,801.3451327433628,237.93805309734512,237.87610619469027,426.08849557522126,125.54867256637168,182.2566371681416,547.6814159292036
124,94.72972972972973,102.86486486486487,273.02702702702703,809.2252252252252,249.96396396396398,241.3783783783784,444.9189189189189,124.46846846846847,182.72072072072072,541.6486486486486
125,95.3,105.69090909090909,261.1545454545454,824.0727272727273,264.8454545454546,242.44545454545454,459.5181818181818,121.77272727272727,184.85454545454544,534.5909090909091
126,95.82407407407408,106.82407407407408,260.6759259259259,848.6574074074074,273.25,250.14814814814815,468.712962962963,127.56481481481481,186.10185185185185,544.824074074074
127,96.33644859813084,101.83177570093459,258.32710280373834,841.6448598130842,285.4018691588785,245.57009345794393,433.1121495327103,129.62616822429908,187.98130841121494,531.8504672897196
128,94.37037037037037,104.5,255.7962962962963,773.425925925926,292.1759259259259,250.2685185185185,457.5,127.69444444444444,184.62962962962962,529.6666666666666
129,97.17757009345794,101.53271028037383,261.41121495327104,803.5420560747664,300.61682242990656,263.70093457943926,473.9065420560748,128.48598130841123,185.22429906542055,537.8224299065421
130,95.44444444444444,98.93518518518519,264.6111111111111,852.6666666666666,300.6666666666667,254.50925925925927,471.73148148148147,130.16666666666666,183.19444444444446,530.1481481481482
131,96.21698113207547,98.5,270.1792452830189,759.622641509434,303.07547169811323,253.99056603773585,465.42452830188677,130.3490566037736,185.95283018867926,521.7924528301887
132,98.81132075471699,98.51886792452831,259.6792452830189,682.3962264150944,307.5188679245283,252.04716981132074,450.37735849056605,126.68867924528301,184.24528301886792,506.02830188679246
133,103.28301886792453,100.83962264150944,265.1509433962264,758.377358490566,314.2830188679245,254.46226415094338,469.83962264150944,124.85849056603773,185.0,492.6320754716981
134,105.58490566037736,100.67924528301887,254.62264150943398,772.9150943396227,314.8018867924528,250.16981132075472,465.7358490566038,124.4622641509434,190.81132075471697,490.5566037735849
135,113.30841121495327,100.23364485981308,256.9252336448598,827.7663551401869,301.4018691588785,249.4392523364486,441.98130841121497,124.06542056074767,198.89719626168224,501.9906542056075
136,118.18867924528301,100.20754716981132,262.92452830188677,864.7169811320755,304.7169811320755,247.5,476.35849056603774,126.56603773584905,203.0566037735849,503.99056603773585
137,120.45794392523365,101.18691588785046,258.6542056074766,793.4953271028037,307.5420560747664,237.16822429906543,474.5420560747664,130.52336448598132,200.61682242990653,516.4766355140187
138,133.71028037383178,107.40186915887851,268.10280373831773,745.4953271028037,316.04672897196264,229.65420560747663,459.13084112149534,132.5607476635514,205.55140186915887,529.3271028037383
139,141.2803738317757,104.28971962616822,268.86915887850466,768.9158878504672,322.0,226.77570093457945,468.14953271028037,133.28971962616822,208.0,523.9532710280374
140,153.61682242990653,109.70093457943925,270.02803738317755,798.2242990654206,321.66355140186914,232.65420560747663,468.05607476635515,137.47663551401868,215.0841121495327,529.2710280373832
141,159.89814814814815,110.62037037037037,262.50925925925924,770.824074074074,321.9166666666667,231.62962962962962,477.44444444444446,141.17592592592592,212.38888888888889,532.1203703703703
142,160.99074074074073,116.8425925925926,263.6574074074074,778.4166666666666,316.77777777777777,238.19444444444446,490.75925925925924,141.0462962962963,207.24074074074073,548.0092592592592
143,158.94444444444446,116.87037037037037,269.037037037037,791.2037037037037,314.99074074074076,237.5185185185185,505.74074074074076,138.0185185185185,210.5648148148148,536.0185185185185
144,165.97222222222223,130.2962962962963,260.72222222222223,786.3888888888889,336.0833333333333,237.5,502.0833333333333,140.0462962962963,209.66666666666666,542.4444444444445
145,164.19444444444446,128.30555555555554,271.1574074074074,767.7037037037037,326.27777777777777,232.12037037037038,497.19444444444446,147.91666666666666,204.14814814814815,546.5092592592592
146,181.14814814814815,115.62037037037037,273.6666666666667,776.4166666666666,322.7962962962963,222.65740740740742,488.0833333333333,145.4351851851852,199.78703703703704,546.9907407407408
147,180.00925925925927,120.41666666666667,269.5925925925926,758.5833333333334,312.6203703703704,224.16666666666666,484.8333333333333,141.82407407407408,198.9814814814815,550.4722222222222
148,179.0841121495327,115.59813084112149,275.8317757009346,774.2336448598131,296.1214953271028,227.70093457943926,510.8878504672897,151.53271028037383,207.0841121495327,542.0934579439253
149,176.62616822429908,105.66355140186916,269.94392523364485,887.7009345794393,314.5607476635514,223.88785046728972,515.9719626168225,152.9158878504673,208.45794392523365,537.2149532710281
150,181.2685185185185,107.0,266.6203703703704,941.9907407407408,327.7962962962963,225.05555555555554,519.9166666666666,151.11111111111111,206.22222222222223,515.2407407407408
151,187.74074074074073,110.01851851851852,270.56481481481484,898.2592592592592,340.537037037037,225.61111111111111,542.1203703703703,150.35185185185185,207.21296296296296,529.8981481481482
152,191.19444444444446,111.35185185185185,263.1296296296296,904.675925925926,361.06481481481484,225.84259259259258,538.2962962962963,145.14814814814815,223.16666666666666,537.2685185185185
153,206.27522935779817,123.41284403669725,266.51376146788994,891.8256880733945,364.1192660550459,233.40366972477065,526.5045871559633,149.2018348623853,218.24770642201835,537.4128440366973
154,214.96330275229357,132.32110091743118,258.72477064220186,869.302752293578,382.8256880733945,235.6697247706422,515.0733944954128,155.56880733944953,218.43119266055047,537.2844036697247
155,207.96330275229357,131.22018348623854,262.45871559633025,826.3211009174312,362.2477064220183,232.8165137614679,520.7247706422019,148.62385321100916,209.9908256880734,547.1192660550458
156,199.78899082568807,133.41284403669724,261.5596330275229,826.7798165137615,340.302752293578,234.63302752293578,505.3119266055046,142.76146788990826,194.348623853211,546.5045871559633
157,202.04504504504504,134.04504504504504,261.72072072072075,853.8558558558559,338.1711711711712,232.6846846846847,507.036036036036,137.99099099099098,197.73873873873873,543.1981981981982
158,207.50892857142858,131.29464285714286,266.8392857142857,875.3571428571429,332.86607142857144,224.64285714285714,489.60714285714283,143.02678571428572,198.49107142857142,544.125
159,205.83928571428572,138.98214285714286,273.16964285714283,901.4375,325.5,228.66071428571428,494.74107142857144,144.48214285714286,213.375,560.0625
160,208.80357142857142,147.29464285714286,275.8392857142857,909.8392857142857,342.0625,229.74107142857142,496.9732142857143,142.77678571428572,209.04464285714286,573.1875
161,212.30357142857142,155.60714285714286,265.8392857142857,918.0982142857143,376.0625,233.39285714285714,531.3303571428571,145.15178571428572,203.75892857142858,574.3035714285714
162,217.93805309734512,159.72566371681415,266.716814159292,875.7699115044247,386.27433628318585,234.46902654867256,518.0796460176991,144.23008849557522,196.2212389380531,569.5929203539823
163,232.79646017699116,168.73451327433628,268.27433628318585,854.2831858407079,402.8938053097345,224.3716814159292,531.0973451327434,147.04424778761063,188.61946902654867,582.8672566371681
164,233.55263157894737,198.0701754385965,269.7280701754386,866.6315789473684,404.9298245614035,226.73684210526315,506.14912280701753,149.4298245614035,187.89473684210526,577.5263157894736
165,236.6086956521739,178.2,272.9826086956522,857.6521739130435,394.5652173913044,233.68695652173912,528.1565217391304,143.48695652173913,183.63478260869564,598.4608695652174
166,239.94827586206895,169.10344827586206,271.5689655172414,841.0689655172414,408.4655172413793,243.94827586206895,541.5689655172414,145.10344827586206,178.7155172413793,574.5
167,242.82758620689654,165.77586206896552,271.0689655172414,840.4051724137931,441.4310344827586,236.88793103448276,534.3620689655172,147.48275862068965,183.8448275862069,606.2931034482758
168,234.51282051282053,156.15384615384616,266.45299145299145,835.7948717948718,452.9316239316239,239.5897435897436,536.3333333333334,148.16239316239316,177.31623931623932,605.8888888888889
169,242.47457627118644,174.33050847457628,267.20338983050846,851.3050847457627,487.97457627118644,223.9406779661017,555.457627118644,141.8728813559322,165.5593220338983,606.0847457627119
170,233.88983050847457,208.24576271186442,270.39830508474574,894.7457627118644,531.9406779661017,217.14406779661016,522.542372881356,140.04237288135593,156.61864406779662,615.9915254237288
171,219.9747899159664,215.88235294117646,268.26050420168065,881.344537815126,574.4033613445379,211.8235294117647,508.73949579831935,134.32773109243698,154.8655462184874,593.8487394957983
172,197.85833333333332,201.20833333333334,265.10833333333335,825.9083333333333,630.2583333333333,226.55,510.45,133.49166666666667,149.95,599.15
173,198.06611570247935,215.97520661157026,264.11570247933884,786.0413223140496,682.2148760330579,223.71900826446281,499.57851239669424,134.44628099173553,153.1818181818182,616.1404958677685
174,190.5785123966942,208.1487603305785,271.53719008264466,739.6694214876034,733.0,225.63636363636363,475.198347107438,140.26446280991735,156.94214876033058,614.2314049586777
175,179.63934426229508,210.02459016393442,270.8360655737705,667.1147540983607,752.2622950819672,228.77868852459017,502.8196721311475,142.0655737704918,159.00819672131146,595.2131147540983
176,167.5702479338843,208.47107438016528,266.0,600.4628099173553,756.4876033057851,228.8099173553719,497.1652892561983,137.95867768595042,162.29752066115702,614.5289256198347
177,164.90983606557376,237.54918032786884,267.9836065573771,552.0737704918033,753.7622950819672,228.672131147541,493.4672131147541,134.8360655737705,166.36065573770492,612.688524590164
178,157.70491803278688,226.10655737704917,267.41803278688525,545.8934426229508,785.155737704918,224.327868852459,490.2049180327869,132.62295081967213,166.04918032786884,601.016393442623
179,142.130081300813,238.5040650406504,259.9186991869919,562.7317073170732,820.650406504065,215.41463414634146,487.7967479674797,134.15447154471545,168.77235772357724,596.3739837398374
180,128.34677419354838,228.25806451612902,254.5,565.4758064516129,855.6693548387096,210.9758064516129,480.0,132.33064516129033,168.99193548387098,596.3870967741935
181,125.496,178.912,257.024,536.376,845.864,214.56,488.872,130.144,164.36,591.424
182,120.544,166.584,256.216,502.496,860.128,216.992,455.368,129.32,160.744,590.256
183,115.64285714285714,170.86507936507937,255.8015873015873,493.8809523809524,864.7539682539683,221.77777777777777,439.8888888888889,131.76190476190476,161.70634920634922,581.7619047619048
184,121.69291338582677,162.6220472440945,257.66141732283467,503.37795275590554,847.3543307086615,226.33858267716536,449.0787401574803,133.24409448818898,170.13385826771653,585.6614173228346
185,119.078125,145.046875,255.53125,510.40625,839.2265625,221.3984375,440.28125,130.6328125,171.28125,580.453125
186,116.2248062015504,140.66666666666666,254.34108527131784,489.8759689922481,831.8759689922481,210.0,426.3333333333333,129.29457364341084,166.72868217054264,562.5503875968992
187,108.76923076923077,136.8923076923077,251.75384615384615,459.81538461538463,842.5538461538462,213.13846153846154,418.0615384615385,128.2846153846154,169.26923076923077,559.8153846153846
188,108.0381679389313,139.206106870229,249.1145038167939,454.3435114503817,861.4732824427481,214.61068702290078,406.19083969465646,128.4885496183206,173.75572519083968,554.4885496183206
189,105.9172932330827,135.85714285714286,252.54887218045113,436.63157894736844,836.6842105263158,212.3984962406015,400.54887218045116,129.1954887218045,175.97744360902254,562.218045112782
190,105.28787878787878,128.87121212121212,250.78787878787878,435.6515151515151,819.6439393939394,211.71969696969697,390.4621212121212,127.29545454545455,179.31060606060606,547.8863636363636
191,102.3157894736842,125.73684210526316,242.90225563909775,457.609022556391,805.4586466165414,209.593984962406,391.42857142857144,124.6842105263158,176.3233082706767,544.796992481203
192,102.36296296296297,119.36296296296297,245.82962962962964,456.15555555555557,820.3037037037037,216.6074074074074,391.34814814814814,123.32592592592593,177.71851851851852,561.4074074074074
193,103.47407407407407,122.06666666666666,250.94814814814814,448.34814814814814,829.8296296296296,213.59259259259258,391.68148148148146,124.6962962962963,186.8,565.6
194,103.73529411764706,124.30147058823529,249.9191176470588,442.08088235294116,839.6985294117648,207.99264705882354,382.4117647058824,125.2720588235294,194.13235294117646,558.4264705882352
195,102.26470588235294,127.52941176470588,253.11029411764707,431.22058823529414,872.6323529411765,208.9485294117647,381.0735294117647,121.80882352941177,199.47058823529412,565.6691176470588
196,101.27941176470588,121.58088235294117,253.10294117647058,457.8529411764706,876.1838235294117,212.56617647058823,380.29411764705884,127.40441176470588,202.1691176470588,564.6323529411765
197,101.97777777777777,122.02962962962962,253.73333333333332,479.8740740740741,881.2888888888889,220.32592592592593,387.8814814814815,128.2962962962963,212.9185185185185,558.8518518518518
198,100.11111111111111,121.8962962962963,258.72592592592594,474.5851851851852,856.4962962962964,212.46666666666667,408.3259259259259,128.0074074074074,229.65185185185186,564.8148148148148
199,102.6268656716418,122.4776119402985,259.54477611940297,471.94776119402985,831.6194029850747,212.78358208955223,423.0970149253731,127.55223880597015,241.67164179104478,558.7985074626865
200,105.69402985074628,119.11940298507463,261.06716417910445,467.0149253731343,820.9701492537314,212.955223880597,410.42537313432837,129.5597014925373,237.7462686567164,574.4626865671642
201,106.29850746268657,109.9776119402985,262.7985074626866,487.25373134328356,844.5671641791045,215.50746268656715,403.92537313432837,130.15671641791045,252.63432835820896,563.1268656716418
202,111.80451127819549,105.18045112781955,263.83458646616543,496.74436090225566,886.5639097744361,207.88721804511277,389.0375939849624,127.51127819548873,272.45864661654133,575.1127819548872
203,115.06060606060606,110.54545454545455,266.6515151515151,492.4848484848485,904.939393939394,209.21212121212122,408.0530303030303,125.92424242424242,294.5984848484849,546.6666666666666
204,115.52671755725191,108.65648854961832,258.31297709923666,485.5648854961832,892.2595419847328,212.96946564885496,425.6106870229008,127.41984732824427,306.1145038167939,555.4427480916031
205,110.3587786259542,104.25190839694656,258.48854961832063,480.412213740458,883.2824427480916,209.6412213740458,431.6564885496183,127.7557251908397,296.0229007633588,561.4732824427481
206,108.63846153846154,101.93076923076923,259.03076923076924,474.4307692307692,904.2692307692307,216.01538461538462,438.31538461538463,131.8153846153846,281.5615384615385,562.8615384615384
207,110.04651162790698,103.24806201550388,257.70542635658916,477.26356589147287,911.2325581395348,216.72093023255815,432.6821705426357,131.64341085271317,308.82945736434107,559.8217054263566
208,112.390625,108.59375,270.875,525.1796875,945.671875,221.984375,444.609375,130.46875,321.4921875,541.40625
209,116.8062015503876,105.28682170542636,280.3410852713178,546.0387596899225,948.3643410852713,218.68217054263565,427.6046511627907,128.09302325581396,341.3255813953488,548.7364341085271
210,116.5891472868217,102.32558139534883,268.5736434108527,580.4341085271318,980.046511627907,220.67441860465115,404.4031007751938,127.96899224806202,369.47286821705427,547.5348837209302
211,112.14728682170542,101.24806201550388,255.50387596899225,596.4263565891473,1000.8294573643411,224.54263565891472,430.04651162790697,130.27906976744185,355.25581395348837,539.8217054263566
212,112.65891472868218,102.01550387596899,254.015503875969,626.7131782945736,1045.3720930232557,222.91472868217053,419.38759689922483,128.31782945736435,353.16279069767444,530.7906976744187
213,111.5,104.48461538461538,246.65384615384616,615.1384615384616,1009.8461538461538,215.46923076923076,434.1384615384615,126.6923076923077,371.6,540.876923076923
214,109.58333333333333,106.09848484848484,248.13636363636363,590.1136363636364,961.3181818181819,219.28787878787878,438.8712121212121,129.90151515151516,353.5378787878788,531.7424242424242
215,106.28787878787878,103.28030303030303,248.91666666666666,609.5833333333334,973.8787878787879,220.8030303030303,430.52272727272725,129.86363636363637,365.97727272727275,544.8636363636364
216,109.13533834586467,103.50375939849624,250.41353383458647,618.6315789473684,978.5563909774436,217.18796992481202,429.6616541353383,128.21052631578948,385.43609022556393,536.421052631579
217,111.58646616541354,101.41353383458646,248.22556390977442,616.9699248120301,1004.5187969924812,217.39097744360902,428.9248120300752,126.96992481203007,394.6466165413534,543.2481203007519
218,123.71641791044776,106.59701492537313,257.86567164179104,571.0223880597015,1027.2686567164178,219.06716417910448,447.0149253731343,133.63432835820896,407.32089552238807,548.1268656716418
219,136.97014925373134,103.15671641791045,266.5970149253731,602.0895522388059,1058.7686567164178,220.3582089552239,435.0,131.12686567164178,419.7835820895522,544.3880597014926
220,147.6985294117647,107.04411764705883,259.74264705882354,621.2205882352941,1045.3970588235295,216.23529411764707,438.4117647058824,126.19852941176471,431.29411764705884,540.5955882352941
221,150.4558823529412,107.63970588235294,261.24264705882354,585.6911764705883,1038.6176470588234,217.4191176470588,454.2867647058824,125.58088235294117,446.3235294117647,559.1397058823529
222,158.09489051094891,109.69343065693431,265.77372262773724,615.7518248175182,1038.7007299270074,218.54744525547446,443.54744525547443,132.32846715328466,438.75182481751824,564.5766423357665
223,150.3065693430657,105.63503649635037,263.95620437956205,623.0364963503649,1066.2627737226278,216.34306569343065,428.95620437956205,132.03649635036496,431.62773722627736,561.8175182481751
224,147.08695652173913,107.43478260869566,263.9710144927536,607.6884057971015,1093.2246376811595,217.3985507246377,422.72463768115944,128.78985507246378,435.1376811594203,561.0652173913044
225,147.92028985507247,110.1086956521739,261.30434782608694,572.1231884057971,1125.4855072463768,219.42028985507247,424.268115942029,132.19565217391303,441.90579710144925,573.2536231884058
226,150.7246376811594,104.71014492753623,267.6521739130435,578.6811594202899,1118.695652173913,218.6304347826087,431.27536231884056,130.33333333333334,457.1231884057971,582.0144927536232
227,155.62589928057554,108.92805755395683,272.32374100719426,589.5035971223022,1120.1223021582734,214.83453237410072,441.6978417266187,130.82014388489208,476.7410071942446,584.1870503597122
228,160.2642857142857,108.46428571428571,270.5357142857143,598.4071428571428,1131.2571428571428,214.32857142857142,443.35,130.17857142857142,485.5285714285714,618.2857142857143
229,160.12056737588654,108.44680851063829,274.4822695035461,568.5035460992908,1134.3758865248226,212.68085106382978,439.45390070921985,131.22695035460993,499.26241134751774,650.6879432624113
230,162.85106382978722,111.77304964539007,274.6950354609929,584.4255319148937,1148.6808510638298,214.82269503546098,440.2695035460993,135.0921985815603,502.6099290780142,658.177304964539
231,171.14788732394365,120.92957746478874,270.4718309859155,523.830985915493,1124.8521126760563,214.27464788732394,443.85915492957747,134.29577464788733,511.53521126760563,652.6197183098592
232,181.54545454545453,120.98601398601399,274.27972027972027,506.13286713286715,1085.6433566433566,217.30769230769232,454.35664335664336,130.35664335664336,539.6643356643357,627.8111888111888
233,194.41958041958043,125.84615384615384,276.041958041958,529.5944055944055,1088.3636363636363,221.46853146853147,450.1118881118881,130.24475524475525,571.4475524475524,616.8181818181819
234,208.9020979020979,129.37062937062936,278.0979020979021,515.4545454545455,1110.8951048951049,219.04195804195805,442.74825174825173,132.3146853146853,569.5874125874126,616.6293706293707
235,224.84615384615384,152.06293706293707,277.02097902097904,478.6643356643357,1116.5244755244755,218.51048951048952,453.986013986014,133.74825174825176,551.8391608391609,629.8741258741259
236,218.76388888888889,164.13888888888889,283.6875,509.9513888888889,1102.548611111111,219.8125,447.00694444444446,135.55555555555554,570.5138888888889,647.5277777777778
237,217.42361111111111,159.34722222222223,281.7361111111111,513.1666666666666,1106.7847222222222,223.49305555555554,454.78472222222223,136.27083333333334,578.9027777777778,653.0972222222222
238,219.20138888888889,152.5,288.21527777777777,503.09722222222223,1109.0,225.60416666666666,453.625,136.27777777777777,569.9930555555555,637.5347222222222
239,224.50344827586207,148.16551724137932,291.63448275862066,471.11724137931037,1114.703448275862,222.30344827586208,465.3103448275862,136.0344827586207,570.1931034482759,665.5172413793103
240,240.12328767123287,144.02739726027397,281.97945205479454,447.0342465753425,1141.335616438356,217.63698630136986,488.2191780821918,136.6986301369863,607.4109589041096,690.0890410958904
241,262.82876712328766,150.63013698630138,289.8904109589041,462.7671232876712,1159.972602739726,215.4794520547945,471.958904109589,138.64383561643837,657.945205479452,705.8287671232877
242,285.05479452054794,160.36986301369862,290.9109589041096,490.6575342465753,1210.945205479452,210.91780821917808,474.013698630137,139.43835616438355,697.7671232876712,730.5616438356165
243,304.9795918367347,178.80272108843536,291.0,442.36054421768705,1253.5170068027212,217.93197278911563,517.204081632653,138.80272108843536,702.4965986394558,749.2517006802722
244,329.9047619047619,193.50340136054422,301.8299319727891,410.5170068027211,1255.1360544217687,215.3877551020408,561.7074829931972,134.9251700680272,695.9183673469388,793.8299319727892
245,343.21768707482994,195.70068027210885,301.8299319727891,428.5850340136054,1257.469387755102,213.7687074829932,525.6938775510204,132.03401360544217,708.5986394557823,807.2993197278912
246,344.25850340136054,207.61904761904762,299.00680272108843,444.3809523809524,1260.9727891156463,212.17006802721087,506.3469387755102,132.94557823129253,705.7006802721088,840.2380952380952
247,333.40816326530614,225.72108843537416,289.63945578231295,411.0612244897959,1276.095238095238,215.57823129251702,511.00680272108843,134.48979591836735,669.4285714285714,884.6530612244898
248,323.8445945945946,229.56756756756758,292.2972972972973,361.25,1305.2702702702702,221.1891891891892,534.5472972972973,135.38513513513513,674.8243243243244,912.3851351351351
249,307.1543624161074,217.81879194630872,301.4765100671141,351.71812080536915,1302.8926174496644,212.36241610738256,552.0805369127517,138.26845637583892,673.2013422818792,929.9664429530201
250,297.0472972972973,224.4391891891892,307.75,358.52027027027026,1318.9662162162163,209.3310810810811,527.527027027027,135.52027027027026,632.6554054054054,996.081081081081
251,273.7027027027027,262.80405405405406,311.31756756756755,333.61486486486484,1310.6216216216217,217.09459459459458,522.0608108108108,132.32432432432432,620.1013513513514,1079.8716216216217
252,268.6462585034014,270.05442176870747,313.55102040816325,309.4557823129252,1299.8163265306123,219.843537414966,533.2721088435375,132.3673469387755,617.8707482993198,1078.5714285714287
253,255.16326530612244,266.8299319727891,322.7551020408163,300.8299319727891,1279.408163265306,222.91836734693877,530.2993197278912,137.31292517006804,591.6054421768707,1074.7755102040817
254,224.24489795918367,238.16326530612244,327.4353741496599,331.2721088435374,1280.904761904762,220.16326530612244,549.5646258503401,139.34013605442178,544.4557823129252,1106.8639455782313
255,199.91156462585033,213.2721088435374,323.21768707482994,323.2721088435374,1257.4897959183672,221.47619047619048,544.9115646258504,135.9387755102041,540.8503401360545,1110.9455782312925
256,189.28571428571428,210.0,328.7142857142857,345.8979591836735,1305.8231292517007,224.06802721088437,536.156462585034,132.76190476190476,526.530612244898,1129.3809523809523
257,167.36986301369862,199.84931506849315,334.24657534246575,346.94520547945206,1324.1164383561643,223.2945205479452,553.0410958904109,133.23972602739727,507.02054794520546,1136.1438356164383
258,157.31506849315068,179.43835616438355,338.0821917808219,340.7808219178082,1262.8424657534247,228.28082191780823,545.8767123287671,131.43150684931507,477.3493150684931,1136.63698630137
259,150.61904761904762,165.91156462585033,352.82312925170066,339.0,1266.7891156462586,217.1768707482993,564.2789115646259,132.47619047619048,473.55102040816325,1153.251700680272
260,137.77027027027026,159.3108108108108,355.80405405405406,323.27027027027026,1276.1756756756756,219.54054054054055,567.6013513513514,132.44594594594594,484.3581081081081,1163.1148648648648
261,134.7123287671233,160.1095890410959,360.1232876712329,306.73972602739724,1260.8082191780823,230.78082191780823,571.5068493150685,135.26712328767124,480.06849315068496,1178.3835616438357
262,131.67123287671234,176.6917808219178,370.54794520547944,320.85616438356163,1242.972602739726,232.15068493150685,582.2671232876712,133.93835616438355,467.972602739726,1173.7465753424658
263,121.64383561643835,171.1027397260274,365.3904109589041,358.59589041095893,1266.4041095890411,228.45890410958904,600.0616438356165,134.71917808219177,468.2260273972603,1155.6301369863013
264,118.44520547945206,168.78082191780823,381.64383561643837,335.0068493150685,1296.054794520548,223.58219178082192,598.2808219178082,131.68493150684932,450.0890410958904,1132.5890410958905
265,114.49655172413793,187.4,409.0551724137931,317.5931034482759,1271.5448275862068,221.71724137931034,599.3172413793103,133.42068965517242,449.1034482758621,1098.510344827586
266,108.57931034482759,192.8,423.7655172413793,357.6896551724138,1202.703448275862,219.6,606.9931034482759,137.42068965517242,439.15862068965515,1071.5793103448275
267,110.21379310344828,203.35862068965517,436.3241379310345,358.39310344827584,1165.7862068965517,220.83448275862068,603.8827586206896,134.97241379310344,432.24827586206897,1035.1172413793104
268,108.37931034482759,170.2,428.2344827586207,328.7448275862069,1234.2068965517242,227.29655172413794,607.7172413793104,135.60689655172413,420.60689655172416,1003.1931034482759
269,101.32867132867133,150.55944055944056,428.0979020979021,312.2937062937063,1233.6923076923076,224.33566433566435,643.2307692307693,134.01398601398603,408.1888111888112,988.2657342657343
270,101.5944055944056,145.53146853146853,441.7762237762238,286.8881118881119,1159.2797202797203,217.4055944055944,650.0629370629371,134.1888111888112,410.0,966.7482517482517
271,97.72727272727273,140.1048951048951,465.7692307692308,278.54545454545456,1116.006993006993,219.0,654.5384615384615,132.87412587412587,422.86013986013984,944.0629370629371
272,99.02097902097903,128.5734265734266,474.34965034965035,299.16783216783216,1123.8881118881118,218.020979020979,664.3076923076923,132.55944055944056,443.4825174825175,923.8951048951049
273,100.08333333333333,107.08333333333333,480.4583333333333,309.1388888888889,1133.8055555555557,213.375,659.8888888888889,136.48611111111111,447.3263888888889,898.5208333333334
274,99.3125,105.3125,500.2083333333333,301.7291666666667,1174.1041666666667,216.61111111111111,670.1041666666666,137.25694444444446,438.19444444444446,885.3402777777778
275,102.72916666666667,105.70833333333333,514.8888888888889,310.75,1203.2777777777778,216.5,667.1041666666666,137.91666666666666,421.15972222222223,836.4513888888889
276,101.75862068965517,110.55862068965517,534.2620689655172,304.6275862068965,1149.4275862068966,218.55862068965519,656.0275862068966,132.7793103448276,412.82068965517243,787.255172413793
277,104.8125,112.63888888888889,546.8611111111111,312.8888888888889,1094.1527777777778,221.85416666666666,659.8194444444445,135.34027777777777,414.7638888888889,760.8194444444445
278,102.73972602739725,108.23972602739725,542.6575342465753,317.3150684931507,1059.7054794520548,219.74657534246575,665.6438356164383,134.67808219178082,407.21232876712327,740.5205479452055
279,106.1027397260274,103.54109589041096,553.4589041095891,291.94520547945206,1082.8698630136987,218.82191780821918,686.5958904109589,136.0,403.36986301369865,718.513698630137
280,107.97260273972603,105.41095890410959,590.1643835616438,300.527397260274,1126.5342465753424,221.41780821917808,688.5479452054794,141.62328767123287,402.24657534246575,698.9109589041096
281,114.89795918367346,109.14285714285714,620.4625850340136,328.63945578231295,1123.8299319727892,218.49659863945578,667.6530612244898,142.52380952380952,390.91156462585036,680.1904761904761
282,129.6326530612245,109.53061224489795,636.1360544217687,357.4353741496599,1118.5986394557824,215.23809523809524,676.0408163265306,143.33333333333334,391.95238095238096,668.3469387755102
283,134.986301369863,106.3972602739726,650.0753424657535,369.06849315068496,1074.027397260274,225.94520547945206,690.8424657534247,140.2945205479452,411.52054794520546,665.1712328767123
284,136.2027027027027,101.39864864864865,667.8648648648649,359.63513513513516,1018.8243243243244,221.2972972972973,697.4864864864865,141.01351351351352,417.9594594594595,652.6486486486486
285,142.1768707482993,105.00680272108843,688.843537414966,349.06802721088434,1004.2993197278912,219.843537414966,703.0680272108843,139.57823129251702,401.4625850340136,646.6054421768707
286,155.37414965986395,103.48979591836735,708.6122448979592,334.27891156462584,988.0612244897959,226.03401360544217,704.4897959183673,138.68027210884352,387.6054421768707,646.8367346938776
287,171.30612244897958,105.27891156462584,730.5442176870748,321.98639455782313,985.5510204081633,224.58503401360545,718.5986394557823,143.2925170068027,374.7959183673469,642.7278911564625
288,186.79054054054055,104.44594594594595,757.8648648648649,327.72297297297297,991.0472972972973,218.52702702702703,730.0675675675676,144.48648648648648,376.2364864864865,643.1554054054054
289,206.49324324324326,108.74324324324324,781.4391891891892,325.60135135135135,994.027027027027,229.47297297297297,688.6486486486486,140.48648648648648,366.0,630.027027027027
290,236.24324324324326,109.91891891891892,780.3243243243244,300.5472972972973,983.4594594594595,236.9391891891892,702.3108108108108,140.56756756756758,368.93918918918916,626.2094594594595
291,268.6216216216216,104.56756756756756,779.7364864864865,287.81756756756755,977.6621621621622,229.96621621621622,712.6824324324324,142.1689189189189,369.1554054054054,639.2027027027027
292,251.6689189189189,108.10135135135135,783.3648648648649,288.14864864864865,966.8513513513514,228.9527027027027,727.9256756756756,148.50675675675674,366.13513513513516,610.2094594594595
293,252.64864864864865,111.69594594594595,808.2297297297297,312.11486486486484,961.5878378378378,236.9391891891892,729.4527027027027,149.69594594594594,369.4189189189189,612.2297297297297
294,278.6283783783784,110.73648648648648,837.5405405405405,325.0945945945946,961.6081081081081,246.5810810810811,743.3648648648649,147.75675675675674,351.25,630.8108108108108
295,318.30405405405406,108.44594594594595,855.2297297297297,305.11486486486484,948.4391891891892,259.0337837837838,746.222972972973,150.55405405405406,345.5743243243243,623.4662162162163
296,327.4026845637584,110.52348993288591,880.0939597315436,297.5436241610738,949.0134228187919,259.1409395973154,728.1946308724832,148.06711409395973,324.28187919463085,633.5906040268457
297,331.18120805369125,110.84563758389261,905.3691275167786,296.6241610738255,969.6107382550335,257.38926174496646,716.3892617449665,145.14093959731542,312.67785234899327,630.4161073825503
298,331.3959731543624,113.0738255033557,923.4697986577181,286.496644295302,951.3020134228188,263.03355704697987,754.0201342281879,143.5771812080537,305.79194630872485,626.489932885906
299,347.69127516778525,114.48993288590604,927.3959731543624,275.51677852348996,940.6510067114094,281.38926174496646,769.9597315436241,146.8523489932886,301.5436241610738,641.1812080536913
300,372.1140939597315,115.78523489932886,945.4765100671141,261.89261744966444,945.1879194630873,280.76510067114094,767.5637583892617,147.1006711409396,296.51677852348996,638.1543624161073
301,406.42,118.73333333333333,962.7666666666667,255.26666666666668,943.1466666666666,280.86,759.8533333333334,146.47333333333333,284.68,651.0066666666667
302,423.02666666666664,126.7,969.38,263.16,932.0666666666667,294.1,781.1,147.44,276.74,650.6466666666666
303,410.62666666666667,119.81333333333333,988.5,276.84,941.5666666666667,300.35333333333335,816.88,146.98,260.46,660.4466666666667
304,428.14666666666665,122.66666666666667,1011.7666666666667,289.06,962.0466666666666,310.3933333333333,822.0133333333333,147.09333333333333,245.96666666666667,664.8533333333334
305,460.5430463576159,130.7086092715232,1040.7350993377484,290.43046357615896,982.2781456953643,330.3774834437086,815.9801324503311,153.90066225165563,236.65562913907286,668.6225165562914
306,516.0860927152318,126.62913907284768,1068.708609271523,282.1655629139073,970.9602649006622,327.78145695364236,805.158940397351,151.40397350993376,237.7682119205298,676.635761589404
307,513.1052631578947,133.31578947368422,1072.3486842105262,266.79605263157896,967.8815789473684,329.5,786.7105263157895,151.93421052631578,225.89473684210526,672.8618421052631
308,534.1578947368421,133.92105263157896,1066.296052631579,261.80263157894734,969.0197368421053,339.85526315789474,792.7368421052631,151.9671052631579,207.60526315789474,676.9078947368421
309,559.4736842105264,127.17105263157895,1045.0197368421052,294.9868421052632,935.1118421052631,363.6842105263158,801.7236842105264,150.65131578947367,194.36184210526315,687.2697368421053
310,554.5562913907285,136.3774834437086,1057.1456953642385,306.1788079470199,957.4238410596026,389.65562913907286,805.9006622516556,147.5430463576159,188.3774834437086,688.4834437086092
311,581.7615894039735,148.10596026490066,1064.1920529801325,284.6622516556291,938.5695364238411,415.1655629139073,809.8609271523179,147.68211920529802,186.98013245033113,684.6887417218543
312,578.933774834437,148.76158940397352,1057.1390728476822,269.80132450331126,955.523178807947,432.1456953642384,794.2649006622516,146.42384105960264,183.28476821192052,688.5496688741722
313,587.7615894039735,146.04635761589404,1058.3708609271523,266.04635761589407,982.8874172185431,439.94039735099335,783.615894039735,148.74834437086093,172.58940397350995,682.066225165563
314,590.703947368421,137.44078947368422,1076.7565789473683,258.63157894736844,975.9671052631579,455.1513157894737,762.9605263157895,154.51315789473685,162.55921052631578,680.8026315789474
315,543.0657894736842,121.9342105263158,1083.1513157894738,259.0328947368421,959.1973684210526,471.0263157894737,755.2565789473684,152.98026315789474,158.14473684210526,691.125
316,530.1513157894736,124.71052631578948,1090.3881578947369,251.01315789473685,970.0855263157895,489.00657894736844,776.4671052631579,150.54605263157896,160.4934210526316,692.0263157894736
317,535.5328947368421,132.23684210526315,1090.8618421052631,249.01315789473685,970.3947368421053,510.82236842105266,798.9868421052631,146.43421052631578,164.32894736842104,707.296052631579
318,520.5695364238411,137.6225165562914,1115.9271523178809,246.91390728476821,955.7019867549669,531.7814569536424,781.4039735099337,144.19205298013244,165.39072847682118,714.3377483443709
319,511.1523178807947,150.95364238410596,1137.7417218543046,241.33112582781456,946.7483443708609,543.0860927152318,728.7019867549669,147.49668874172184,165.67549668874173,708.4966887417219
320,520.6578947368421,157.75,1148.407894736842,264.25657894736844,966.0921052631579,571.2236842105264,721.2236842105264,143.82894736842104,166.23026315789474,720.4276315789474
321,480.9266666666667,157.32,1166.2866666666666,284.64666666666665,1006.9733333333334,587.2333333333333,727.6133333333333,152.45333333333335,168.57333333333332,738.1933333333334
322,461.9066666666667,152.56666666666666,1184.5666666666666,281.7,986.2333333333333,570.0733333333334,704.2933333333333,158.05333333333334,168.8,731.72
323,458.38255033557044,158.68456375838926,1203.6711409395973,274.28859060402687,994.0335570469799,568.1208053691275,688.8657718120805,146.50335570469798,168.46979865771812,732.6979865771812
324,435.38255033557044,158.4228187919463,1206.9194630872482,251.4228187919463,969.1275167785235,563.5436241610738,653.5234899328859,142.49664429530202,173.18120805369128,720.1610738255033
325,435.4161073825503,156.6510067114094,1207.4161073825503,262.6040268456376,936.7583892617449,576.2214765100671,648.1073825503356,148.751677852349,176.26174496644296,719.6174496644295
326,419.75,155.6418918918919,1175.25,280.6756756756757,900.4459459459459,600.7905405405405,647.8918918918919,144.8918918918919,172.97297297297297,713.7094594594595
327,395.15646258503403,164.60544217687075,1177.3265306122448,298.1292517006803,900.1904761904761,629.4829931972789,680.3265306122449,149.87074829931973,188.21768707482994,692.0340136054422
328,390.486301369863,173.5068493150685,1152.664383561644,322.1232876712329,923.0205479452055,652.7191780821918,680.1780821917808,151.6986301369863,197.58904109589042,718.9246575342465
329,388.5763888888889,157.54861111111111,1143.8472222222222,332.59027777777777,945.3888888888889,654.5972222222222,664.6944444444445,153.04861111111111,209.33333333333334,718.2222222222222
330,382.2638888888889,147.40972222222223,1181.236111111111,345.3611111111111,914.0138888888889,604.4444444444445,636.1527777777778,149.29166666666666,221.04166666666666,711.2222222222222
331,398.49295774647885,142.09154929577466,1213.880281690141,341.0633802816901,910.8521126760563,616.2746478873239,609.1619718309859,147.45070422535213,233.58450704225353,692.9577464788732
332,395.3191489361702,148.7163120567376,1239.5177304964539,348.82978723404256,893.6666666666666,598.4255319148937,583.6028368794326,144.74468085106383,254.3049645390071,683.5460992907801
333,385.11347517730496,145.45390070921985,1208.099290780142,347.2269503546099,879.7588652482269,599.1205673758865,587.4964539007092,149.36879432624113,269.290780141844,686.4042553191489
334,389.7214285714286,151.14285714285714,1232.7571428571428,368.7142857142857,877.15,569.25,574.9785714285714,147.78571428571428,291.72857142857146,680.0357142857143
335,366.1014492753623,147.52173913043478,1213.9347826086957,360.1811594202899,854.6304347826087,571.2391304347826,580.8985507246376,146.85507246376812,296.8623188405797,674.963768115942
336,319.0,135.1086956521739,1191.644927536232,347.19565217391306,834.7536231884058,585.6739130434783,572.5144927536232,150.05797101449275,293.4130434782609,680.3188405797101
337,294.6058394160584,125.43065693430657,1198.3941605839416,374.43065693430657,850.992700729927,595.1386861313869,550.1459854014598,152.37226277372264,309.64963503649636,668.9343065693431
338,283.8905109489051,126.14598540145985,1206.5109489051094,356.33576642335765,859.7737226277372,582.3138686131387,536.4598540145986,154.72262773722628,324.88321167883214,680.6496350364963
339,288.2992700729927,124.21897810218978,1188.3211678832117,334.3868613138686,836.2919708029198,590.7737226277372,539.1897810218978,155.35036496350364,323.2554744525547,645.2773722627737
340,286.7080291970803,119.91240875912409,1196.0,324.992700729927,804.8613138686131,568.3357664233577,530.029197080292,155.4817518248175,348.021897810219,652.3795620437957
341,263.4779411764706,120.7720588235294,1220.4411764705883,298.13235294117646,796.6838235294117,581.5073529411765,539.7426470588235,155.33823529411765,371.58088235294116,624.9044117647059
342,258.24444444444447,116.36296296296297,1196.5555555555557,304.6962962962963,816.5851851851852,555.674074074074,530.3333333333334,157.84444444444443,388.2888888888889,628.3629629629629
343,267.97037037037035,117.88888888888889,1180.7703703703703,268.15555555555557,808.5111111111111,559.9925925925926,528.8962962962963,162.6962962962963,401.85925925925926,620.7703703703704
344,259.25925925925924,113.31851851851852,1203.562962962963,251.15555555555557,787.162962962963,567.4148148148148,530.7925925925925,157.1925925925926,413.51851851851853,622.6
345,251.89705882352942,111.92647058823529,1214.9044117647059,247.35294117647058,800.8970588235294,588.4632352941177,547.1617647058823,158.4485294117647,419.83088235294116,628.5882352941177
346,246.60294117647058,112.74264705882354,1206.7058823529412,280.7867647058824,792.2647058823529,587.3308823529412,549.4044117647059,166.0514705882353,432.4852941176471,656.8676470588235
347,254.64233576642334,113.52554744525547,1226.197080291971,320.93430656934305,782.3868613138686,562.1970802919708,533.8248175182482,166.21167883211677,442.05839416058393,671.2846715328467
348,245.5839416058394,111.43065693430657,1205.985401459854,296.4890510948905,780.4452554744526,544.5401459854014,514.6423357664233,165.6934306569343,458.83941605839414,655.9051094890511
349,242.56204379562044,111.62773722627738,1246.3503649635036,279.985401459854,797.985401459854,541.3211678832117,525.5036496350365,167.76642335766422,480.5109489051095,678.029197080292
350,252.18382352941177,110.55882352941177,1235.1029411764705,267.04411764705884,808.0955882352941,538.1397058823529,523.5367647058823,173.05882352941177,493.34558823529414,682.1691176470588
351,250.62222222222223,117.25185185185185,1289.5333333333333,271.7481481481482,812.8074074074074,541.3555555555556,506.3851851851852,179.54814814814816,481.4074074074074,678.4296296296296
352,260.036496350365,118.00729927007299,1307.941605839416,281.05839416058393,802.5182481751825,533.1094890510949,491.5255474452555,182.31386861313868,483.5839416058394,682.7153284671533
353,258.33576642335765,115.67153284671532,1276.6788321167883,262.8029197080292,810.6496350364963,547.8905109489051,496.97080291970804,184.05109489051094,484.4160583941606,693.8248175182482
354,265.0729927007299,111.87591240875912,1265.8102189781023,267.83941605839414,790.2846715328467,547.2919708029198,491.7445255474453,190.13138686131387,511.3138686131387,708.7299270072992
355,269.1021897810219,109.45985401459853,1262.7518248175184,260.3430656934307,768.9051094890511,525.4379562043796,477.2554744525547,191.62773722627736,553.6861313868613,728.8978102189781
356,274.5985401459854,111.51824817518248,1281.8759124087592,221.57664233576642,761.1970802919708,530.7299270072992,478.11678832116786,197.32116788321167,565.4306569343066,739.992700729927
357,280.09420289855075,112.47101449275362,1262.2898550724638,224.52898550724638,741.2246376811594,556.9057971014493,488.65942028985506,195.5,575.768115942029,751.1231884057971
358,276.0652173913044,111.35507246376811,1247.7753623188405,238.69565217391303,753.8840579710145,546.5942028985507,478.6304347826087,189.29710144927537,602.4565217391304,759.2971014492754
359,277.62773722627736,111.51824817518248,1258.802919708029,246.22627737226279,753.5547445255474,523.5474452554745,469.2554744525547,179.56204379562044,615.2992700729927,776.8613138686131
360,283.6788321167883,114.26277372262774,1290.8321167883212,242.86131386861314,735.4963503649635,518.0364963503649,469.014598540146,180.24087591240877,641.985401459854,798.956204379562
361,316.978102189781,111.08759124087591,1317.912408759124,226.37956204379563,712.8759124087592,522.2335766423357,461.9051094890511,193.3941605839416,677.8759124087592,790.3795620437957
362,319.32608695652175,112.94927536231884,1317.9855072463768,236.7391304347826,737.3768115942029,547.0072463768116,463.8333333333333,195.1159420289855,687.5869565217391,792.768115942029
363,305.0144927536232,109.45652173913044,1286.9130434782608,217.2391304347826,735.2173913043479,535.5797101449275,470.07246376811594,197.08695652173913,708.5797101449275,811.572463768116
364,319.72463768115944,116.3623188405797,1269.7898550724638,211.92753623188406,698.9492753623189,516.4420289855072,485.67391304347825,198.81884057971016,747.7463768115942,827.0579710144928
365,326.7173913043478,116.47101449275362,1237.8260869565217,216.93478260869566,680.2463768115942,515.7608695652174,488.5507246376812,197.7753623188406,791.6594202898551,814.231884057971
366,336.7338129496403,108.01438848920863,1267.431654676259,210.31654676258992,675.3741007194244,494.41007194244605,481.8273381294964,211.0791366906475,817.5395683453237,812.0071942446043
367,350.65,107.50714285714285,1290.7285714285715,217.9,672.9428571428572,480.9,476.1142857142857,225.75714285714287,825.5857142857143,823.2714285714286
368,384.55395683453236,115.40287769784173,1311.086330935252,234.3021582733813,648.5179856115108,489.0647482014389,497.80575539568343,228.85611510791367,831.6474820143885,828.2805755395683
369,407.57553956834533,114.89928057553956,1325.3525179856115,249.41726618705036,629.2302158273382,505.35971223021585,471.8129496402878,232.3525179856115,830.0791366906475,852.8057553956835
370,424.1928571428571,112.82857142857142,1257.442857142857,248.87142857142857,622.3214285714286,526.0857142857143,464.8857142857143,228.46428571428572,811.4,884.5
371,428.8992805755396,114.31654676258992,1232.0791366906474,232.0935251798561,640.726618705036,549.3597122302158,474.53956834532374,223.6474820143885,818.0143884892086,904.4532374100719
372,393.1357142857143,115.01428571428572,1236.3714285714286,215.2642857142857,638.0428571428571,508.65,484.05,227.25714285714287,831.85,935.8357142857143
373,401.40714285714284,113.83571428571429,1253.5642857142857,214.87857142857143,636.5857142857143,498.4714285714286,480.7857142857143,234.9857142857143,824.5857142857143,936.3928571428571
374,401.27142857142854,111.63571428571429,1265.1785714285713,218.92142857142858,622.8142857142857,492.67857142857144,479.64285714285717,248.57142857142858,827.6,960.8142857142857
375,388.45,108.97857142857143,1304.4928571428572,211.35714285714286,568.7428571428571,491.3285714285714,482.74285714285713,263.87857142857143,807.5428571428571,958.8214285714286
376,391.0285714285714,116.62142857142857,1316.25,203.45,526.2214285714285,478.55,495.10714285714283,247.0857142857143,804.8785714285714,987.7714285714286
377,385.49285714285713,113.68571428571428,1324.3285714285714,224.57857142857142,516.5642857142857,482.9428571428571,485.12857142857143,246.87857142857143,798.5571428571428,997.0357142857143
378,404.6928571428571,115.65714285714286,1309.1857142857143,245.89285714285714,509.02142857142854,475.0285714285714,465.74285714285713,251.14285714285714,776.3857142857142,1040.357142857143
379,396.8285714285714,109.29285714285714,1293.2428571428572,223.22857142857143,512.3,466.42857142857144,458.35,254.47857142857143,785.2142857142857,1043.85
380,383.02142857142854,111.21428571428571,1282.1357142857144,207.55714285714285,473.8285714285714,437.37142857142857,467.89285714285717,242.60714285714286,799.2214285714285,1066.9642857142858
381,372.72857142857146,117.53571428571429,1274.9785714285715,235.64285714285714,478.22857142857146,438.87142857142857,471.7785714285714,249.30714285714285,810.2571428571429,1068.1571428571428
382,383.25,118.56428571428572,1256.2714285714285,230.20714285714286,469.75714285714287,461.5571428571429,484.32142857142856,254.97142857142856,791.3642857142858,1124.0857142857142
383,401.78723404255317,111.27659574468085,1267.049645390071,228.13475177304966,458.83687943262413,445.709219858156,494.39716312056737,262.6808510638298,785.8297872340426,1149.2978723404256
384,385.84397163120565,114.48226950354609,1285.7446808510638,246.19148936170214,448.3049645390071,428.36170212765956,488.09929078014187,260.73758865248226,784.3262411347517,1169.9432624113474
385,383.8723404255319,115.68085106382979,1297.723404255319,248.38297872340425,447.11347517730496,430.34751773049646,490.177304964539,265.39716312056737,808.4397163120567,1176.7021276595744
386,375.8071428571429,113.06428571428572,1309.3714285714286,254.99285714285713,432.9142857142857,414.65,493.24285714285713,290.3357142857143,797.2785714285715,1227.6714285714286
387,358.0,114.04964539007092,1279.4397163120568,245.2127659574468,432.5531914893617,400.5531914893617,510.8156028368794,313.7304964539007,771.5177304964539,1250.6241134751774
388,319.88652482269504,112.18439716312056,1256.5744680851064,242.98581560283688,404.2836879432624,396.16312056737587,518.7234042553191,322.84397163120565,710.581560283688,1262.2482269503546
389,313.67605633802816,115.16901408450704,1289.2957746478874,249.20422535211267,374.0492957746479,387.63380281690144,504.6267605633803,313.6619718309859,694.0140845070423,1235.943661971831
390,308.9507042253521,114.50704225352112,1304.9507042253522,258.1267605633803,363.8380281690141,369.5281690140845,493.15492957746477,317.7676056338028,693.9788732394367,1210.1408450704225
391,304.8943661971831,114.21830985915493,1282.4084507042253,253.17605633802816,353.92957746478874,349.34507042253523,495.49295774647885,330.0422535211268,637.887323943662,1195.887323943662
392,292.87412587412587,116.07692307692308,1253.8461538461538,242.41958041958043,342.0,343.1818181818182,491.2307692307692,340.3916083916084,609.1468531468531,1153.6993006993007
393,268.97902097902096,115.2867132867133,1228.7412587412587,239.55244755244755,345.3986013986014,336.34265734265733,475.86013986013984,349.1818181818182,592.4055944055945,1161.7062937062938
394,272.84615384615387,117.34265734265735,1221.097902097902,224.95104895104896,343.97902097902096,345.7692307692308,471.34265734265733,355.34265734265733,561.6153846153846,1142.118881118881
395,278.05555555555554,118.48611111111111,1203.513888888889,206.39583333333334,329.63194444444446,353.99305555555554,476.1736111111111,364.0625,531.8472222222222,1111.7083333333333
396,260.97222222222223,120.45833333333333,1190.7777777777778,217.14583333333334,308.7291666666667,350.7638888888889,475.72222222222223,367.7708333333333,545.4305555555555,1077.298611111111
397,251.36805555555554,116.36805555555556,1180.4027777777778,223.20833333333334,296.1875,352.1111111111111,479.8541666666667,370.53472222222223,545.9791666666666,1096.9027777777778
398,242.4344827586207,112.24827586206897,1164.2689655172414,217.24137931034483,298.33103448275864,354.4206896551724,488.5310344827586,364.84137931034485,535.303448275862,1112.448275862069
399,247.45890410958904,111.52054794520548,1135.0821917808219,216.7945205479452,304.6917808219178,354.8082191780822,485.93150684931504,371.32191780821915,512.2123287671233,1103.3013698630136
400,253.58503401360545,106.51700680272108,1120.938775510204,219.05442176870747,301.3673469387755,356.6258503401361,477.1020408163265,384.6938775510204,492.687074829932,1067.700680272109
401,256.0204081632653,106.16326530612245,1118.8231292517007,218.35374149659864,293.2244897959184,364.6734693877551,489.5034013605442,380.10884353741494,494.3061224489796,1045.0884353741496
402,258.4625850340136,112.76190476190476,1109.2721088435374,211.29931972789115,287.3673469387755,382.3333333333333,500.44897959183675,382.9047619047619,486.65986394557825,1029.095238095238
403,276.82312925170066,111.00680272108843,1093.0136054421769,207.57142857142858,282.2517006802721,406.3061224489796,500.5238095238095,396.7551020408163,471.4557823129252,1017.5510204081633
404,288.2567567567568,114.17567567567568,1070.4256756756756,213.44594594594594,286.1283783783784,408.56756756756755,490.4189189189189,403.64864864864865,461.81081081081084,975.2297297297297
405,298.5945945945946,110.63513513513513,1068.8513513513512,222.9189189189189,295.43243243243245,416.85135135135135,484.5,411.0,438.0810810810811,904.2432432432432
406,308.81756756756755,114.75,1061.1891891891892,224.52702702702703,278.55405405405406,415.31081081081084,490.7094594594595,415.86486486486484,421.2027027027027,842.4797297297297
407,324.86486486486484,116.58783783783784,1033.5135135135135,222.73648648648648,267.18918918918916,410.93243243243245,486.0743243243243,409.1283783783784,399.63513513513516,808.668918918919
408,353.20805369127515,112.51006711409396,1007.1140939597316,217.1006711409396,265.8993288590604,418.4429530201342,514.3221476510067,418.6577181208054,398.6040268456376,799.5302013422819
409,367.63758389261744,114.30201342281879,977.4161073825503,220.4496644295302,258.23489932885906,425.4026845637584,547.7181208053692,433.2147651006711,403.6979865771812,791.5503355704698
410,376.83892617449663,111.9261744966443,949.9328859060403,228.60402684563758,251.84563758389262,427.6845637583893,552.6375838926175,434.09395973154363,400.5302013422819,790.3087248322148
411,384.25165562913907,112.37748344370861,965.2119205298013,237.43708609271522,232.41059602649005,416.6754966887417,545.9735099337748,449.42384105960264,401.3576158940397,763.5960264900663
412,437.56953642384104,112.17218543046357,995.5496688741722,239.73509933774835,228.158940397351,433.47682119205297,529.317880794702,471.64900662251654,390.5496688741722,747.7682119205298
413,444.25165562913907,108.9205298013245,998.8211920529801,224.89403973509934,232.33774834437085,422.682119205298,516.3774834437086,471.72847682119203,383.5960264900662,736.6291390728477
414,475.27152317880797,110.70860927152317,987.8741721854304,213.2251655629139,229.71523178807948,455.74834437086093,517.2649006622516,454.2582781456954,392.1456953642384,735.7549668874173
415,497.5657894736842,115.08552631578948,971.3223684210526,227.51973684210526,230.17763157894737,459.2368421052632,531.2763157894736,443.375,385.07236842105266,698.8421052631579
416,520.125,111.88157894736842,941.3355263157895,251.28947368421052,237.64473684210526,480.7894736842105,545.5986842105264,448.1381578947368,383.875,700.0263157894736
417,535.9736842105264,108.94736842105263,912.4868421052631,249.08552631578948,239.1184210526316,482.69736842105266,531.3486842105264,449.2105263157895,404.74342105263156,686.8026315789474
418,509.43506493506493,111.14935064935065,921.6298701298701,229.42857142857142,220.21428571428572,475.6623376623377,535.7467532467532,459.87012987012986,397.03246753246754,681.974025974026
419,524.3571428571429,112.57142857142857,920.1688311688312,216.13636363636363,215.72727272727272,471.81168831168833,523.2662337662338,451.038961038961,405.6038961038961,678.7532467532468
420,544.4285714285714,108.98051948051948,922.8181818181819,216.25324675324674,215.19480519480518,485.6363636363636,545.3116883116883,448.7077922077922,408.53246753246754,693.2597402597403
421,548.5194805194806,110.57142857142857,933.9155844155844,222.23376623376623,218.1103896103896,507.8766233766234,568.8051948051948,450.3246753246753,418.0,687.3766233766233
422,587.0967741935484,112.12258064516129,912.8,229.52903225806452,222.6,521.258064516129,557.5096774193548,468.05806451612904,431.9741935483871,665.1161290322581
423,567.3741935483871,106.3741935483871,895.1032258064516,221.94193548387096,233.55483870967743,527.0387096774193,540.5225806451613,473.258064516129,439.31612903225806,674.1677419354838
424,548.5935483870968,109.73548387096774,887.3677419354839,220.60645161290321,225.84516129032258,560.341935483871,537.258064516129,460.89677419354837,437.2516129032258,660.0129032258064
425,528.6369426751593,109.79617834394904,868.8216560509554,227.7324840764331,205.94904458598725,562.1783439490446,529.5350318471337,480.78343949044586,459.03184713375794,648.5987261146497
426,498.7643312101911,112.84713375796179,891.4076433121019,224.87261146496814,209.38853503184714,547.8089171974523,527.2101910828026,484.9299363057325,459.2420382165605,650.4904458598726
427,524.9177215189874,111.9620253164557,885.3544303797469,209.5632911392405,204.81012658227849,571.8037974683544,542.006329113924,473.53164556962025,482.88607594936707,645.2594936708861
428,545.6518987341772,115.13291139240506,850.6835443037975,209.19620253164558,199.34177215189874,607.3924050632911,552.3101265822785,458.09493670886076,483.2088607594937,647.8101265822785
429,565.132911392405,110.9113924050633,813.4556962025316,219.5506329113924,199.50632911392404,649.0379746835443,558.0632911392405,457.8164556962025,489.0253164556962,647.5506329113924
430,579.993670886076,109.4493670886076,792.5443037974684,228.37974683544303,206.76582278481013,661.379746835443,547.9810126582279,470.88607594936707,516.1012658227849,650.2405063291139
431,567.5974842767296,108.35220125786164,773.37106918239,246.03773584905662,204.85534591194968,670.1761006289308,548.1132075471698,467.0314465408805,524.9811320754717,636.0754716981132
432,587.7547169811321,107.0880503144654,755.7672955974842,271.9056603773585,211.9433962264151,672.1069182389937,550.6981132075472,466.55345911949684,526.2893081761006,644.2012578616352
433,589.0880503144654,109.11320754716981,761.0754716981132,268.76100628930817,214.13836477987422,689.7547169811321,541.7169811320755,465.937106918239,540.3962264150944,647.503144654088
434,558.9245283018868,109.27672955974843,766.8238993710692,256.937106918239,214.61635220125785,704.7421383647799,537.4842767295597,491.0314465408805,562.3018867924528,659.2075471698113
435,534.5875,113.89375,771.55625,245.63125,219.4625,703.95,529.64375,488.58125,582.5125,664.41875
436,554.7125,114.675,749.60625,247.7625,225.825,708.34375,518.4125,492.25625,617.00625,675.88125
437,565.062893081761,110.50314465408805,734.8616352201258,247.85534591194968,217.42138364779873,689.3207547169811,517.4276729559748,507.9811320754717,657.4528301886793,674.4654088050314
438,562.7375,110.6125,734.49375,221.9,209.11875,664.68125,509.875,514.60625,693.21875,703.61875
439,549.2830188679245,115.11320754716981,722.8364779874214,221.03773584905662,203.0754716981132,657.3333333333334,500.9182389937107,532.622641509434,735.7295597484276,725.4213836477987
440,534.8238993710692,114.48427672955975,699.9937106918239,215.59119496855345,194.46540880503144,637.3018867924528,494.8553459119497,488.50314465408803,757.9182389937107,729.62893081761
441,514.50625,113.58125,700.36875,216.55,193.9,641.5375,483.5125,488.9125,775.01875,739.09375
442,517.4968944099379,115.0807453416149,683.0993788819876,214.06211180124222,191.04347826086956,685.1925465838509,492.3850931677019,499.3664596273292,791.0,729.527950310559
443,520.4099378881988,113.36645962732919,674.5900621118012,215.88819875776397,188.54037267080744,725.0310559006211,505.3726708074534,510.0124223602484,830.335403726708,715.8509316770186
444,508.05555555555554,110.83333333333333,668.1604938271605,210.02469135802468,187.9320987654321,719.1234567901234,506.0740740740741,514.320987654321,849.1481481481482,711.7530864197531
445,484.179012345679,111.14814814814815,682.3086419753087,231.85802469135803,189.1851851851852,692.0925925925926,490.77777777777777,509.05555555555554,839.2716049382716,721.1481481481482
446,489.7037037037037,113.8395061728395,675.3827160493827,256.1358024691358,187.97530864197532,674.2037037037037,479.75308641975306,505.68518518518516,830.2962962962963,749.5987654320987
447,467.6871165644172,115.15950920245399,691.3926380368098,264.1717791411043,186.76687116564418,652.5582822085889,484.1226993865031,504.28834355828224,814.3865030674847,798.3312883435583
448,428.4601226993865,110.86503067484662,682.4539877300614,269.0552147239264,183.9754601226994,669.1226993865031,487.20245398773005,514.9263803680982,810.0613496932515,821.0858895705521
449,420.3680981595092,108.24539877300613,667.0429447852761,280.5644171779141,183.6319018404908,679.3435582822086,513.319018404908,525.9570552147239,826.7546012269938,824.0613496932515
450,414.6951219512195,109.21951219512195,635.1951219512196,258.7987804878049,182.84756097560975,665.9817073170732,522.2439024390244,533.0426829268292,835.6036585365854,845.1524390243902
451,405.0731707317073,112.01829268292683,613.6829268292682,242.9878048780488,185.0121951219512,683.2012195121952,509.5853658536585,544.6463414634146,840.140243902439,843.8658536585366
452,390.6768292682927,111.85975609756098,606.6829268292682,244.359756097561,184.6890243902439,672.5,518.0670731707318,554.280487804878,823.8048780487804,862.3170731707318
453,379.1707317073171,108.75,597.5670731707318,254.96341463414635,188.0670731707317,631.9451219512196,522.9817073170732,557.0426829268292,821.9451219512196,879.3719512195122
454,367.0969696969697,111.03030303030303,579.5393939393939,248.93333333333334,191.46666666666667,640.8363636363637,525.1515151515151,557.2242424242424,814.5333333333333,896.1030303030303
455,376.3575757575758,109.4121212121212,582.6787878787878,258.04848484848486,188.1090909090909,643.7030303030303,519.7575757575758,577.3272727272728,842.5393939393939,935.430303030303
456,366.6181818181818,104.6,571.030303030303,261.8727272727273,183.96969696969697,656.430303030303,507.3151515151515,599.8787878787879,843.9878787878788,947.9515151515152
457,360.8242424242424,109.4969696969697,556.0848484848485,271.1212121212121,185.8242424242424,633.3575757575758,519.6363636363636,609.8181818181819,849.2666666666667,1002.660606060606
458,352.622754491018,104.95209580838323,558.7125748502993,264.2934131736527,186.78443113772454,632.2275449101796,521.1556886227545,615.5988023952095,864.4251497005988,1037.0479041916167
459,329.2874251497006,107.67065868263474,552.8622754491018,256.8862275449102,181.52694610778443,623.8562874251497,513.0898203592815,636.2095808383234,836.6766467065868,1063.5688622754492
460,322.94610778443115,107.58682634730539,532.2634730538922,248.94610778443115,175.5568862275449,582.748502994012,549.6646706586827,639.7185628742515,828.9580838323353,1082.814371257485
461,318.8787878787879,109.21212121212122,543.3090909090909,212.8121212121212,178.36363636363637,547.4363636363636,565.5212121212121,649.1939393939394,815.939393939394,1116.1454545454546
462,330.8121212121212,110.97575757575757,544.4848484848485,204.76363636363635,185.77575757575758,546.6909090909091,568.8,659.290909090909,790.2181818181818,1155.6727272727273
463,334.25454545454545,112.63030303030303,549.2,232.9090909090909,189.62424242424242,550.6242424242424,567.4060606060606,684.9757575757576,762.2424242424242,1194.169696969697
464,350.21084337349396,111.28915662650603,541.9759036144578,227.0,193.13253012048193,533.7710843373494,580.1024096385543,687.6024096385543,718.8915662650602,1182.5903614457832
465,330.4727272727273,110.81818181818181,549.1939393939394,222.11515151515152,188.94545454545454,522.5575757575757,609.4060606060606,666.4545454545455,653.8242424242425,1253.1030303030302
466,362.2848484848485,108.2909090909091,562.569696969697,224.66060606060606,183.8121212121212,501.9030303030303,629.6121212121212,679.4606060606061,654.430303030303,1267.7636363636364
467,378.6666666666667,110.25454545454545,560.9090909090909,234.1818181818182,188.66666666666666,506.169696969697,634.0363636363636,694.2121212121212,621.4424242424243,1247.3636363636363
468,371.54545454545456,114.66060606060606,576.5939393939394,237.55757575757576,188.63030303030303,497.3212121212121,647.3757575757576,717.8363636363637,608.6484848484848,1255.1575757575758
469,372.8292682926829,109.07926829268293,571.140243902439,242.6280487804878,194.90243902439025,497.1951219512195,651.7743902439024,714.670731707317,605.7317073170732,1221.3292682926829
470,378.6463414634146,110.1890243902439,529.8231707317074,261.0121951219512,185.609756097561,514.420731707317,659.7378048780488,702.0426829268292,589.530487804878,1258.341463414634
471,349.5398773006135,110.09815950920246,528.9386503067485,257.5460122699387,186.49079754601226,514.9938650306749,665.9386503067485,720.7484662576687,568.6748466257669,1259.1901840490798
472,357.32515337423314,114.33742331288343,522.9877300613497,249.85276073619633,189.30061349693253,506.83435582822085,684.2208588957055,718.1963190184049,527.9693251533743,1255.6625766871166
473,362.2378048780488,113.34756097560975,527.7987804878048,225.140243902439,193.859756097561,470.3353658536585,682.0548780487804,718.1768292682926,479.25,1241.9268292682927
474,362.2682926829268,118.63414634146342,508.4085365853659,230.26829268292684,189.32926829268294,442.5731707317073,663.8414634146342,768.920731707317,459.3048780487805,1254.2987804878048
475,367.9390243902439,118.60365853658537,505.9756097560976,222.8841463414634,183.3719512195122,428.8170731707317,672.2987804878048,773.4817073170732,459.5731707317073,1262.5792682926829
476,362.3658536585366,116.57926829268293,494.5,215.82926829268294,182.4451219512195,440.1219512195122,691.4817073170732,765.719512195122,446.5426829268293,1267.5548780487804
477,358.3109756097561,118.40853658536585,472.469512195122,219.4268292682927,184.42073170731706,446.7317073170732,716.079268292683,753.2317073170732,450.0182926829268,1280.658536585366
478,361.76687116564415,114.63803680981596,472.69325153374234,216.1840490797546,177.79754601226995,423.83435582822085,696.760736196319,733.7300613496933,449.9325153374233,1308.2269938650306
479,391.2085889570552,117.65644171779141,463.55828220858893,215.90797546012269,182.2638036809816,403.71165644171776,682.8343558282209,725.5398773006135,415.49693251533745,1282.6687116564417
480,432.8036809815951,112.50306748466258,456.52147239263803,216.7361963190184,178.69325153374234,391.99386503067484,694.8343558282209,756.0613496932515,394.39263803680984,1244.355828220859
481,461.28834355828224,113.46625766871166,460.12883435582825,206.53374233128835,172.46625766871165,370.70552147239266,701.6625766871166,721.7852760736197,398.23926380368096,1227.1288343558283
482,498.1963190184049,110.70552147239263,460.96932515337426,196.57668711656441,177.12883435582822,350.3128834355828,693.8650306748466,712.6687116564417,393.0184049079755,1268.840490797546
483,487.5398773006135,114.21472392638037,458.00613496932516,185.58282208588957,175.66871165644173,348.8588957055215,685.4478527607362,727.0981595092024,388.6134969325153,1292.5766871165645
484,476.179012345679,113.41975308641975,450.21604938271605,187.65432098765433,175.14814814814815,350.51851851851853,712.9197530864197,739.4876543209876,365.462962962963,1303.4506172839506
485,502.141975308642,115.20987654320987,434.27777777777777,193.24074074074073,173.08641975308643,353.858024691358,730.9135802469136,751.2407407407408,350.91358024691357,1289.9567901234568
486,500.7716049382716,113.9753086419753,426.38271604938274,197.96296296296296,177.6604938271605,354.51851851851853,731.8518518518518,739.9074074074074,361.38271604938274,1264.3456790123457
487,511.3703703703704,108.65432098765432,417.98765432098764,194.4814814814815,175.4320987654321,345.94444444444446,734.1666666666666,754.8024691358024,364.2962962962963,1248.70987654321
488,528.6149068322982,105.85714285714286,413.24844720496895,205.43478260869566,173.7888198757764,343.888198757764,756.5093167701864,748.4347826086956,356.8944099378882,1274.608695652174
489,561.944099378882,104.95652173913044,409.82608695652175,221.92546583850933,174.93167701863354,328.3167701863354,757.7639751552795,739.1739130434783,354.944099378882,1288.111801242236
490,573.7888198757764,113.68944099378882,405.16149068322983,205.7888198757764,178.45962732919256,328.0807453416149,750.8944099378882,762.2360248447205,350.944099378882,1280.5217391304348
491,589.41875,112.55,417.0875,201.70625,177.66875,332.30625,812.38125,778.8,344.5,1270.3
492,601.39375,112.5875,417.86875,212.58125,184.325,326.7125,816.14375,780.65,332.7,1233.83125
493,604.2125,109.5125,424.275,222.0125,179.8875,315.275,772.725,765.64375,333.4625,1179.79375
494,606.13125,110.7,423.6,218.6625,176.58125,308.01875,767.35,762.61875,331.35625,1150.98125
495,631.24375,112.26875,423.1125,210.525,175.6875,311.15625,756.48125,716.98125,329.475,1130.6875
496,661.0880503144654,112.84276729559748,423.57861635220127,239.37735849056602,174.22641509433961,291.87421383647796,757.2955974842768,703.4905660377359,320.38993710691824,1135.1572327044025
497,671.373417721519,111.26582278481013,419.2151898734177,247.08227848101265,179.84177215189874,298.46835443037975,774.0126582278481,717.0253164556962,311.0506329113924,1128.6835443037974
498,662.4294871794872,113.96794871794872,413.94871794871796,245.55128205128204,178.64743589743588,307.61538461538464,764.7179487179487,725.2820512820513,291.44871794871796,1107.0128205128206
499,657.0192307692307,115.31410256410257,398.90384615384613,231.2051282051282,173.89743589743588,288.3333333333333,731.7307692307693,725.8205128205128,278.70512820512823,1102.7692307692307
500,613.4230769230769,110.27564102564102,395.3333333333333,221.78205128205127,168.50641025641025,285.6474358974359,751.1217948717949,713.6538461538462,267.3333333333333,1068.0128205128206
501,606.4551282051282,109.48717948717949,392.71153846153845,214.05769230769232,167.62820512820514,292.37820512820514,797.7564102564103,694.5833333333334,272.02564102564105,1051.5
502,608.2645161290322,112.60645161290323,388.0387096774194,223.30967741935484,168.30967741935484,283.14193548387095,782.6645161290322,671.1290322580645,276.2967741935484,1052.4129032258065
503,596.5483870967741,108.60645161290323,384.7548387096774,229.52903225806452,169.95483870967743,289.18709677419355,781.8967741935484,650.5935483870968,283.98709677419356,1052.116129032258
504,636.0,110.39473684210526,384.32894736842104,224.41447368421052,167.1578947368421,288.51973684210526,817.3486842105264,683.6184210526316,302.19736842105266,1100.9144736842106
505,611.4013157894736,108.77631578947368,370.2171052631579,212.41447368421052,164.59868421052633,284.89473684210526,860.3421052631579,710.3421052631579,305.49342105263156,1077.7302631578948
506,562.8211920529801,108.23841059602648,348.6026490066225,202.0662251655629,169.03973509933775,278.0860927152318,845.5430463576159,710.6688741721854,308.33112582781456,1090.8079470198675
507,545.3311258278146,107.65562913907284,350.21854304635764,199.96026490066225,172.09933774834437,291.9006622516556,853.4039735099337,708.9668874172186,289.6622516556291,1068.158940397351
508,554.476821192053,106.12582781456953,349.71523178807945,208.72185430463577,167.09933774834437,299.34437086092714,888.7549668874173,706.4900662251656,284.36423841059604,1010.7086092715232
509,560.6933333333334,104.28,348.46,212.79333333333332,164.08666666666667,289.56,873.1733333333333,709.3866666666667,295.2266666666667,984.7266666666667
510,559.0469798657718,106.93288590604027,354.9731543624161,207.8724832214765,164.1275167785235,276.4161073825503,828.5906040268457,691.3825503355705,317.4228187919463,1015.9194630872483
511,554.6598639455782,114.1156462585034,357.98639455782313,198.37414965986395,166.6326530612245,278.76190476190476,838.3265306122449,686.0068027210884,303.9047619047619,1019.5374149659864
512,542.4965986394558,114.421768707483,353.3061224489796,203.02721088435374,168.89115646258503,281.95238095238096,855.1020408163265,684.0204081632653,292.9591836734694,1022.374149659864
513,551.5479452054794,115.04109589041096,351.4931506849315,214.9931506849315,168.87671232876713,289.95205479452056,868.7808219178082,686.0205479452055,309.0,1055.0821917808219
514,561.4,112.55862068965517,348.8137931034483,212.28275862068966,170.0,289.0137931034483,887.7586206896551,707.6758620689656,295.6551724137931,1039.8137931034482
515,559.1666666666666,106.93055555555556,348.80555555555554,207.70833333333334,170.375,284.3263888888889,906.2986111111111,735.1041666666666,298.7291666666667,1091.9583333333333
516,523.8819444444445,107.66666666666667,341.375,224.36111111111111,166.13888888888889,268.7291666666667,895.4027777777778,712.9027777777778,291.9375,1078.5625
517,517.669014084507,108.08450704225352,343.8098591549296,234.9718309859155,166.56338028169014,265.99295774647885,880.5070422535211,693.9507042253521,285.6830985915493,1026.718309859155
518,508.6099290780142,113.63120567375887,354.07801418439715,229.0,172.60283687943263,270.0496453900709,858.6950354609929,710.9716312056737,263.2695035460993,1001.7021276595744
519,506.0642857142857,113.67857142857143,352.39285714285717,214.85714285714286,165.50714285714287,273.76428571428573,855.3714285714286,718.0571428571428,266.26428571428573,966.4928571428571
520,519.0785714285714,117.02857142857142,344.85,205.42857142857142,167.40714285714284,266.99285714285713,832.15,722.5642857142857,246.5,959.9428571428572
521,546.92700729927,110.78832116788321,336.8175182481752,211.07299270072994,171.3941605839416,259.64963503649636,822.0583941605839,685.5766423357665,240.5109489051095,1010.1532846715329
522,546.4632352941177,114.25735294117646,330.04411764705884,215.55882352941177,169.11029411764707,258.1617647058824,820.6838235294117,686.5441176470588,243.8014705882353,1004.4852941176471
523,567.8740740740741,113.31111111111112,333.35555555555555,213.54074074074074,171.8148148148148,259.34814814814814,854.0444444444445,678.4592592592593,248.6074074074074,998.0888888888888
524,560.6044776119403,111.91044776119404,337.589552238806,221.6492537313433,168.82089552238807,257.14179104477614,872.5597014925373,665.7537313432836,253.30597014925374,1015.3805970149253
525,521.8345864661654,107.16541353383458,334.50375939849624,235.5563909774436,161.82706766917292,251.7669172932331,840.3308270676691,640.5864661654135,250.11278195488723,955.2556390977444
526,503.0833333333333,111.3030303030303,329.4469696969697,235.5,168.58333333333334,247.78030303030303,830.560606060606,669.6666666666666,243.74242424242425,960.3560606060606
527,479.57251908396944,116.51908396946565,323.2442748091603,238.17557251908397,167.0,246.7709923664122,845.7022900763359,657.6412213740458,241.3740458015267,989.6641221374045
528,475.9923076923077,115.99230769230769,325.4,243.72307692307692,171.2923076923077,254.83846153846153,866.123076923077,636.3153846153846,244.23846153846154,1012.9076923076923
529,467.53125,110.3515625,330.171875,235.8515625,175.0234375,254.140625,879.8203125,654.0546875,247.640625,1013.4375
530,467.4409448818898,112.02362204724409,324.98425196850394,238.10236220472441,168.11023622047244,255.45669291338584,852.5984251968504,675.3700787401575,254.60629921259843,993.7952755905512
531,455.21259842519686,110.74803149606299,322.07086614173227,241.75590551181102,170.83464566929135,251.31496062992127,870.6771653543307,675.0314960629921,254.06299212598427,1003.5354330708661
532,446.468253968254,111.65079365079364,321.5238095238095,238.84920634920636,169.26984126984127,251.22222222222223,890.531746031746,681.7857142857143,249.32539682539684,997.2698412698413
533,430.5609756097561,108.6178861788618,317.6260162601626,227.72357723577235,170.4308943089431,249.47154471544715,860.9918699186992,665.0650406504066,252.6747967479675,1001.1382113821138
534,425.0243902439024,116.1951219512195,319.6747967479675,214.78861788617886,171.390243902439,250.65040650406505,835.3658536585366,624.3414634146342,263.1626016260163,992.8617886178862
535,426.8512396694215,118.15702479338843,323.4710743801653,208.72727272727272,171.67768595041323,248.01652892561984,818.8595041322315,644.4132231404959,268.72727272727275,1000.1570247933885
536,431.025,110.55833333333334,323.0833333333333,211.20833333333334,172.53333333333333,255.85,852.0916666666667,634.3833333333333,255.89166666666668,1025.175
537,462.4017094017094,113.24786324786325,331.62393162393164,218.1965811965812,173.77777777777777,269.0854700854701,852.6752136752136,642.2905982905983,244.0940170940171,1049.8290598290598
538,476.66379310344826,116.83620689655173,335.61206896551727,228.99137931034483,167.00862068965517,272.76724137931035,822.4568965517242,666.9655172413793,228.14655172413794,1024.6724137931035
539,459.0086956521739,119.66956521739131,332.8086956521739,239.6782608695652,178.3913043478261,263.44347826086954,826.5217391304348,688.9304347826087,219.02608695652174,970.9826086956522
540,467.5221238938053,112.75221238938053,330.4867256637168,242.5929203539823,168.46017699115043,257.85840707964604,822.637168141593,657.1858407079646,212.69911504424778,943.0088495575221
541,460.5765765765766,116.12612612612612,323.7567567567568,226.51351351351352,168.40540540540542,263.56756756756755,830.4414414414415,634.027027027027,207.76576576576576,966.9009009009009
542,434.8181818181818,116.03636363636363,322.96363636363634,220.01818181818183,164.6090909090909,263.2909090909091,841.4818181818182,639.1545454545454,200.65454545454546,988.7818181818182
543,414.5833333333333,110.38888888888889,325.75,231.86111111111111,164.58333333333334,249.36111111111111,798.2222222222222,657.5277777777778,203.11111111111111,967.3425925925926
544,404.97196261682245,123.72897196261682,331.67289719626166,238.81308411214954,166.2336448598131,253.10280373831776,787.0654205607476,661.4485981308411,201.77570093457945,913.803738317757
545,414.0943396226415,121.12264150943396,322.22641509433964,243.73584905660377,173.43396226415095,250.28301886792454,812.7264150943396,637.2547169811321,207.88679245283018,934.7924528301887
546,418.33009708737865,118.66019417475728,311.4466019417476,226.53398058252426,166.37864077669903,247.62135922330097,821.6116504854369,622.3786407766991,211.0,973.2330097087379
547,421.421568627451,116.2156862745098,314.6862745098039,219.18627450980392,163.87254901960785,256.7549019607843,824.0784313725491,608.1960784313726,213.98039215686273,956.9607843137255
548,399.8019801980198,121.21782178217822,320.4752475247525,198.1881188118812,165.3960396039604,260.9504950495049,823.0297029702971,604.4158415841584,205.36633663366337,969.1782178217821
549,420.5408163265306,133.1734693877551,325.3265306122449,184.29591836734693,170.0408163265306,265.1020408163265,814.5612244897959,619.9489795918367,195.0,978.6428571428571
550,418.96907216494844,127.6082474226804,324.91752577319585,188.18556701030928,167.53608247422682,268.1340206185567,752.2061855670103,609.9278350515464,187.75257731958763,957.1134020618557
551,431.66315789473686,133.1263157894737,327.6421052631579,196.98947368421054,165.09473684210528,260.7263157894737,746.7473684210527,603.6315789473684,198.37894736842105,914.9684210526316
552,390.3440860215054,130.70967741935485,328.9462365591398,197.68817204301075,164.95698924731184,258.40860215053766,772.741935483871,560.9784946236559,194.1505376344086,895.0215053763441
553,407.8666666666667,126.82222222222222,326.73333333333335,198.87777777777777,165.88888888888889,257.46666666666664,758.4333333333333,533.2555555555556,195.84444444444443,897.9666666666667
554,402.67045454545456,123.5340909090909,327.45454545454544,205.39772727272728,166.04545454545453,249.375,737.1931818181819,531.6704545454545,183.0681818181818,895.3636363636364
555,390.4651162790698,124.94186046511628,330.59302325581393,208.96511627906978,167.90697674418604,254.7674418604651,708.8953488372093,537.6860465116279,186.59302325581396,841.1976744186046
556,375.85714285714283,128.03571428571428,326.3452380952381,216.29761904761904,162.76190476190476,250.67857142857142,680.3214285714286,521.5,173.45238095238096,843.6904761904761
557,366.4691358024691,128.71604938271605,311.61728395061726,230.88888888888889,165.96296296296296,244.11111111111111,646.2962962962963,489.7283950617284,173.25925925925927,771.8765432098766
558,363.5625,125.925,302.9,245.65,167.2875,240.975,637.3375,468.2625,170.3,766.325
559,325.68831168831167,123.32467532467533,314.94805194805195,230.84415584415584,155.7922077922078,241.54545454545453,603.7272727272727,446.4155844155844,166.4805194805195,811.077922077922
560,317.8783783783784,122.21621621621621,301.1756756756757,239.5810810810811,147.13513513513513,237.0810810810811,577.4594594594595,389.35135135135135,166.63513513513513,748.2702702702703
561,321.19718309859155,130.67605633802816,292.9577464788732,240.88732394366198,145.74647887323943,241.73239436619718,572.7183098591549,386.2535211267606,154.32394366197184,705.7042253521126
562,320.44776119402985,126.65671641791045,284.0,230.98507462686567,147.92537313432837,244.32835820895522,584.7462686567164,379.67164179104475,149.65671641791045,651.820895522388
563,296.73015873015873,127.65079365079364,296.8412698412698,201.0952380952381,145.6031746031746,234.4920634920635,553.6507936507936,351.23809523809524,148.17460317460316,656.6666666666666
564,301.05172413793105,124.06896551724138,269.87931034482756,201.24137931034483,138.13793103448276,230.8793103448276,519.2931034482758,328.6551724137931,150.8448275862069,625.551724137931
565,279.5192307692308,133.30769230769232,283.8269230769231,206.76923076923077,133.44230769230768,232.42307692307693,502.8076923076923,324.46153846153845,145.03846153846155,581.9038461538462
566,294.2291666666667,130.02083333333334,288.5,224.85416666666666,128.97916666666666,219.3125,474.8541666666667,297.6041666666667,136.58333333333334,496.125
567,319.3809523809524,138.78571428571428,261.04761904761904,245.02380952380952,119.14285714285714,193.64285714285714,409.5238095238095,213.42857142857142,134.4047619047619,431.73809523809524
568,279.1666666666667,130.02777777777777,269.75,241.83333333333334,109.41666666666667,184.88888888888889,343.47222222222223,175.77777777777777,133.16666666666666,376.4166666666667
569,271.64516129032256,128.61290322580646,241.1290322580645,224.8709677419355,103.87096774193549,177.8709677419355,243.0,157.4516129032258,134.0,336.38709677419354
570,262.32,115.92,246.92,225.68,99.12,175.52,185.92,123.52,130.08,344.24
571,202.31578947368422,108.78947368421052,225.31578947368422,246.3684210526316,92.15789473684211,175.21052631578948,181.6315789473684,100.21052631578948,119.10526315789474,278.3157894736842
572,187.3846153846154,91.23076923076923,187.46153846153845,206.53846153846155,82.6923076923077,174.6153846153846,178.07692307692307,94.3076923076923,121.92307692307692,227.15384615384616
573,147.3,98.3,141.8,154.0,80.0,161.3,174.6,94.0,122.9,267.7
574,141.71428571428572,90.28571428571429,141.28571428571428,126.28571428571429,77.85714285714286,166.57142857142858,151.14285714285714,95.28571428571429,125.0,197.28571428571428
575,86.25,91.5,119.5,114.25,79.75,174.75,148.5,93.5,119.75,193.0
576,89.0,78.0,112.0,144.0,91.0,138.0,191.0,83.0,114.0,195.0
